--
-- PostgreSQL database dump
--

-- Dumped from database version 12.2 (Ubuntu 12.2-4)
-- Dumped by pg_dump version 12.2 (Ubuntu 12.2-4)

SET statement_timeout = 0;
SET lock_timeout = 0;
SET idle_in_transaction_session_timeout = 0;
SET client_encoding = 'UTF8';
SET standard_conforming_strings = on;
SELECT pg_catalog.set_config('search_path', '', false);
SET check_function_bodies = false;
SET xmloption = content;
SET client_min_messages = warning;
SET row_security = off;

SET default_tablespace = '';

SET default_table_access_method = heap;

--
-- Name: auth_group; Type: TABLE; Schema: public; Owner: mrp
--

CREATE TABLE public.auth_group (
    id integer NOT NULL,
    name character varying(80) NOT NULL
);


ALTER TABLE public.auth_group OWNER TO mrp;

--
-- Name: auth_group_id_seq; Type: SEQUENCE; Schema: public; Owner: mrp
--

CREATE SEQUENCE public.auth_group_id_seq
    AS integer
    START WITH 1
    INCREMENT BY 1
    NO MINVALUE
    NO MAXVALUE
    CACHE 1;


ALTER TABLE public.auth_group_id_seq OWNER TO mrp;

--
-- Name: auth_group_id_seq; Type: SEQUENCE OWNED BY; Schema: public; Owner: mrp
--

ALTER SEQUENCE public.auth_group_id_seq OWNED BY public.auth_group.id;


--
-- Name: auth_group_permissions; Type: TABLE; Schema: public; Owner: mrp
--

CREATE TABLE public.auth_group_permissions (
    id integer NOT NULL,
    group_id integer NOT NULL,
    permission_id integer NOT NULL
);


ALTER TABLE public.auth_group_permissions OWNER TO mrp;

--
-- Name: auth_group_permissions_id_seq; Type: SEQUENCE; Schema: public; Owner: mrp
--

CREATE SEQUENCE public.auth_group_permissions_id_seq
    AS integer
    START WITH 1
    INCREMENT BY 1
    NO MINVALUE
    NO MAXVALUE
    CACHE 1;


ALTER TABLE public.auth_group_permissions_id_seq OWNER TO mrp;

--
-- Name: auth_group_permissions_id_seq; Type: SEQUENCE OWNED BY; Schema: public; Owner: mrp
--

ALTER SEQUENCE public.auth_group_permissions_id_seq OWNED BY public.auth_group_permissions.id;


--
-- Name: auth_permission; Type: TABLE; Schema: public; Owner: mrp
--

CREATE TABLE public.auth_permission (
    id integer NOT NULL,
    name character varying(255) NOT NULL,
    content_type_id integer NOT NULL,
    codename character varying(100) NOT NULL
);


ALTER TABLE public.auth_permission OWNER TO mrp;

--
-- Name: auth_permission_id_seq; Type: SEQUENCE; Schema: public; Owner: mrp
--

CREATE SEQUENCE public.auth_permission_id_seq
    AS integer
    START WITH 1
    INCREMENT BY 1
    NO MINVALUE
    NO MAXVALUE
    CACHE 1;


ALTER TABLE public.auth_permission_id_seq OWNER TO mrp;

--
-- Name: auth_permission_id_seq; Type: SEQUENCE OWNED BY; Schema: public; Owner: mrp
--

ALTER SEQUENCE public.auth_permission_id_seq OWNED BY public.auth_permission.id;


--
-- Name: auth_user; Type: TABLE; Schema: public; Owner: mrp
--

CREATE TABLE public.auth_user (
    id integer NOT NULL,
    password character varying(128) NOT NULL,
    last_login timestamp with time zone,
    is_superuser boolean NOT NULL,
    username character varying(150) NOT NULL,
    first_name character varying(30) NOT NULL,
    last_name character varying(150) NOT NULL,
    email character varying(254) NOT NULL,
    is_staff boolean NOT NULL,
    is_active boolean NOT NULL,
    date_joined timestamp with time zone NOT NULL
);


ALTER TABLE public.auth_user OWNER TO mrp;

--
-- Name: auth_user_groups; Type: TABLE; Schema: public; Owner: mrp
--

CREATE TABLE public.auth_user_groups (
    id integer NOT NULL,
    user_id integer NOT NULL,
    group_id integer NOT NULL
);


ALTER TABLE public.auth_user_groups OWNER TO mrp;

--
-- Name: auth_user_groups_id_seq; Type: SEQUENCE; Schema: public; Owner: mrp
--

CREATE SEQUENCE public.auth_user_groups_id_seq
    AS integer
    START WITH 1
    INCREMENT BY 1
    NO MINVALUE
    NO MAXVALUE
    CACHE 1;


ALTER TABLE public.auth_user_groups_id_seq OWNER TO mrp;

--
-- Name: auth_user_groups_id_seq; Type: SEQUENCE OWNED BY; Schema: public; Owner: mrp
--

ALTER SEQUENCE public.auth_user_groups_id_seq OWNED BY public.auth_user_groups.id;


--
-- Name: auth_user_id_seq; Type: SEQUENCE; Schema: public; Owner: mrp
--

CREATE SEQUENCE public.auth_user_id_seq
    AS integer
    START WITH 1
    INCREMENT BY 1
    NO MINVALUE
    NO MAXVALUE
    CACHE 1;


ALTER TABLE public.auth_user_id_seq OWNER TO mrp;

--
-- Name: auth_user_id_seq; Type: SEQUENCE OWNED BY; Schema: public; Owner: mrp
--

ALTER SEQUENCE public.auth_user_id_seq OWNED BY public.auth_user.id;


--
-- Name: auth_user_user_permissions; Type: TABLE; Schema: public; Owner: mrp
--

CREATE TABLE public.auth_user_user_permissions (
    id integer NOT NULL,
    user_id integer NOT NULL,
    permission_id integer NOT NULL
);


ALTER TABLE public.auth_user_user_permissions OWNER TO mrp;

--
-- Name: auth_user_user_permissions_id_seq; Type: SEQUENCE; Schema: public; Owner: mrp
--

CREATE SEQUENCE public.auth_user_user_permissions_id_seq
    AS integer
    START WITH 1
    INCREMENT BY 1
    NO MINVALUE
    NO MAXVALUE
    CACHE 1;


ALTER TABLE public.auth_user_user_permissions_id_seq OWNER TO mrp;

--
-- Name: auth_user_user_permissions_id_seq; Type: SEQUENCE OWNED BY; Schema: public; Owner: mrp
--

ALTER SEQUENCE public.auth_user_user_permissions_id_seq OWNED BY public.auth_user_user_permissions.id;


--
-- Name: django_admin_log; Type: TABLE; Schema: public; Owner: mrp
--

CREATE TABLE public.django_admin_log (
    id integer NOT NULL,
    action_time timestamp with time zone NOT NULL,
    object_id text,
    object_repr character varying(200) NOT NULL,
    action_flag smallint NOT NULL,
    change_message text NOT NULL,
    content_type_id integer,
    user_id integer NOT NULL,
    CONSTRAINT django_admin_log_action_flag_check CHECK ((action_flag >= 0))
);


ALTER TABLE public.django_admin_log OWNER TO mrp;

--
-- Name: django_admin_log_id_seq; Type: SEQUENCE; Schema: public; Owner: mrp
--

CREATE SEQUENCE public.django_admin_log_id_seq
    AS integer
    START WITH 1
    INCREMENT BY 1
    NO MINVALUE
    NO MAXVALUE
    CACHE 1;


ALTER TABLE public.django_admin_log_id_seq OWNER TO mrp;

--
-- Name: django_admin_log_id_seq; Type: SEQUENCE OWNED BY; Schema: public; Owner: mrp
--

ALTER SEQUENCE public.django_admin_log_id_seq OWNED BY public.django_admin_log.id;


--
-- Name: django_content_type; Type: TABLE; Schema: public; Owner: mrp
--

CREATE TABLE public.django_content_type (
    id integer NOT NULL,
    app_label character varying(100) NOT NULL,
    model character varying(100) NOT NULL
);


ALTER TABLE public.django_content_type OWNER TO mrp;

--
-- Name: django_content_type_id_seq; Type: SEQUENCE; Schema: public; Owner: mrp
--

CREATE SEQUENCE public.django_content_type_id_seq
    AS integer
    START WITH 1
    INCREMENT BY 1
    NO MINVALUE
    NO MAXVALUE
    CACHE 1;


ALTER TABLE public.django_content_type_id_seq OWNER TO mrp;

--
-- Name: django_content_type_id_seq; Type: SEQUENCE OWNED BY; Schema: public; Owner: mrp
--

ALTER SEQUENCE public.django_content_type_id_seq OWNED BY public.django_content_type.id;


--
-- Name: django_migrations; Type: TABLE; Schema: public; Owner: mrp
--

CREATE TABLE public.django_migrations (
    id integer NOT NULL,
    app character varying(255) NOT NULL,
    name character varying(255) NOT NULL,
    applied timestamp with time zone NOT NULL
);


ALTER TABLE public.django_migrations OWNER TO mrp;

--
-- Name: django_migrations_id_seq; Type: SEQUENCE; Schema: public; Owner: mrp
--

CREATE SEQUENCE public.django_migrations_id_seq
    AS integer
    START WITH 1
    INCREMENT BY 1
    NO MINVALUE
    NO MAXVALUE
    CACHE 1;


ALTER TABLE public.django_migrations_id_seq OWNER TO mrp;

--
-- Name: django_migrations_id_seq; Type: SEQUENCE OWNED BY; Schema: public; Owner: mrp
--

ALTER SEQUENCE public.django_migrations_id_seq OWNED BY public.django_migrations.id;


--
-- Name: django_redirect; Type: TABLE; Schema: public; Owner: mrp
--

CREATE TABLE public.django_redirect (
    id integer NOT NULL,
    old_path character varying(200) NOT NULL,
    new_path character varying(200) NOT NULL,
    site_id integer NOT NULL
);


ALTER TABLE public.django_redirect OWNER TO mrp;

--
-- Name: django_redirect_id_seq; Type: SEQUENCE; Schema: public; Owner: mrp
--

CREATE SEQUENCE public.django_redirect_id_seq
    AS integer
    START WITH 1
    INCREMENT BY 1
    NO MINVALUE
    NO MAXVALUE
    CACHE 1;


ALTER TABLE public.django_redirect_id_seq OWNER TO mrp;

--
-- Name: django_redirect_id_seq; Type: SEQUENCE OWNED BY; Schema: public; Owner: mrp
--

ALTER SEQUENCE public.django_redirect_id_seq OWNED BY public.django_redirect.id;


--
-- Name: django_session; Type: TABLE; Schema: public; Owner: mrp
--

CREATE TABLE public.django_session (
    session_key character varying(40) NOT NULL,
    session_data text NOT NULL,
    expire_date timestamp with time zone NOT NULL
);


ALTER TABLE public.django_session OWNER TO mrp;

--
-- Name: django_site; Type: TABLE; Schema: public; Owner: mrp
--

CREATE TABLE public.django_site (
    id integer NOT NULL,
    domain character varying(100) NOT NULL,
    name character varying(50) NOT NULL
);


ALTER TABLE public.django_site OWNER TO mrp;

--
-- Name: django_site_id_seq; Type: SEQUENCE; Schema: public; Owner: mrp
--

CREATE SEQUENCE public.django_site_id_seq
    AS integer
    START WITH 1
    INCREMENT BY 1
    NO MINVALUE
    NO MAXVALUE
    CACHE 1;


ALTER TABLE public.django_site_id_seq OWNER TO mrp;

--
-- Name: django_site_id_seq; Type: SEQUENCE OWNED BY; Schema: public; Owner: mrp
--

ALTER SEQUENCE public.django_site_id_seq OWNED BY public.django_site.id;


--
-- Name: entries_todo; Type: TABLE; Schema: public; Owner: mrp
--

CREATE TABLE public.entries_todo (
    id integer NOT NULL,
    description text NOT NULL,
    user_id integer NOT NULL,
    completed boolean NOT NULL,
    priority integer NOT NULL
);


ALTER TABLE public.entries_todo OWNER TO mrp;

--
-- Name: entries_todo_id_seq; Type: SEQUENCE; Schema: public; Owner: mrp
--

CREATE SEQUENCE public.entries_todo_id_seq
    AS integer
    START WITH 1
    INCREMENT BY 1
    NO MINVALUE
    NO MAXVALUE
    CACHE 1;


ALTER TABLE public.entries_todo_id_seq OWNER TO mrp;

--
-- Name: entries_todo_id_seq; Type: SEQUENCE OWNED BY; Schema: public; Owner: mrp
--

ALTER SEQUENCE public.entries_todo_id_seq OWNED BY public.entries_todo.id;


--
-- Name: manager_profile; Type: TABLE; Schema: public; Owner: mrp
--

CREATE TABLE public.manager_profile (
    id integer NOT NULL,
    ssn character varying(4) NOT NULL,
    title character varying(20) NOT NULL,
    user_id integer NOT NULL,
    payroll boolean NOT NULL
);


ALTER TABLE public.manager_profile OWNER TO mrp;

--
-- Name: manager_profile_id_seq; Type: SEQUENCE; Schema: public; Owner: mrp
--

CREATE SEQUENCE public.manager_profile_id_seq
    AS integer
    START WITH 1
    INCREMENT BY 1
    NO MINVALUE
    NO MAXVALUE
    CACHE 1;


ALTER TABLE public.manager_profile_id_seq OWNER TO mrp;

--
-- Name: manager_profile_id_seq; Type: SEQUENCE OWNED BY; Schema: public; Owner: mrp
--

ALTER SEQUENCE public.manager_profile_id_seq OWNED BY public.manager_profile.id;


--
-- Name: mrp_system_partamount; Type: TABLE; Schema: public; Owner: mrp
--

CREATE TABLE public.mrp_system_partamount (
    id integer NOT NULL,
    part_id integer NOT NULL,
    product_id integer NOT NULL,
    amount integer
);


ALTER TABLE public.mrp_system_partamount OWNER TO mrp;

--
-- Name: mrp_system_billofmaterials_id_seq; Type: SEQUENCE; Schema: public; Owner: mrp
--

CREATE SEQUENCE public.mrp_system_billofmaterials_id_seq
    AS integer
    START WITH 1
    INCREMENT BY 1
    NO MINVALUE
    NO MAXVALUE
    CACHE 1;


ALTER TABLE public.mrp_system_billofmaterials_id_seq OWNER TO mrp;

--
-- Name: mrp_system_billofmaterials_id_seq; Type: SEQUENCE OWNED BY; Schema: public; Owner: mrp
--

ALTER SEQUENCE public.mrp_system_billofmaterials_id_seq OWNED BY public.mrp_system_partamount.id;


--
-- Name: mrp_system_manufacturingorder; Type: TABLE; Schema: public; Owner: mrp
--

CREATE TABLE public.mrp_system_manufacturingorder (
    id integer NOT NULL,
    date_created timestamp with time zone NOT NULL,
    number character varying(50) NOT NULL
);


ALTER TABLE public.mrp_system_manufacturingorder OWNER TO mrp;

--
-- Name: mrp_system_billofmaterials_id_seq1; Type: SEQUENCE; Schema: public; Owner: mrp
--

CREATE SEQUENCE public.mrp_system_billofmaterials_id_seq1
    AS integer
    START WITH 1
    INCREMENT BY 1
    NO MINVALUE
    NO MAXVALUE
    CACHE 1;


ALTER TABLE public.mrp_system_billofmaterials_id_seq1 OWNER TO mrp;

--
-- Name: mrp_system_billofmaterials_id_seq1; Type: SEQUENCE OWNED BY; Schema: public; Owner: mrp
--

ALTER SEQUENCE public.mrp_system_billofmaterials_id_seq1 OWNED BY public.mrp_system_manufacturingorder.id;


--
-- Name: mrp_system_digikeyapi; Type: TABLE; Schema: public; Owner: mrp
--

CREATE TABLE public.mrp_system_digikeyapi (
    id integer NOT NULL,
    refresh_token character varying(150) NOT NULL,
    name character varying(100) NOT NULL,
    access_token character varying(150) NOT NULL
);


ALTER TABLE public.mrp_system_digikeyapi OWNER TO mrp;

--
-- Name: mrp_system_digikeyapi_id_seq; Type: SEQUENCE; Schema: public; Owner: mrp
--

CREATE SEQUENCE public.mrp_system_digikeyapi_id_seq
    AS integer
    START WITH 1
    INCREMENT BY 1
    NO MINVALUE
    NO MAXVALUE
    CACHE 1;


ALTER TABLE public.mrp_system_digikeyapi_id_seq OWNER TO mrp;

--
-- Name: mrp_system_digikeyapi_id_seq; Type: SEQUENCE OWNED BY; Schema: public; Owner: mrp
--

ALTER SEQUENCE public.mrp_system_digikeyapi_id_seq OWNED BY public.mrp_system_digikeyapi.id;


--
-- Name: mrp_system_field; Type: TABLE; Schema: public; Owner: mrp
--

CREATE TABLE public.mrp_system_field (
    id integer NOT NULL,
    fields character varying(50) NOT NULL,
    name character varying(50) NOT NULL,
    "typePart_id" integer
);


ALTER TABLE public.mrp_system_field OWNER TO mrp;

--
-- Name: mrp_system_field_id_seq; Type: SEQUENCE; Schema: public; Owner: mrp
--

CREATE SEQUENCE public.mrp_system_field_id_seq
    AS integer
    START WITH 1
    INCREMENT BY 1
    NO MINVALUE
    NO MAXVALUE
    CACHE 1;


ALTER TABLE public.mrp_system_field_id_seq OWNER TO mrp;

--
-- Name: mrp_system_field_id_seq; Type: SEQUENCE OWNED BY; Schema: public; Owner: mrp
--

ALTER SEQUENCE public.mrp_system_field_id_seq OWNED BY public.mrp_system_field.id;


--
-- Name: mrp_system_location; Type: TABLE; Schema: public; Owner: mrp
--

CREATE TABLE public.mrp_system_location (
    id integer NOT NULL,
    name character varying(100) NOT NULL
);


ALTER TABLE public.mrp_system_location OWNER TO mrp;

--
-- Name: mrp_system_mrpsystem; Type: TABLE; Schema: public; Owner: mrp
--

CREATE TABLE public.mrp_system_mrpsystem (
    id integer NOT NULL,
    name character varying(100) NOT NULL
);


ALTER TABLE public.mrp_system_mrpsystem OWNER TO mrp;

--
-- Name: mrp_system_location1_id_seq; Type: SEQUENCE; Schema: public; Owner: mrp
--

CREATE SEQUENCE public.mrp_system_location1_id_seq
    AS integer
    START WITH 1
    INCREMENT BY 1
    NO MINVALUE
    NO MAXVALUE
    CACHE 1;


ALTER TABLE public.mrp_system_location1_id_seq OWNER TO mrp;

--
-- Name: mrp_system_location1_id_seq; Type: SEQUENCE OWNED BY; Schema: public; Owner: mrp
--

ALTER SEQUENCE public.mrp_system_location1_id_seq OWNED BY public.mrp_system_mrpsystem.id;


--
-- Name: mrp_system_location_id_seq; Type: SEQUENCE; Schema: public; Owner: mrp
--

CREATE SEQUENCE public.mrp_system_location_id_seq
    AS integer
    START WITH 1
    INCREMENT BY 1
    NO MINVALUE
    NO MAXVALUE
    CACHE 1;


ALTER TABLE public.mrp_system_location_id_seq OWNER TO mrp;

--
-- Name: mrp_system_location_id_seq; Type: SEQUENCE OWNED BY; Schema: public; Owner: mrp
--

ALTER SEQUENCE public.mrp_system_location_id_seq OWNED BY public.mrp_system_location.id;


--
-- Name: mrp_system_locationrelationship; Type: TABLE; Schema: public; Owner: mrp
--

CREATE TABLE public.mrp_system_locationrelationship (
    id integer NOT NULL,
    location_id integer NOT NULL,
    part_id integer NOT NULL,
    stock integer
);


ALTER TABLE public.mrp_system_locationrelationship OWNER TO mrp;

--
-- Name: mrp_system_locationrelationship_id_seq; Type: SEQUENCE; Schema: public; Owner: mrp
--

CREATE SEQUENCE public.mrp_system_locationrelationship_id_seq
    AS integer
    START WITH 1
    INCREMENT BY 1
    NO MINVALUE
    NO MAXVALUE
    CACHE 1;


ALTER TABLE public.mrp_system_locationrelationship_id_seq OWNER TO mrp;

--
-- Name: mrp_system_locationrelationship_id_seq; Type: SEQUENCE OWNED BY; Schema: public; Owner: mrp
--

ALTER SEQUENCE public.mrp_system_locationrelationship_id_seq OWNED BY public.mrp_system_locationrelationship.id;


--
-- Name: mrp_system_vendor; Type: TABLE; Schema: public; Owner: mrp
--

CREATE TABLE public.mrp_system_vendor (
    id integer NOT NULL,
    name character varying(128) NOT NULL,
    address character varying(300) NOT NULL,
    phone character varying(10) NOT NULL,
    vendor_type character varying(12) NOT NULL,
    web_address character varying(300) NOT NULL
);


ALTER TABLE public.mrp_system_vendor OWNER TO mrp;

--
-- Name: mrp_system_manufacturer_id_seq; Type: SEQUENCE; Schema: public; Owner: mrp
--

CREATE SEQUENCE public.mrp_system_manufacturer_id_seq
    AS integer
    START WITH 1
    INCREMENT BY 1
    NO MINVALUE
    NO MAXVALUE
    CACHE 1;


ALTER TABLE public.mrp_system_manufacturer_id_seq OWNER TO mrp;

--
-- Name: mrp_system_manufacturer_id_seq; Type: SEQUENCE OWNED BY; Schema: public; Owner: mrp
--

ALTER SEQUENCE public.mrp_system_manufacturer_id_seq OWNED BY public.mrp_system_vendor.id;


--
-- Name: mrp_system_manufacturerrelationship; Type: TABLE; Schema: public; Owner: mrp
--

CREATE TABLE public.mrp_system_manufacturerrelationship (
    id integer NOT NULL,
    "partNumber" character varying(40) NOT NULL,
    manufacturer_id integer NOT NULL,
    part_id integer NOT NULL
);


ALTER TABLE public.mrp_system_manufacturerrelationship OWNER TO mrp;

--
-- Name: mrp_system_manufacturerrelationship_id_seq; Type: SEQUENCE; Schema: public; Owner: mrp
--

CREATE SEQUENCE public.mrp_system_manufacturerrelationship_id_seq
    AS integer
    START WITH 1
    INCREMENT BY 1
    NO MINVALUE
    NO MAXVALUE
    CACHE 1;


ALTER TABLE public.mrp_system_manufacturerrelationship_id_seq OWNER TO mrp;

--
-- Name: mrp_system_manufacturerrelationship_id_seq; Type: SEQUENCE OWNED BY; Schema: public; Owner: mrp
--

ALTER SEQUENCE public.mrp_system_manufacturerrelationship_id_seq OWNED BY public.mrp_system_manufacturerrelationship.id;


--
-- Name: mrp_system_moproduct; Type: TABLE; Schema: public; Owner: mrp
--

CREATE TABLE public.mrp_system_moproduct (
    id integer NOT NULL,
    amount integer,
    manufacturing_order_id integer NOT NULL,
    product_id integer NOT NULL
);


ALTER TABLE public.mrp_system_moproduct OWNER TO mrp;

--
-- Name: mrp_system_moproduct_id_seq; Type: SEQUENCE; Schema: public; Owner: mrp
--

CREATE SEQUENCE public.mrp_system_moproduct_id_seq
    AS integer
    START WITH 1
    INCREMENT BY 1
    NO MINVALUE
    NO MAXVALUE
    CACHE 1;


ALTER TABLE public.mrp_system_moproduct_id_seq OWNER TO mrp;

--
-- Name: mrp_system_moproduct_id_seq; Type: SEQUENCE OWNED BY; Schema: public; Owner: mrp
--

ALTER SEQUENCE public.mrp_system_moproduct_id_seq OWNED BY public.mrp_system_moproduct.id;


--
-- Name: mrp_system_part; Type: TABLE; Schema: public; Owner: mrp
--

CREATE TABLE public.mrp_system_part (
    id integer NOT NULL,
    description character varying(300) NOT NULL,
    char1 character varying(100) NOT NULL,
    char2 character varying(100) NOT NULL,
    "partType_id" integer NOT NULL,
    datasheet character varying(100) NOT NULL,
    "engimusingPartNumber" character varying(30) NOT NULL,
    char3 character varying(100) NOT NULL,
    char4 character varying(100) NOT NULL,
    char5 character varying(100) NOT NULL,
    char6 character varying(100) NOT NULL,
    char7 character varying(100) NOT NULL,
    char8 character varying(100) NOT NULL,
    char9 character varying(100) NOT NULL,
    char10 character varying(100) NOT NULL,
    char11 character varying(100) NOT NULL,
    char12 character varying(100) NOT NULL,
    char13 character varying(100) NOT NULL,
    char14 character varying(100) NOT NULL,
    char15 character varying(100) NOT NULL,
    char16 character varying(100) NOT NULL,
    char17 character varying(100) NOT NULL,
    char18 character varying(100) NOT NULL,
    char19 character varying(100) NOT NULL,
    char20 character varying(100) NOT NULL,
    char21 character varying(100) NOT NULL,
    char22 character varying(100) NOT NULL,
    char23 character varying(100) NOT NULL,
    char24 character varying(100) NOT NULL,
    char25 character varying(100) NOT NULL,
    char26 character varying(100) NOT NULL,
    char27 character varying(100) NOT NULL,
    char28 character varying(100) NOT NULL,
    char29 character varying(100) NOT NULL,
    char30 character varying(100) NOT NULL,
    char31 character varying(100) NOT NULL,
    char32 character varying(100) NOT NULL,
    char33 character varying(100) NOT NULL,
    char34 character varying(100) NOT NULL,
    char35 character varying(100) NOT NULL
);


ALTER TABLE public.mrp_system_part OWNER TO mrp;

--
-- Name: mrp_system_part_id_seq; Type: SEQUENCE; Schema: public; Owner: mrp
--

CREATE SEQUENCE public.mrp_system_part_id_seq
    AS integer
    START WITH 1
    INCREMENT BY 1
    NO MINVALUE
    NO MAXVALUE
    CACHE 1;


ALTER TABLE public.mrp_system_part_id_seq OWNER TO mrp;

--
-- Name: mrp_system_part_id_seq; Type: SEQUENCE OWNED BY; Schema: public; Owner: mrp
--

ALTER SEQUENCE public.mrp_system_part_id_seq OWNED BY public.mrp_system_part.id;


--
-- Name: mrp_system_product; Type: TABLE; Schema: public; Owner: mrp
--

CREATE TABLE public.mrp_system_product (
    id integer NOT NULL,
    description character varying(100) NOT NULL,
    url character varying(500) NOT NULL,
    engimusing_product_number character varying(50) NOT NULL
);


ALTER TABLE public.mrp_system_product OWNER TO mrp;

--
-- Name: mrp_system_product_id_seq; Type: SEQUENCE; Schema: public; Owner: mrp
--

CREATE SEQUENCE public.mrp_system_product_id_seq
    AS integer
    START WITH 1
    INCREMENT BY 1
    NO MINVALUE
    NO MAXVALUE
    CACHE 1;


ALTER TABLE public.mrp_system_product_id_seq OWNER TO mrp;

--
-- Name: mrp_system_product_id_seq; Type: SEQUENCE OWNED BY; Schema: public; Owner: mrp
--

ALTER SEQUENCE public.mrp_system_product_id_seq OWNED BY public.mrp_system_product.id;


--
-- Name: mrp_system_productamount; Type: TABLE; Schema: public; Owner: mrp
--

CREATE TABLE public.mrp_system_productamount (
    id integer NOT NULL,
    amount integer,
    from_product_id integer NOT NULL,
    to_product_id integer NOT NULL
);


ALTER TABLE public.mrp_system_productamount OWNER TO mrp;

--
-- Name: mrp_system_productamount_id_seq; Type: SEQUENCE; Schema: public; Owner: mrp
--

CREATE SEQUENCE public.mrp_system_productamount_id_seq
    AS integer
    START WITH 1
    INCREMENT BY 1
    NO MINVALUE
    NO MAXVALUE
    CACHE 1;


ALTER TABLE public.mrp_system_productamount_id_seq OWNER TO mrp;

--
-- Name: mrp_system_productamount_id_seq; Type: SEQUENCE OWNED BY; Schema: public; Owner: mrp
--

ALTER SEQUENCE public.mrp_system_productamount_id_seq OWNED BY public.mrp_system_productamount.id;


--
-- Name: mrp_system_productlocation; Type: TABLE; Schema: public; Owner: mrp
--

CREATE TABLE public.mrp_system_productlocation (
    id integer NOT NULL,
    stock integer,
    location_id integer NOT NULL,
    product_id integer NOT NULL
);


ALTER TABLE public.mrp_system_productlocation OWNER TO mrp;

--
-- Name: mrp_system_productlocation_id_seq; Type: SEQUENCE; Schema: public; Owner: mrp
--

CREATE SEQUENCE public.mrp_system_productlocation_id_seq
    AS integer
    START WITH 1
    INCREMENT BY 1
    NO MINVALUE
    NO MAXVALUE
    CACHE 1;


ALTER TABLE public.mrp_system_productlocation_id_seq OWNER TO mrp;

--
-- Name: mrp_system_productlocation_id_seq; Type: SEQUENCE OWNED BY; Schema: public; Owner: mrp
--

ALTER SEQUENCE public.mrp_system_productlocation_id_seq OWNED BY public.mrp_system_productlocation.id;


--
-- Name: mrp_system_purchaseorder; Type: TABLE; Schema: public; Owner: mrp
--

CREATE TABLE public.mrp_system_purchaseorder (
    id integer NOT NULL,
    number character varying(20) NOT NULL,
    vendor_id integer
);


ALTER TABLE public.mrp_system_purchaseorder OWNER TO mrp;

--
-- Name: mrp_system_purchaseorder_id_seq; Type: SEQUENCE; Schema: public; Owner: mrp
--

CREATE SEQUENCE public.mrp_system_purchaseorder_id_seq
    AS integer
    START WITH 1
    INCREMENT BY 1
    NO MINVALUE
    NO MAXVALUE
    CACHE 1;


ALTER TABLE public.mrp_system_purchaseorder_id_seq OWNER TO mrp;

--
-- Name: mrp_system_purchaseorder_id_seq; Type: SEQUENCE OWNED BY; Schema: public; Owner: mrp
--

ALTER SEQUENCE public.mrp_system_purchaseorder_id_seq OWNED BY public.mrp_system_purchaseorder.id;


--
-- Name: mrp_system_purchaseorderparts; Type: TABLE; Schema: public; Owner: mrp
--

CREATE TABLE public.mrp_system_purchaseorderparts (
    id integer NOT NULL,
    unit_price numeric(6,2),
    quantity integer,
    part_id integer NOT NULL,
    purchase_order_id integer NOT NULL,
    item_number integer NOT NULL,
    total numeric(6,2)
);


ALTER TABLE public.mrp_system_purchaseorderparts OWNER TO mrp;

--
-- Name: mrp_system_purchaseorderparts_id_seq; Type: SEQUENCE; Schema: public; Owner: mrp
--

CREATE SEQUENCE public.mrp_system_purchaseorderparts_id_seq
    AS integer
    START WITH 1
    INCREMENT BY 1
    NO MINVALUE
    NO MAXVALUE
    CACHE 1;


ALTER TABLE public.mrp_system_purchaseorderparts_id_seq OWNER TO mrp;

--
-- Name: mrp_system_purchaseorderparts_id_seq; Type: SEQUENCE OWNED BY; Schema: public; Owner: mrp
--

ALTER SEQUENCE public.mrp_system_purchaseorderparts_id_seq OWNED BY public.mrp_system_purchaseorderparts.id;


--
-- Name: mrp_system_type; Type: TABLE; Schema: public; Owner: mrp
--

CREATE TABLE public.mrp_system_type (
    id integer NOT NULL,
    name character varying(100) NOT NULL,
    prefix character varying(4) NOT NULL
);


ALTER TABLE public.mrp_system_type OWNER TO mrp;

--
-- Name: mrp_system_type_id_seq; Type: SEQUENCE; Schema: public; Owner: mrp
--

CREATE SEQUENCE public.mrp_system_type_id_seq
    AS integer
    START WITH 1
    INCREMENT BY 1
    NO MINVALUE
    NO MAXVALUE
    CACHE 1;


ALTER TABLE public.mrp_system_type_id_seq OWNER TO mrp;

--
-- Name: mrp_system_type_id_seq; Type: SEQUENCE OWNED BY; Schema: public; Owner: mrp
--

ALTER SEQUENCE public.mrp_system_type_id_seq OWNED BY public.mrp_system_type.id;


--
-- Name: timepiece_entry; Type: TABLE; Schema: public; Owner: mrp
--

CREATE TABLE public.timepiece_entry (
    id integer NOT NULL,
    start_time timestamp with time zone NOT NULL,
    end_time timestamp with time zone,
    activities character varying(350) NOT NULL,
    date_updated timestamp with time zone NOT NULL,
    hours numeric(11,5) NOT NULL,
    project_id integer NOT NULL,
    user_id integer NOT NULL,
    "end" time without time zone
);


ALTER TABLE public.timepiece_entry OWNER TO mrp;

--
-- Name: timepiece_entry_id_seq; Type: SEQUENCE; Schema: public; Owner: mrp
--

CREATE SEQUENCE public.timepiece_entry_id_seq
    AS integer
    START WITH 1
    INCREMENT BY 1
    NO MINVALUE
    NO MAXVALUE
    CACHE 1;


ALTER TABLE public.timepiece_entry_id_seq OWNER TO mrp;

--
-- Name: timepiece_entry_id_seq; Type: SEQUENCE OWNED BY; Schema: public; Owner: mrp
--

ALTER SEQUENCE public.timepiece_entry_id_seq OWNED BY public.timepiece_entry.id;


--
-- Name: timepiece_project; Type: TABLE; Schema: public; Owner: mrp
--

CREATE TABLE public.timepiece_project (
    id integer NOT NULL,
    name character varying(255) NOT NULL,
    inactive boolean NOT NULL
);


ALTER TABLE public.timepiece_project OWNER TO mrp;

--
-- Name: timepiece_project_id_seq; Type: SEQUENCE; Schema: public; Owner: mrp
--

CREATE SEQUENCE public.timepiece_project_id_seq
    AS integer
    START WITH 1
    INCREMENT BY 1
    NO MINVALUE
    NO MAXVALUE
    CACHE 1;


ALTER TABLE public.timepiece_project_id_seq OWNER TO mrp;

--
-- Name: timepiece_project_id_seq; Type: SEQUENCE OWNED BY; Schema: public; Owner: mrp
--

ALTER SEQUENCE public.timepiece_project_id_seq OWNED BY public.timepiece_project.id;


--
-- Name: timepiece_projecthours; Type: TABLE; Schema: public; Owner: mrp
--

CREATE TABLE public.timepiece_projecthours (
    id integer NOT NULL,
    week_start date NOT NULL,
    hours numeric(11,5) NOT NULL,
    published boolean NOT NULL,
    project_id integer NOT NULL,
    user_id integer NOT NULL
);


ALTER TABLE public.timepiece_projecthours OWNER TO mrp;

--
-- Name: timepiece_projecthours_id_seq; Type: SEQUENCE; Schema: public; Owner: mrp
--

CREATE SEQUENCE public.timepiece_projecthours_id_seq
    AS integer
    START WITH 1
    INCREMENT BY 1
    NO MINVALUE
    NO MAXVALUE
    CACHE 1;


ALTER TABLE public.timepiece_projecthours_id_seq OWNER TO mrp;

--
-- Name: timepiece_projecthours_id_seq; Type: SEQUENCE OWNED BY; Schema: public; Owner: mrp
--

ALTER SEQUENCE public.timepiece_projecthours_id_seq OWNED BY public.timepiece_projecthours.id;


--
-- Name: timepiece_projectrelationship; Type: TABLE; Schema: public; Owner: mrp
--

CREATE TABLE public.timepiece_projectrelationship (
    id integer NOT NULL,
    project_id integer NOT NULL,
    user_id integer NOT NULL
);


ALTER TABLE public.timepiece_projectrelationship OWNER TO mrp;

--
-- Name: timepiece_projectrelationship_id_seq; Type: SEQUENCE; Schema: public; Owner: mrp
--

CREATE SEQUENCE public.timepiece_projectrelationship_id_seq
    AS integer
    START WITH 1
    INCREMENT BY 1
    NO MINVALUE
    NO MAXVALUE
    CACHE 1;


ALTER TABLE public.timepiece_projectrelationship_id_seq OWNER TO mrp;

--
-- Name: timepiece_projectrelationship_id_seq; Type: SEQUENCE OWNED BY; Schema: public; Owner: mrp
--

ALTER SEQUENCE public.timepiece_projectrelationship_id_seq OWNED BY public.timepiece_projectrelationship.id;


--
-- Name: auth_group id; Type: DEFAULT; Schema: public; Owner: mrp
--

ALTER TABLE ONLY public.auth_group ALTER COLUMN id SET DEFAULT nextval('public.auth_group_id_seq'::regclass);


--
-- Name: auth_group_permissions id; Type: DEFAULT; Schema: public; Owner: mrp
--

ALTER TABLE ONLY public.auth_group_permissions ALTER COLUMN id SET DEFAULT nextval('public.auth_group_permissions_id_seq'::regclass);


--
-- Name: auth_permission id; Type: DEFAULT; Schema: public; Owner: mrp
--

ALTER TABLE ONLY public.auth_permission ALTER COLUMN id SET DEFAULT nextval('public.auth_permission_id_seq'::regclass);


--
-- Name: auth_user id; Type: DEFAULT; Schema: public; Owner: mrp
--

ALTER TABLE ONLY public.auth_user ALTER COLUMN id SET DEFAULT nextval('public.auth_user_id_seq'::regclass);


--
-- Name: auth_user_groups id; Type: DEFAULT; Schema: public; Owner: mrp
--

ALTER TABLE ONLY public.auth_user_groups ALTER COLUMN id SET DEFAULT nextval('public.auth_user_groups_id_seq'::regclass);


--
-- Name: auth_user_user_permissions id; Type: DEFAULT; Schema: public; Owner: mrp
--

ALTER TABLE ONLY public.auth_user_user_permissions ALTER COLUMN id SET DEFAULT nextval('public.auth_user_user_permissions_id_seq'::regclass);


--
-- Name: django_admin_log id; Type: DEFAULT; Schema: public; Owner: mrp
--

ALTER TABLE ONLY public.django_admin_log ALTER COLUMN id SET DEFAULT nextval('public.django_admin_log_id_seq'::regclass);


--
-- Name: django_content_type id; Type: DEFAULT; Schema: public; Owner: mrp
--

ALTER TABLE ONLY public.django_content_type ALTER COLUMN id SET DEFAULT nextval('public.django_content_type_id_seq'::regclass);


--
-- Name: django_migrations id; Type: DEFAULT; Schema: public; Owner: mrp
--

ALTER TABLE ONLY public.django_migrations ALTER COLUMN id SET DEFAULT nextval('public.django_migrations_id_seq'::regclass);


--
-- Name: django_redirect id; Type: DEFAULT; Schema: public; Owner: mrp
--

ALTER TABLE ONLY public.django_redirect ALTER COLUMN id SET DEFAULT nextval('public.django_redirect_id_seq'::regclass);


--
-- Name: django_site id; Type: DEFAULT; Schema: public; Owner: mrp
--

ALTER TABLE ONLY public.django_site ALTER COLUMN id SET DEFAULT nextval('public.django_site_id_seq'::regclass);


--
-- Name: entries_todo id; Type: DEFAULT; Schema: public; Owner: mrp
--

ALTER TABLE ONLY public.entries_todo ALTER COLUMN id SET DEFAULT nextval('public.entries_todo_id_seq'::regclass);


--
-- Name: manager_profile id; Type: DEFAULT; Schema: public; Owner: mrp
--

ALTER TABLE ONLY public.manager_profile ALTER COLUMN id SET DEFAULT nextval('public.manager_profile_id_seq'::regclass);


--
-- Name: mrp_system_digikeyapi id; Type: DEFAULT; Schema: public; Owner: mrp
--

ALTER TABLE ONLY public.mrp_system_digikeyapi ALTER COLUMN id SET DEFAULT nextval('public.mrp_system_digikeyapi_id_seq'::regclass);


--
-- Name: mrp_system_field id; Type: DEFAULT; Schema: public; Owner: mrp
--

ALTER TABLE ONLY public.mrp_system_field ALTER COLUMN id SET DEFAULT nextval('public.mrp_system_field_id_seq'::regclass);


--
-- Name: mrp_system_location id; Type: DEFAULT; Schema: public; Owner: mrp
--

ALTER TABLE ONLY public.mrp_system_location ALTER COLUMN id SET DEFAULT nextval('public.mrp_system_location_id_seq'::regclass);


--
-- Name: mrp_system_locationrelationship id; Type: DEFAULT; Schema: public; Owner: mrp
--

ALTER TABLE ONLY public.mrp_system_locationrelationship ALTER COLUMN id SET DEFAULT nextval('public.mrp_system_locationrelationship_id_seq'::regclass);


--
-- Name: mrp_system_manufacturerrelationship id; Type: DEFAULT; Schema: public; Owner: mrp
--

ALTER TABLE ONLY public.mrp_system_manufacturerrelationship ALTER COLUMN id SET DEFAULT nextval('public.mrp_system_manufacturerrelationship_id_seq'::regclass);


--
-- Name: mrp_system_manufacturingorder id; Type: DEFAULT; Schema: public; Owner: mrp
--

ALTER TABLE ONLY public.mrp_system_manufacturingorder ALTER COLUMN id SET DEFAULT nextval('public.mrp_system_billofmaterials_id_seq1'::regclass);


--
-- Name: mrp_system_moproduct id; Type: DEFAULT; Schema: public; Owner: mrp
--

ALTER TABLE ONLY public.mrp_system_moproduct ALTER COLUMN id SET DEFAULT nextval('public.mrp_system_moproduct_id_seq'::regclass);


--
-- Name: mrp_system_mrpsystem id; Type: DEFAULT; Schema: public; Owner: mrp
--

ALTER TABLE ONLY public.mrp_system_mrpsystem ALTER COLUMN id SET DEFAULT nextval('public.mrp_system_location1_id_seq'::regclass);


--
-- Name: mrp_system_part id; Type: DEFAULT; Schema: public; Owner: mrp
--

ALTER TABLE ONLY public.mrp_system_part ALTER COLUMN id SET DEFAULT nextval('public.mrp_system_part_id_seq'::regclass);


--
-- Name: mrp_system_partamount id; Type: DEFAULT; Schema: public; Owner: mrp
--

ALTER TABLE ONLY public.mrp_system_partamount ALTER COLUMN id SET DEFAULT nextval('public.mrp_system_billofmaterials_id_seq'::regclass);


--
-- Name: mrp_system_product id; Type: DEFAULT; Schema: public; Owner: mrp
--

ALTER TABLE ONLY public.mrp_system_product ALTER COLUMN id SET DEFAULT nextval('public.mrp_system_product_id_seq'::regclass);


--
-- Name: mrp_system_productamount id; Type: DEFAULT; Schema: public; Owner: mrp
--

ALTER TABLE ONLY public.mrp_system_productamount ALTER COLUMN id SET DEFAULT nextval('public.mrp_system_productamount_id_seq'::regclass);


--
-- Name: mrp_system_productlocation id; Type: DEFAULT; Schema: public; Owner: mrp
--

ALTER TABLE ONLY public.mrp_system_productlocation ALTER COLUMN id SET DEFAULT nextval('public.mrp_system_productlocation_id_seq'::regclass);


--
-- Name: mrp_system_purchaseorder id; Type: DEFAULT; Schema: public; Owner: mrp
--

ALTER TABLE ONLY public.mrp_system_purchaseorder ALTER COLUMN id SET DEFAULT nextval('public.mrp_system_purchaseorder_id_seq'::regclass);


--
-- Name: mrp_system_purchaseorderparts id; Type: DEFAULT; Schema: public; Owner: mrp
--

ALTER TABLE ONLY public.mrp_system_purchaseorderparts ALTER COLUMN id SET DEFAULT nextval('public.mrp_system_purchaseorderparts_id_seq'::regclass);


--
-- Name: mrp_system_type id; Type: DEFAULT; Schema: public; Owner: mrp
--

ALTER TABLE ONLY public.mrp_system_type ALTER COLUMN id SET DEFAULT nextval('public.mrp_system_type_id_seq'::regclass);


--
-- Name: mrp_system_vendor id; Type: DEFAULT; Schema: public; Owner: mrp
--

ALTER TABLE ONLY public.mrp_system_vendor ALTER COLUMN id SET DEFAULT nextval('public.mrp_system_manufacturer_id_seq'::regclass);


--
-- Name: timepiece_entry id; Type: DEFAULT; Schema: public; Owner: mrp
--

ALTER TABLE ONLY public.timepiece_entry ALTER COLUMN id SET DEFAULT nextval('public.timepiece_entry_id_seq'::regclass);


--
-- Name: timepiece_project id; Type: DEFAULT; Schema: public; Owner: mrp
--

ALTER TABLE ONLY public.timepiece_project ALTER COLUMN id SET DEFAULT nextval('public.timepiece_project_id_seq'::regclass);


--
-- Name: timepiece_projecthours id; Type: DEFAULT; Schema: public; Owner: mrp
--

ALTER TABLE ONLY public.timepiece_projecthours ALTER COLUMN id SET DEFAULT nextval('public.timepiece_projecthours_id_seq'::regclass);


--
-- Name: timepiece_projectrelationship id; Type: DEFAULT; Schema: public; Owner: mrp
--

ALTER TABLE ONLY public.timepiece_projectrelationship ALTER COLUMN id SET DEFAULT nextval('public.timepiece_projectrelationship_id_seq'::regclass);


--
-- Data for Name: auth_group; Type: TABLE DATA; Schema: public; Owner: mrp
--

COPY public.auth_group (id, name) FROM stdin;
\.


--
-- Data for Name: auth_group_permissions; Type: TABLE DATA; Schema: public; Owner: mrp
--

COPY public.auth_group_permissions (id, group_id, permission_id) FROM stdin;
\.


--
-- Data for Name: auth_permission; Type: TABLE DATA; Schema: public; Owner: mrp
--

COPY public.auth_permission (id, name, content_type_id, codename) FROM stdin;
1	Can add log entry	1	add_logentry
2	Can change log entry	1	change_logentry
3	Can delete log entry	1	delete_logentry
4	Can view log entry	1	view_logentry
5	Can add permission	2	add_permission
6	Can change permission	2	change_permission
7	Can delete permission	2	delete_permission
8	Can view permission	2	view_permission
9	Can add group	3	add_group
10	Can change group	3	change_group
11	Can delete group	3	delete_group
12	Can view group	3	view_group
13	Can add user	4	add_user
14	Can change user	4	change_user
15	Can delete user	4	delete_user
16	Can view user	4	view_user
17	Can add content type	5	add_contenttype
18	Can change content type	5	change_contenttype
19	Can delete content type	5	delete_contenttype
20	Can view content type	5	view_contenttype
21	Can add session	6	add_session
22	Can change session	6	change_session
23	Can delete session	6	delete_session
24	Can view session	6	view_session
25	Can add profile	7	add_profile
26	Can change profile	7	change_profile
27	Can delete profile	7	delete_profile
28	Can view profile	7	view_profile
29	Can add project	8	add_project
30	Can change project	8	change_project
31	Can delete project	8	delete_project
32	Can view project	8	view_project
33	Can add project relationship	9	add_projectrelationship
34	Can change project relationship	9	change_projectrelationship
35	Can delete project relationship	9	delete_projectrelationship
36	Can view project relationship	9	view_projectrelationship
37	Can add entry	10	add_entry
38	Can change entry	10	change_entry
39	Can delete entry	10	delete_entry
40	Can view entry	10	view_entry
41	Can use Pendulum to clock in	10	can_clock_in
42	Can use Pendulum to clock out	10	can_clock_out
43	Can add project hours entry	11	add_projecthours
44	Can change project hours entry	11	change_projecthours
45	Can delete project hours entry	11	delete_projecthours
46	Can view project hours entry	11	view_projecthours
47	Can add site	12	add_site
48	Can change site	12	change_site
49	Can delete site	12	delete_site
50	Can view site	12	view_site
51	Can add redirect	13	add_redirect
52	Can change redirect	13	change_redirect
53	Can delete redirect	13	delete_redirect
54	Can view redirect	13	view_redirect
55	Can add to do	14	add_todo
56	Can change to do	14	change_todo
57	Can delete to do	14	delete_todo
58	Can view to do	14	view_todo
59	Can add redirect	15	add_redirect
60	Can change redirect	15	change_redirect
61	Can delete redirect	15	delete_redirect
62	Can view redirect	15	view_redirect
63	Can add manufacturer	16	add_manufacturer
64	Can change manufacturer	16	change_manufacturer
65	Can delete manufacturer	16	delete_manufacturer
66	Can view manufacturer	16	view_manufacturer
67	Can add manufacturer relationship	17	add_manufacturerrelationship
68	Can change manufacturer relationship	17	change_manufacturerrelationship
69	Can delete manufacturer relationship	17	delete_manufacturerrelationship
70	Can view manufacturer relationship	17	view_manufacturerrelationship
71	Can add part	18	add_part
72	Can change part	18	change_part
73	Can delete part	18	delete_part
74	Can view part	18	view_part
75	Can add type	19	add_type
76	Can change type	19	change_type
77	Can delete type	19	delete_type
78	Can view type	19	view_type
79	Can add field	20	add_field
80	Can change field	20	change_field
81	Can delete field	20	delete_field
82	Can view field	20	view_field
83	Can add location	21	add_location
84	Can change location	21	change_location
85	Can delete location	21	delete_location
86	Can view location	21	view_location
87	Can add location relationship	22	add_locationrelationship
88	Can change location relationship	22	change_locationrelationship
89	Can delete location relationship	22	delete_locationrelationship
90	Can view location relationship	22	view_locationrelationship
91	Can add digi key api	23	add_digikeyapi
92	Can change digi key api	23	change_digikeyapi
93	Can delete digi key api	23	delete_digikeyapi
94	Can view digi key api	23	view_digikeyapi
95	Can add product	24	add_product
96	Can change product	24	change_product
97	Can delete product	24	delete_product
98	Can view product	24	view_product
99	Can add product amount	25	add_productamount
100	Can change product amount	25	change_productamount
101	Can delete product amount	25	delete_productamount
102	Can view product amount	25	view_productamount
103	Can add part amount	26	add_partamount
104	Can change part amount	26	change_partamount
105	Can delete part amount	26	delete_partamount
106	Can view part amount	26	view_partamount
107	Can add product location	27	add_productlocation
108	Can change product location	27	change_productlocation
109	Can delete product location	27	delete_productlocation
110	Can view product location	27	view_productlocation
111	Can add manufacturing order	28	add_manufacturingorder
112	Can change manufacturing order	28	change_manufacturingorder
113	Can delete manufacturing order	28	delete_manufacturingorder
114	Can view manufacturing order	28	view_manufacturingorder
115	Can add mo product	29	add_moproduct
116	Can change mo product	29	change_moproduct
117	Can delete mo product	29	delete_moproduct
118	Can view mo product	29	view_moproduct
119	Can add purchase order	30	add_purchaseorder
120	Can change purchase order	30	change_purchaseorder
121	Can delete purchase order	30	delete_purchaseorder
122	Can view purchase order	30	view_purchaseorder
123	Can add vendor	16	add_vendor
124	Can change vendor	16	change_vendor
125	Can delete vendor	16	delete_vendor
126	Can view vendor	16	view_vendor
127	Can add purchase order parts	31	add_purchaseorderparts
128	Can change purchase order parts	31	change_purchaseorderparts
129	Can delete purchase order parts	31	delete_purchaseorderparts
130	Can view purchase order parts	31	view_purchaseorderparts
\.


--
-- Data for Name: auth_user; Type: TABLE DATA; Schema: public; Owner: mrp
--

COPY public.auth_user (id, password, last_login, is_superuser, username, first_name, last_name, email, is_staff, is_active, date_joined) FROM stdin;
6	pbkdf2_sha256$120000$akKS2HPnPEqj$tZkNCVqx1mTJHnzsM+X5nEX/nU4JqAX+P0oy8JLODgs=	2019-02-02 08:42:42.882832-07	f	timg	Tim	George	timg@engimusing.com	f	t	2018-10-03 12:08:21-06
11	pbkdf2_sha256$120000$KnyqmQhqWHrx$HbHP8u31khtx1y9ChQEz18HJdf3wymSnkuQvSjTam/o=	2019-03-12 09:35:57.329587-06	f	jacobc	Jacob	Christensen	jacobc@engimusing.com	f	t	2019-03-04 17:08:20-07
7	pbkdf2_sha256$120000$jNOct3TwysCg$59TS5i7V0lfQaD0yI0OBzP1rEl99DLLvRgQtGTGZag4=	2019-03-15 12:47:13.992438-06	f	barbg	Barbara	George	barbg@clearcore.com	f	t	2018-10-03 12:09:32-06
5	pbkdf2_sha256$120000$izWOY7FaeUzF$GLAyIwDdEYjjl+ydruhUsynMxGChF13tNuGAP4CWBHU=	2019-03-18 09:22:11.327112-06	t	joeg	Joe	George	joeg@engimusing.com	t	t	2018-10-03 12:07:14-06
8	pbkdf2_sha256$120000$Wm6cF5Hyg1cz$6hBHIQJ66l+fPCvreiGgXbL2mAB5A4N1vdFHcGmBGCM=	2019-03-18 20:57:52.513431-06	f	brittanye	Brittany	Edwards	brittanye@engimusing.com	f	t	2018-10-20 19:37:24-06
10	pbkdf2_sha256$120000$snPRFBSZDd4c$DBdp8bLySjww7TsTCh9hhI+g25bLonwX4gQ4+BIyAAI=	2019-03-19 12:31:10.310524-06	t	lisal	Lisa	Larsen	lisal@engimusing.com	t	t	2019-03-04 14:46:46-07
3	pbkdf2_sha256$120000$wdMH9O4ZFLov$nm05qoji4soRbkS3jkpMWiOfLkr/zk0f+h6svsEBso0=	2019-03-19 13:53:11.983168-06	f	jasone	Jason	Edginton	jasone@engimusing.com	f	t	2018-10-03 12:00:40-06
9	pbkdf2_sha256$120000$yQ9mKpWG35D4$ad/hj0X4OydeVqEHT4NiR/s88isQFyorwCWb4nfRqW4=	2019-03-20 19:44:34.822574-06	f	mikem	Michael	Mancuso	mnt.mancuso@q.com	f	t	2019-03-02 12:45:36-07
4	pbkdf2_sha256$120000$MY4c0uvuVKpB$Y3XcgS2b9Se/nLCO/WoFFPLj/i/az/yPbo6HPPz47hk=	2019-02-15 09:00:02.066655-07	t	melissag	Melissa	George	melissag@engimusing.com	t	t	2018-10-03 12:02:31-06
12	pbkdf2_sha256$120000$96idG6IqYaWi$LBYV2hN4n2H9BWiAOI8DuF4hsJQtofM1U5z4jEUd6Ac=	2020-04-27 11:17:40.858424-06	t	mrp				t	t	2020-04-27 11:13:15.646887-06
\.


--
-- Data for Name: auth_user_groups; Type: TABLE DATA; Schema: public; Owner: mrp
--

COPY public.auth_user_groups (id, user_id, group_id) FROM stdin;
\.


--
-- Data for Name: auth_user_user_permissions; Type: TABLE DATA; Schema: public; Owner: mrp
--

COPY public.auth_user_user_permissions (id, user_id, permission_id) FROM stdin;
93	7	1
94	7	2
95	7	3
96	7	4
97	7	5
98	7	6
99	7	7
100	7	8
101	7	9
102	7	10
103	7	11
104	7	12
105	7	13
106	7	14
107	7	15
108	7	16
109	7	17
110	7	18
111	7	19
112	7	20
113	7	21
114	7	22
115	7	23
116	7	24
117	7	25
118	7	26
119	7	27
120	7	28
121	7	29
122	7	30
123	7	31
124	7	32
125	7	33
126	7	34
127	7	35
128	7	36
129	7	37
130	7	38
131	7	39
132	7	40
133	7	41
134	7	42
135	7	43
136	7	44
137	7	45
138	7	46
139	8	1
140	8	2
141	8	3
142	8	4
143	8	5
144	8	6
145	8	7
146	8	8
147	8	9
148	8	10
149	8	11
150	8	12
151	8	13
152	8	14
153	8	15
154	8	16
155	8	17
156	8	18
157	8	19
158	8	20
159	8	21
160	8	22
161	8	23
162	8	24
163	8	25
164	8	26
165	8	27
166	8	28
167	8	29
168	8	30
169	8	31
170	8	32
171	8	33
172	8	34
173	8	35
174	8	36
175	8	37
176	8	38
177	8	39
178	8	40
179	8	41
180	8	42
181	8	43
182	8	44
183	8	45
184	8	46
185	3	1
186	3	2
187	3	3
188	3	4
189	3	5
190	3	6
191	3	7
192	3	8
193	3	9
194	3	10
195	3	11
196	3	12
197	3	13
198	3	14
199	3	15
200	3	16
201	3	17
202	3	18
203	3	19
204	3	20
205	3	21
206	3	22
207	3	23
208	3	24
209	3	25
210	3	26
211	3	27
212	3	28
213	3	29
214	3	30
215	3	31
216	3	32
217	3	33
218	3	34
219	3	35
220	3	36
221	3	37
222	3	38
223	3	39
224	3	40
225	3	41
226	3	42
227	3	43
228	3	44
229	3	45
230	3	46
231	5	1
232	5	2
233	5	3
234	5	4
235	5	5
236	5	6
237	5	7
238	5	8
239	5	9
240	5	10
241	5	11
242	5	12
243	5	13
244	5	14
245	5	15
246	5	16
247	5	17
248	5	18
249	5	19
250	5	20
251	5	21
252	5	22
253	5	23
254	5	24
255	5	25
256	5	26
257	5	27
258	5	28
259	5	29
260	5	30
261	5	31
262	5	32
263	5	33
264	5	34
265	5	35
266	5	36
267	5	37
268	5	38
269	5	39
270	5	40
271	5	41
272	5	42
273	5	43
274	5	44
275	5	45
276	5	46
277	4	1
278	4	2
279	4	3
280	4	4
281	4	5
282	4	6
283	4	7
284	4	8
285	4	9
286	4	10
287	4	11
288	4	12
289	4	13
290	4	14
291	4	15
292	4	16
293	4	17
294	4	18
295	4	19
296	4	20
297	4	21
298	4	22
299	4	23
300	4	24
301	4	25
302	4	26
303	4	27
304	4	28
305	4	29
306	4	30
307	4	31
308	4	32
309	4	33
310	4	34
311	4	35
312	4	36
313	4	37
314	4	38
315	4	39
316	4	40
317	4	41
318	4	42
319	4	43
320	4	44
321	4	45
322	4	46
323	6	1
324	6	2
325	6	3
326	6	4
327	6	5
328	6	6
329	6	7
330	6	8
331	6	9
332	6	10
333	6	11
334	6	12
335	6	13
336	6	14
337	6	15
338	6	16
339	6	17
340	6	18
341	6	19
342	6	20
343	6	21
344	6	22
345	6	23
346	6	24
347	6	25
348	6	26
349	6	27
350	6	28
351	6	29
352	6	30
353	6	31
354	6	32
355	6	33
356	6	34
357	6	35
358	6	36
359	6	37
360	6	38
361	6	39
362	6	40
363	6	41
364	6	42
365	6	43
366	6	44
367	6	45
368	6	46
369	9	1
370	9	2
371	9	3
372	9	4
373	9	9
374	9	10
375	9	11
376	9	12
377	9	37
378	9	38
379	9	39
380	9	40
381	9	41
382	9	42
383	9	43
384	9	44
385	9	45
386	9	46
387	9	55
388	9	56
389	9	57
390	9	58
391	9	5
392	9	6
393	9	7
394	9	8
395	9	13
396	9	14
397	9	15
398	9	16
399	9	17
400	9	18
401	9	19
402	9	20
403	9	21
404	9	22
405	9	23
406	9	24
407	9	25
408	9	26
409	9	27
410	9	28
411	9	29
412	9	30
413	9	31
414	9	32
415	9	33
416	9	34
417	9	35
418	9	36
419	10	1
420	10	2
421	10	3
422	10	4
423	10	5
424	10	6
425	10	7
426	10	8
427	10	9
428	10	10
429	10	11
430	10	12
431	10	13
432	10	14
433	10	15
434	10	16
435	10	17
436	10	18
437	10	19
438	10	20
439	10	21
440	10	22
441	10	23
442	10	24
443	10	25
444	10	26
445	10	27
446	10	28
447	10	29
448	10	30
449	10	31
450	10	32
451	10	33
452	10	34
453	10	35
454	10	36
455	10	37
456	10	38
457	10	39
458	10	40
459	10	41
460	10	42
461	10	43
462	10	44
463	10	45
464	10	46
465	10	47
466	10	48
467	10	49
468	10	50
469	10	51
470	10	52
471	10	53
472	10	54
473	10	55
474	10	56
475	10	57
476	10	58
477	10	59
478	10	60
479	10	61
480	10	62
481	10	63
482	10	64
483	10	65
484	10	66
485	10	67
486	10	68
487	10	69
488	10	70
489	10	71
490	10	72
491	10	73
492	10	74
493	10	75
494	10	76
495	10	77
496	10	78
497	10	79
498	10	80
499	10	81
500	10	82
501	10	83
502	10	84
503	10	85
504	10	86
505	10	87
506	10	88
507	10	89
508	10	90
509	10	91
510	10	92
511	10	93
512	10	94
513	10	95
514	10	96
515	10	97
516	10	98
517	10	99
518	10	100
519	10	101
520	10	102
521	10	103
522	10	104
523	10	105
524	10	106
525	10	107
526	10	108
527	10	109
528	10	110
529	10	111
530	10	112
531	10	113
532	10	114
533	10	115
534	10	116
535	10	117
536	10	118
537	10	119
538	10	120
539	10	121
540	10	122
541	10	123
542	10	124
543	10	125
544	10	126
545	10	127
546	10	128
547	10	129
548	10	130
549	11	1
550	11	2
551	11	3
552	11	4
553	11	5
554	11	6
555	11	7
556	11	8
557	11	9
558	11	10
559	11	11
560	11	12
561	11	13
562	11	14
563	11	15
564	11	16
565	11	17
566	11	18
567	11	19
568	11	20
569	11	21
570	11	22
571	11	23
572	11	24
573	11	25
574	11	26
575	11	27
576	11	28
577	11	29
578	11	30
579	11	31
580	11	32
581	11	33
582	11	34
583	11	35
584	11	36
585	11	37
586	11	38
587	11	39
588	11	40
589	11	41
590	11	42
591	11	43
592	11	44
593	11	45
594	11	46
595	11	47
596	11	48
597	11	49
598	11	50
599	11	51
600	11	52
601	11	53
602	11	54
603	11	55
604	11	56
605	11	57
606	11	58
607	11	59
608	11	60
609	11	61
610	11	62
611	11	63
612	11	64
613	11	65
614	11	66
615	11	67
616	11	68
617	11	69
618	11	70
619	11	71
620	11	72
621	11	73
622	11	74
623	11	75
624	11	76
625	11	77
626	11	78
627	11	79
628	11	80
629	11	81
630	11	82
631	11	83
632	11	84
633	11	85
634	11	86
635	11	87
636	11	88
637	11	89
638	11	90
639	11	91
640	11	92
641	11	93
642	11	94
643	11	95
644	11	96
645	11	97
646	11	98
647	11	99
648	11	100
649	11	101
650	11	102
651	11	103
652	11	104
653	11	105
654	11	106
655	11	107
656	11	108
657	11	109
658	11	110
659	11	111
660	11	112
661	11	113
662	11	114
663	11	115
664	11	116
665	11	117
666	11	118
667	11	119
668	11	120
669	11	121
670	11	122
671	11	123
672	11	124
673	11	125
674	11	126
675	11	127
676	11	128
677	11	129
678	11	130
\.


--
-- Data for Name: django_admin_log; Type: TABLE DATA; Schema: public; Owner: mrp
--

COPY public.django_admin_log (id, action_time, object_id, object_repr, action_flag, change_message, content_type_id, user_id) FROM stdin;
53	2018-10-23 11:49:56.261226-06	7	barbg	2	[{"changed": {"fields": ["user_permissions"]}}]	4	4
54	2018-10-23 11:50:10.977872-06	8	brittanye	2	[{"changed": {"fields": ["user_permissions"]}}, {"changed": {"name": "profile", "object": "Profile object (6)", "fields": ["title"]}}]	4	4
55	2018-10-23 11:50:24.419152-06	3	jasone	2	[{"changed": {"fields": ["user_permissions"]}}, {"changed": {"name": "profile", "object": "Profile object (1)", "fields": ["title"]}}]	4	4
56	2018-10-23 11:50:37.658593-06	5	joeg	2	[{"changed": {"fields": ["user_permissions"]}}, {"changed": {"name": "profile", "object": "Profile object (3)", "fields": ["title"]}}]	4	4
57	2018-10-23 11:50:55.744-06	4	melissag	2	[{"changed": {"fields": ["user_permissions"]}}]	4	4
58	2018-10-23 11:51:19.437471-06	6	timg	2	[{"changed": {"fields": ["user_permissions"]}}]	4	4
59	2018-11-27 13:02:31.753069-07	8	/8 ---> https://www.accel.com	2	[{"changed": {"fields": ["new_path"]}}]	13	4
60	2018-11-27 13:28:55.194776-07	6	/9 ---> http://server.com	2	[{"changed": {"fields": ["new_path"]}}]	13	4
61	2018-11-27 13:39:59.249749-07	5	/a ---> http://openhab.org	2	[{"changed": {"fields": ["new_path"]}}]	13	4
62	2018-11-27 13:40:59.054041-07	5	/a ---> http://www.openhab.org	2	[{"changed": {"fields": ["new_path"]}}]	13	4
63	2018-11-27 19:23:57.307333-07	1	/2 ---> http://www.google.com	1	[{"added": {}}]	15	4
64	2018-11-27 19:24:38.382623-07	1	/2 ---> http://www.youtube.com	2	[{"changed": {"fields": ["new_path"]}}]	15	4
65	2018-11-27 19:32:41.384804-07	1	/2 ---> http://www.google.com	2	[{"changed": {"fields": ["new_path"]}}]	15	4
66	2018-11-27 19:34:02.84902-07	1	/2 ---> http://www.engimusing.com	2	[{"changed": {"fields": ["new_path"]}}]	15	4
67	2018-11-27 19:35:14.808826-07	1	/2 ---> http://www.google.com	2	[{"changed": {"fields": ["new_path"]}}]	15	4
68	2018-11-27 19:35:44.942991-07	1	/2 ---> http://www.wgu.edu	2	[{"changed": {"fields": ["new_path"]}}]	15	4
69	2018-11-27 20:04:35.205407-07	5	/c ---> http://easy-to-use-video	1	new through import_export	15	4
70	2018-11-27 20:04:35.211141-07	2	/b ---> http://www.easy-to-use.org/	1	new through import_export	15	4
71	2018-11-27 20:04:35.217244-07	3	openhab-system-layout-examples ---> http://store.engimusing.com/pages/openhab-system-layout-examples	1	new through import_export	15	4
72	2018-11-27 20:04:35.224096-07	4	openhab-installation-instructions ---> http://store.engimusing.com/pages/openhab-installation-instructions	1	new through import_export	15	4
73	2018-11-27 20:04:35.231965-07	7	/wiring-kit-a ---> http://engimusing.myshopify.com/products/wiring-kit-a	1	new through import_export	15	4
74	2018-11-27 20:04:35.237787-07	9	/iot-video ---> https://www.youtube.com/watch?v=kDNXSqgYdwg	1	new through import_export	15	4
75	2018-11-27 20:04:35.243334-07	10	/blink-video ---> https://www.youtube.com/watch?v=Vkf9ICDySFU	1	new through import_export	15	4
76	2018-11-27 20:04:35.248961-07	11	/efm-usb-video ---> https://www.youtube.com/watch?v=RJAgtqJLRjw	1	new through import_export	15	4
77	2018-11-27 20:04:35.255169-07	12	/easy-to-use-video ---> https://www.youtube.com/watch?v=Zec-dIEkxdY	1	new through import_export	15	4
78	2018-11-27 20:04:35.261666-07	13	/openhab-tutorial-video ---> https://www.youtube.com/watch?v=lkkaNu28N98	1	new through import_export	15	4
79	2018-11-27 20:04:35.27001-07	14	/garage-door-video ---> https://www.youtube.com/watch?v=MxVHatPNJJI	1	new through import_export	15	4
80	2018-11-27 20:04:35.276056-07	15	/co-sensor-video ---> https://www.youtube.com/watch?v=pITPqvL1A9c	1	new through import_export	15	4
81	2018-11-27 20:04:35.281597-07	16	/module-formats-video ---> https://www.youtube.com/watch?v=N6TOCYJMjbE	1	new through import_export	15	4
82	2018-11-27 20:04:35.287323-07	17	/thermostat-video ---> https://www.youtube.com/watch?v=aT0tMNKyoVM	1	new through import_export	15	4
83	2018-11-27 20:04:35.293198-07	18	/module-sizes-video ---> https://www.youtube.com/watch?v=zQRmLV2aHMM	1	new through import_export	15	4
84	2018-11-27 20:04:35.298663-07	19	/accelerometers-video ---> https://www.youtube.com/watch?v=gKkRoAKT4HA	1	new through import_export	15	4
85	2018-11-27 20:04:35.304242-07	20	/rfs-video ---> https://www.youtube.com/watch?v=zQ9v7qFFiu8	1	new through import_export	15	4
86	2018-11-27 20:04:35.312175-07	21	/tilt-sensors ---> http://store.engimusing.com/collections/tilt-sensors	1	new through import_export	15	4
87	2018-11-27 20:04:35.317765-07	22	/reed-switches ---> http://store.engimusing.com/collections/reed-switches	1	new through import_export	15	4
88	2018-11-27 20:04:35.324162-07	23	/proximity-sensors ---> http://store.engimusing.com/collections/proximity-sensors	1	new through import_export	15	4
89	2018-11-27 20:04:35.332261-07	24	/humidity-sensors ---> http://store.engimusing.com/collections/humidity-sensors	1	new through import_export	15	4
90	2018-11-27 20:04:35.338889-07	25	/hall-effect-switches ---> http://store.engimusing.com/collections/hall-effect-switches	1	new through import_export	15	4
91	2018-11-27 20:04:35.350667-07	26	/current-sensors ---> http://store.engimusing.com/collections/current-sensors	1	new through import_export	15	4
92	2018-11-27 20:04:35.360852-07	27	/temperature-sensors ---> http://store.engimusing.com/collections/temperature-sensors	1	new through import_export	15	4
93	2018-11-27 20:04:35.367826-07	28	/color-and-light-sensors ---> http://store.engimusing.com/collections/color-and-light-sensors	1	new through import_export	15	4
94	2018-11-27 20:04:35.375245-07	29	/carbon-monoxide-sensors ---> http://store.engimusing.com/collections/carbon-monoxide-sensors	1	new through import_export	15	4
95	2018-11-27 20:04:35.390007-07	30	/pressure-sensors ---> http://store.engimusing.com/collections/pressure-sensors	1	new through import_export	15	4
96	2018-11-27 20:04:35.396472-07	31	/accelerometer-sensors ---> http://store.engimusing.com/collections/accelerometer-sensors	1	new through import_export	15	4
97	2018-11-27 20:04:35.402634-07	32	/power-converters ---> http://store.engimusing.com/collections/power-converters	1	new through import_export	15	4
98	2018-11-27 20:04:35.408034-07	33	/relays ---> http://store.engimusing.com/collections/relays	1	new through import_export	15	4
99	2018-11-27 20:04:35.413677-07	34	/breadboard-aids-connectors-wiring ---> http://store.engimusing.com/collections/breadboard-aids-connectors-wiring	1	new through import_export	15	4
100	2018-11-27 20:04:35.421765-07	35	/learning-aids ---> http://store.engimusing.com/collections/learning-aids	1	new through import_export	15	4
101	2018-11-27 20:04:35.428199-07	36	/communication_modules ---> http://store.engimusing.com/collections/communication-modules	1	new through import_export	15	4
102	2018-11-27 20:04:35.433463-07	37	/processor_modules ---> http://store.engimusing.com/collections/processor-modules	1	new through import_export	15	4
103	2018-11-27 20:04:35.444191-07	38	/m9-1 ---> http://store.engimusing.com/products/m9-1	1	new through import_export	15	4
52	2018-10-23 11:27:06.603885-06	1	melissa	3		4	4
104	2018-11-27 20:04:35.453117-07	39	/rsw-3 ---> http://store.engimusing.com/products/rsw-3	1	new through import_export	15	4
105	2018-11-27 20:04:35.468121-07	40	/rstsw-1 ---> http://store.engimusing.com/products/rstsw-1	1	new through import_export	15	4
106	2018-11-27 20:04:35.477107-07	41	/android_openhab6 ---> https://engimusing.github.io/Tutorials/Initial_Configuration/Initial_Configuration_11.png	1	new through import_export	15	4
107	2018-11-27 20:04:35.485553-07	42	/android_openhab5 ---> https://engimusing.github.io/Tutorials/Initial_Configuration/Initial_Configuration_10.png	1	new through import_export	15	4
108	2018-11-27 20:04:35.501615-07	43	/android_openhab4 ---> https://engimusing.github.io/Tutorials/Initial_Configuration/Initial_Configuration_09.png	1	new through import_export	15	4
109	2018-11-27 20:04:35.511561-07	44	/android_openhab3 ---> https://engimusing.github.io/Tutorials/Initial_Configuration/Initial_Configuration_08.png	1	new through import_export	15	4
110	2018-11-27 20:04:35.525346-07	45	/android_openhab2 ---> https://engimusing.github.io/Tutorials/Initial_Configuration/Initial_Configuration_07.png	1	new through import_export	15	4
111	2018-11-27 20:04:35.539013-07	46	/android_openhab1 ---> https://engimusing.github.io/Tutorials/Initial_Configuration/Initial_Configuration_06.png	1	new through import_export	15	4
112	2018-11-27 20:04:35.549796-07	47	/linux_config_openHAB2 ---> https://engimusing.github.io/Tutorials/Initial_Configuration/Initial_Configuration_05.png	1	new through import_export	15	4
113	2018-11-27 20:04:35.558218-07	48	linux_config_editor2 ---> https://engimusing.github.io/Tutorials/Initial_Configuration/Initial_Configuration_04.png	1	new through import_export	15	4
114	2018-11-27 20:04:35.566822-07	49	/linux_config_editor1 ---> https://engimusing.github.io/Tutorials/Initial_Configuration/Initial_Configuration_03.png	1	new through import_export	15	4
115	2018-11-27 20:04:35.57264-07	50	/linux_config_openhab1 ---> https://engimusing.github.io/Tutorials/Initial_Configuration/Initial_Configuration_02.png	1	new through import_export	15	4
116	2018-11-27 20:04:35.577945-07	51	/linux_config_cmds ---> https://engimusing.github.io/Tutorials/Initial_Configuration/Initial_Configuration_01.png	1	new through import_export	15	4
117	2018-11-27 20:04:35.583634-07	52	/openhab_starter_config ---> https://engimusing.github.io/Tutorials/Initial_Configuration/Initial_Configuration_openhab_starter_config.zip	1	new through import_export	15	4
118	2018-11-27 20:04:35.58954-07	53	/openhab-list ---> https://engimusing.github.io/Tutorials/openHAB_Installation/Linux_CL/Linux_CL_openhab.list	1	new through import_export	15	4
119	2018-11-27 20:04:35.594901-07	54	/14_synaptic ---> https://engimusing.github.io/Tutorials/openHAB_Installation/Linux_GUI/Linux_GUI_14.png	1	new through import_export	15	4
120	2018-11-27 20:04:35.600626-07	55	/13_synaptic ---> https://engimusing.github.io/Tutorials/openHAB_Installation/Linux_GUI/Linux_GUI_13.png	1	new through import_export	15	4
121	2018-11-27 20:04:35.606129-07	56	/12_synaptic ---> https://engimusing.github.io/Tutorials/openHAB_Installation/Linux_GUI/Linux_GUI_12.png	1	new through import_export	15	4
122	2018-11-27 20:04:35.611915-07	57	/11_synaptic ---> https://engimusing.github.io/Tutorials/openHAB_Installation/Linux_GUI/Linux_GUI_11.png	1	new through import_export	15	4
123	2018-11-27 20:04:35.618215-07	58	/10_synaptic ---> https://engimusing.github.io/Tutorials/openHAB_Installation/Linux_GUI/Linux_GUI_10.png	1	new through import_export	15	4
124	2018-11-27 20:04:35.623729-07	59	/09_synaptic ---> https://engimusing.github.io/Tutorials/openHAB_Installation/Linux_GUI/Linux_GUI_09.png	1	new through import_export	15	4
125	2018-11-27 20:04:35.62944-07	60	/08_synaptic ---> https://engimusing.github.io/Tutorials/openHAB_Installation/Linux_GUI/Linux_GUI_08.png	1	new through import_export	15	4
126	2018-11-27 20:04:35.635566-07	61	/07_synaptic ---> https://dl.dropboxusercontent.com/u/17278803/Website/Tutorials/openHAB_Installation/Linux_GUI/07.png	1	new through import_export	15	4
127	2018-11-27 20:04:35.643664-07	62	/06_synaptic ---> https://dl.dropboxusercontent.com/u/17278803/Website/Tutorials/openHAB_Installation/Linux_GUI/06.png	1	new through import_export	15	4
128	2018-11-27 20:04:35.656178-07	63	/05_sw_srcs ---> https://dl.dropboxusercontent.com/u/17278803/Website/Tutorials/openHAB_Installation/Linux_GUI/05.png	1	new through import_export	15	4
129	2018-11-27 20:04:35.668175-07	64	/04_sw_srcs ---> https://dl.dropboxusercontent.com/u/17278803/Website/Tutorials/openHAB_Installation/Linux_GUI/04.png	1	new through import_export	15	4
130	2018-11-27 20:04:35.683237-07	65	/03_sw_srcs ---> https://dl.dropboxusercontent.com/u/17278803/Website/Tutorials/openHAB_Installation/Linux_GUI/03.png	1	new through import_export	15	4
131	2018-11-27 20:04:35.694625-07	66	/02_sw_srcs ---> https://dl.dropboxusercontent.com/u/17278803/Website/Tutorials/openHAB_Installation/Linux_GUI/02.png	1	new through import_export	15	4
132	2018-11-27 20:04:35.708197-07	8	/8 ---> https://www.accel.com	1	new through import_export	15	4
133	2018-11-27 20:04:35.720253-07	6	/9 ---> http://server.com	1	new through import_export	15	4
134	2018-11-27 20:04:35.732686-07	5	/a ---> http://www.openhab.org	2	update through import_export	15	4
135	2018-11-27 20:04:35.740161-07	67	/01_sw_srcs ---> https://dl.dropboxusercontent.com/u/17278803/Website/Tutorials/openHAB_Installation/Linux_GUI/01.png	1	new through import_export	15	4
136	2018-11-27 20:04:35.746758-07	68	/openhab-kickstarter-config ---> https://dl.dropboxusercontent.com/u/17278803/openhab_kickstarter_config.zip	1	new through import_export	15	4
137	2018-11-27 20:04:35.756397-07	71	/products ---> http://engimusing.myshopify.com/collections/all	1	new through import_export	15	4
138	2018-11-27 20:04:35.763308-07	69	/openhab_kickstarter_config ---> https://cdn.shopify.com/s/files/1/0240/0391/files/openhab_kickstarter_config.zip?1209	1	new through import_export	15	4
139	2018-11-27 20:04:35.772596-07	70	/store ---> http://engimusing.myshopify.com/	1	new through import_export	15	4
140	2018-11-27 20:04:35.781906-07	72	/kickstarter ---> http://kck.st/1vwQ2ci	1	new through import_export	15	4
141	2018-11-27 20:04:35.79832-07	73	/acssr-4 ---> http://engimusing.myshopify.com/products/acssr-4	1	new through import_export	15	4
142	2018-11-27 20:04:35.805142-07	74	/accelkit-1 ---> http://engimusing.myshopify.com/products/accelkit-1	1	new through import_export	15	4
143	2018-11-27 20:04:35.816338-07	75	/accelkit-2 ---> http://engimusing.myshopify.com/products/accelkit-2	1	new through import_export	15	4
144	2018-11-27 20:04:35.826876-07	76	/adxl362-1 ---> http://engimusing.myshopify.com/products/adxl362-1	1	new through import_export	15	4
145	2018-11-27 20:04:35.832659-07	77	/adxl-4 ---> http://engimusing.myshopify.com/products/adxl-4	1	new through import_export	15	4
146	2018-11-27 20:04:35.838283-07	78	/mpl3115a2-1 ---> http://engimusing.myshopify.com/products/mpl3115a2-1	1	new through import_export	15	4
147	2018-11-27 20:04:35.847299-07	79	/mql3-3 ---> http://engimusing.myshopify.com/products/mql3-3	1	new through import_export	15	4
148	2018-11-27 20:04:35.85655-07	80	/m115a1-1 ---> http://engimusing.myshopify.com/products/m115a1-1	1	new through import_export	15	4
149	2018-11-27 20:04:35.86693-07	81	/mpl115-3 ---> http://engimusing.myshopify.com/products/mpl115-3	1	new through import_export	15	4
260	2018-12-26 15:57:46.915886-07	19	Field object (19)	1	new through import_export	20	4
150	2018-11-27 20:04:35.874605-07	82	/bbadap-2 ---> http://engimusing.myshopify.com/products/bbadap-2	1	new through import_export	15	4
151	2018-11-27 20:04:35.888237-07	83	/cokit-1 ---> http://engimusing.myshopify.com/products/cokit-1	1	new through import_export	15	4
152	2018-11-27 20:04:35.896928-07	84	/cokit-2 ---> http://engimusing.myshopify.com/products/cokit-2	1	new through import_export	15	4
153	2018-11-27 20:04:35.90479-07	85	/gas-5 ---> http://engimusing.myshopify.com/products/gas-5	1	new through import_export	15	4
154	2018-11-27 20:04:35.914781-07	86	/gas-4 ---> http://engimusing.myshopify.com/products/gas-4	1	new through import_export	15	4
155	2018-11-27 20:04:35.926155-07	87	/tcs3472-1 ---> http://engimusing.myshopify.com/products/tcs3472-1	1	new through import_export	15	4
156	2018-11-27 20:04:35.939224-07	88	/tcs3472-3 ---> http://engimusing.myshopify.com/products/tcs3472-3	1	new through import_export	15	4
157	2018-11-27 20:04:35.952212-07	89	/mlx9-1 ---> http://engimusing.myshopify.com/products/mlx9-1	1	new through import_export	15	4
158	2018-11-27 20:04:35.964195-07	90	/irtemp-1 ---> http://engimusing.myshopify.com/products/irtemp-1	1	new through import_export	15	4
159	2018-11-27 20:04:35.973699-07	91	/ssr_ac-1 ---> http://engimusing.myshopify.com/products/ssr_ac-1	1	new through import_export	15	4
160	2018-11-27 20:04:35.9868-07	92	/ssr_ac-4 ---> http://engimusing.myshopify.com/products/ssr_ac-4	1	new through import_export	15	4
161	2018-11-27 20:04:35.995923-07	93	/ssr_dc-2 ---> http://engimusing.myshopify.com/products/ssr_dc-2	1	new through import_export	15	4
162	2018-11-27 20:04:36.012447-07	94	/ssr_dc-5 ---> http://engimusing.myshopify.com/products/ssr_dc-5	1	new through import_export	15	4
163	2018-11-27 20:04:36.029486-07	95	/efm48-4 ---> http://engimusing.myshopify.com/products/efm48-4	1	new through import_export	15	4
164	2018-11-27 20:04:36.043334-07	96	/efm48_1 ---> http://engimusing.myshopify.com/products/efm48_1	1	new through import_export	15	4
165	2018-11-27 20:04:36.056252-07	97	/efm48-6 ---> http://engimusing.myshopify.com/products/efm48-6	1	new through import_export	15	4
166	2018-11-27 20:04:36.274499-07	98	/tcs3200-1 ---> http://engimusing.myshopify.com/products/tcs3200-1	1	new through import_export	15	4
167	2018-11-27 20:04:36.288473-07	99	/tcs3200-3 ---> http://engimusing.myshopify.com/products/tcs3200-3	1	new through import_export	15	4
168	2018-11-27 20:04:36.301146-07	100	/ftdi-4 ---> http://engimusing.myshopify.com/products/ftdi-4	1	new through import_export	15	4
169	2018-11-27 20:04:36.311424-07	101	/garage-1 ---> http://engimusing.myshopify.com/products/garage-1	1	new through import_export	15	4
170	2018-11-27 20:04:36.323052-07	102	/garage-2 ---> http://engimusing.myshopify.com/products/garage-2	1	new through import_export	15	4
171	2018-11-27 20:04:36.331444-07	103	/acs716-2 ---> http://engimusing.myshopify.com/products/acs716-2	1	new through import_export	15	4
172	2018-11-27 20:04:36.344323-07	104	/acs716-1 ---> http://engimusing.myshopify.com/products/acs716-1	1	new through import_export	15	4
173	2018-11-27 20:04:36.372228-07	105	/m92212-1 ---> http://engimusing.myshopify.com/products/m92212-1	1	new through import_export	15	4
174	2018-11-27 20:04:36.384275-07	106	/mlx-3 ---> http://engimusing.myshopify.com/products/mlx-3	1	new through import_export	15	4
175	2018-11-27 20:04:36.393721-07	107	/htu21d-1 ---> http://engimusing.myshopify.com/products/htu21d-1	1	new through import_export	15	4
176	2018-11-27 20:04:36.404375-07	108	/htu-3 ---> http://engimusing.myshopify.com/products/htu-3	1	new through import_export	15	4
177	2018-11-27 20:04:36.418423-07	109	/tmd2771-1 ---> http://engimusing.myshopify.com/products/tmd2771-1	1	new through import_export	15	4
178	2018-11-27 20:04:36.431628-07	110	/tmd2771-3 ---> http://engimusing.myshopify.com/products/tmd2771-3	1	new through import_export	15	4
179	2018-11-27 20:04:36.448235-07	111	/reedsw-2 ---> http://engimusing.myshopify.com/products/reedsw-2	1	new through import_export	15	4
180	2018-11-27 20:04:36.471505-07	112	/reedsw-1 ---> http://engimusing.myshopify.com/products/reedsw-1	1	new through import_export	15	4
181	2018-11-27 20:04:36.484396-07	113	/hab-1 ---> http://engimusing.myshopify.com/products/hab-1	1	new through import_export	15	4
182	2018-11-27 20:04:36.496455-07	114	/openhab-tutorial-kit ---> http://engimusing.myshopify.com/products/openhab-tutorial-kit	1	new through import_export	15	4
183	2018-11-27 20:04:36.507368-07	115	/qre13-3 ---> http://store.engimusing.com/products/qre13-3	1	new through import_export	15	4
184	2018-11-27 20:04:36.525239-07	116	/qre1113-1 ---> http://engimusing.myshopify.com/products/qre1113-1	1	new through import_export	15	4
185	2018-11-27 20:04:36.548266-07	117	/qre2-1 ---> http://engimusing.myshopify.com/products/qre2-1	1	new through import_export	15	4
186	2018-11-27 20:04:36.557859-07	118	/pwrsup-1 ---> http://engimusing.myshopify.com/products/pwrsup-1	1	new through import_export	15	4
187	2018-11-27 20:04:36.568983-07	119	/tmp102-1 ---> http://engimusing.myshopify.com/products/tmp102-1	1	new through import_export	15	4
188	2018-11-27 20:04:36.575213-07	120	/tmp-3 ---> http://engimusing.myshopify.com/products/tmp-3	1	new through import_export	15	4
189	2018-11-27 20:04:36.582214-07	121	/thermostat-1 ---> http://engimusing.myshopify.com/products/thermostat-1	1	new through import_export	15	4
190	2018-11-27 20:04:36.59515-07	122	/thermostat-2 ---> http://engimusing.myshopify.com/products/thermostat-2	1	new through import_export	15	4
191	2018-11-27 20:04:36.60445-07	123	/thermo-1 ---> http://engimusing.myshopify.com/products/thermo-1	1	new through import_export	15	4
192	2018-11-27 20:04:36.620617-07	124	/tilt-4 ---> http://engimusing.myshopify.com/products/tilt-4	1	new through import_export	15	4
193	2018-11-27 20:04:36.636241-07	125	/rpi1031-1 ---> http://engimusing.myshopify.com/products/rpi1031-1	1	new through import_export	15	4
194	2018-11-27 20:04:36.647512-07	126	/thermo-2 ---> http://engimusing.myshopify.com/products/thermo-2	1	new through import_export	15	4
195	2018-11-27 20:04:36.662886-07	127	/acssr-5 ---> http://engimusing.myshopify.com/products/acssr-5	1	new through import_export	15	4
196	2018-11-28 14:37:00.978591-07	4	/openhab-installation-instructions ---> http://store.engimusing.com/pages/openhab-installation-instructions	2	[{"changed": {"fields": ["old_path"]}}]	15	4
197	2018-11-28 14:41:25.320461-07	3	/openhab-system-layout-examples ---> http://store.engimusing.com/pages/openhab-system-layout-examples	2	[{"changed": {"fields": ["old_path"]}}]	15	4
198	2018-11-29 10:35:40.451015-07	67	/01_sw_srcs ---> http://engimusing.github.io/Tutorials/openHAB_Installation/Linux_GUI/Linux_GUI_01.png	2	[{"changed": {"fields": ["new_path"]}}]	15	4
199	2018-11-29 10:36:32.674814-07	66	/02_sw_srcs ---> http://engimusing.github.io/Tutorials/openHAB_Installation/Linux_GUI/Linux_GUI_02.png	2	[{"changed": {"fields": ["new_path"]}}]	15	4
200	2018-11-29 10:36:56.786914-07	65	/03_sw_srcs ---> http://engimusing.github.io/Tutorials/openHAB_Installation/Linux_GUI/Linux_GUI_03.png	2	[{"changed": {"fields": ["new_path"]}}]	15	4
333	2018-12-26 16:01:25.38603-07	61	Littlefuse Inc	1	new through import_export	16	4
201	2018-11-29 10:37:19.078238-07	64	/04_sw_srcs ---> http://engimusing.github.io/Tutorials/openHAB_Installation/Linux_GUI/Linux_GUI_04.png	2	[{"changed": {"fields": ["new_path"]}}]	15	4
202	2018-11-29 10:37:47.022952-07	63	/05_sw_srcs ---> http://engimusing.github.io/Tutorials/openHAB_Installation/Linux_GUI/Linux_GUI_05.png	2	[{"changed": {"fields": ["new_path"]}}]	15	4
203	2018-11-29 10:38:11.511184-07	62	/06_synaptic ---> http://engimusing.github.io/Tutorials/openHAB_Installation/Linux_GUI/Linux_GUI_06.png	2	[{"changed": {"fields": ["new_path"]}}]	15	4
205	2018-11-29 10:38:59.567847-07	74	/accelkit-1 ---> http://engimusing.myshopify.com/products/accelkit-1	3		15	4
204	2018-11-29 10:38:35.211172-07	61	/07_synaptic ---> http://engimusing.github.io/Tutorials/openHAB_Installation/Linux_GUI/Linux_GUI_07.png	2	[{"changed": {"fields": ["new_path"]}}]	15	4
206	2018-11-29 10:58:37.735203-07	75	/accelkit-2 ---> http://engimusing.myshopify.com/products/accelkit-2	3		15	4
207	2018-11-29 10:59:32.819117-07	73	/acssr-4 ---> https://www.engimusing.com/collections/relays/products/ssr_ac-4	2	[{"changed": {"fields": ["new_path"]}}]	15	4
208	2018-11-29 11:00:34.439409-07	127	/acssr-5 ---> http://engimusing.myshopify.com/products/acssr-5	3		15	4
209	2018-11-29 11:02:03.787124-07	46	/android_openhab1 ---> https://engimusing.github.io/Tutorials/openHAB_Installation/Initial_Configuration/Initial_Configuration_06.png	2	[{"changed": {"fields": ["new_path"]}}]	15	4
210	2018-11-29 11:05:57.87507-07	45	/android_openhab2 ---> https://engimusing.github.io/Tutorials/openHAB_Installation/Initial_Configuration/Initial_Configuration_07.png	2	[{"changed": {"fields": ["new_path"]}}]	15	4
211	2018-11-29 11:06:53.467445-07	44	/android_openhab3 ---> https://engimusing.github.io/Tutorials/openHAB_Installation/Initial_Configuration/Initial_Configuration_08.png	2	[{"changed": {"fields": ["new_path"]}}]	15	4
212	2018-11-29 11:07:59.299502-07	43	/android_openhab4 ---> https://engimusing.github.io/Tutorials/openHAB_Installation/Initial_Configuration/Initial_Configuration_09.png	2	[{"changed": {"fields": ["new_path"]}}]	15	4
213	2018-11-29 11:08:30.536326-07	42	/android_openhab5 ---> https://engimusing.github.io/Tutorials/openHAB_Installation/Initial_Configuration/Initial_Configuration_10.png	2	[{"changed": {"fields": ["new_path"]}}]	15	4
214	2018-11-29 11:09:05.331622-07	41	/android_openhab6 ---> https://engimusing.github.io/Tutorials/openHAB_Installation/Initial_Configuration/Initial_Configuration_11.png	2	[{"changed": {"fields": ["new_path"]}}]	15	4
215	2018-11-29 11:09:42.864934-07	2	/b ---> http://www.easy-to-use.org/	3		15	4
216	2018-11-29 11:10:13.400259-07	83	/cokit-1 ---> http://engimusing.myshopify.com/products/cokit-1	3		15	4
217	2018-11-29 11:11:42.529672-07	84	/cokit-2 ---> http://engimusing.myshopify.com/products/cokit-2	3		15	4
218	2018-11-29 11:11:42.540975-07	95	/efm48-4 ---> http://engimusing.myshopify.com/products/efm48-4	3		15	4
219	2018-11-29 11:11:42.548724-07	97	/efm48-6 ---> http://engimusing.myshopify.com/products/efm48-6	3		15	4
220	2018-11-29 11:11:42.554467-07	102	/garage-2 ---> http://engimusing.myshopify.com/products/garage-2	3		15	4
221	2018-11-29 11:11:42.561232-07	85	/gas-5 ---> http://engimusing.myshopify.com/products/gas-5	3		15	4
222	2018-11-29 11:13:43.773624-07	51	/linux_config_cmds ---> https://engimusing.github.io/Tutorials/openHAB_Installation/Initial_Configuration/Initial_Configuration_01.png	2	[{"changed": {"fields": ["new_path"]}}]	15	4
223	2018-11-29 11:18:05.278279-07	49	/linux_config_editor1 ---> https://engimusing.github.io/Tutorials/openHAB_Installation/Initial_Configuration/Initial_Configuration_03.png	2	[{"changed": {"fields": ["new_path"]}}]	15	4
224	2018-11-29 11:18:58.718178-07	48	linux_config_editor2 ---> https://engimusing.github.io/Tutorials/openHAB_Installation/Initial_Configuration/Initial_Configuration_04.png	2	[{"changed": {"fields": ["new_path"]}}]	15	4
225	2018-11-29 11:20:20.026811-07	50	/linux_config_openhab1 ---> https://engimusing.github.io/Tutorials/openHAB_Installation/Initial_Configuration/Initial_Configuration_02.png	2	[{"changed": {"fields": ["new_path"]}}]	15	4
226	2018-11-29 11:21:01.019534-07	47	/linux_config_openHAB2 ---> https://engimusing.github.io/Tutorials/openHAB_Installation/Initial_Configuration/Initial_Configuration_05.png	2	[{"changed": {"fields": ["new_path"]}}]	15	4
227	2018-11-29 11:21:56.74695-07	69	/openhab_kickstarter_config ---> https://cdn.shopify.com/s/files/1/0240/0391/files/openhab_kickstarter_config.zip?1209	3		15	4
228	2018-11-29 11:24:15.002359-07	68	/openhab-kickstarter-config ---> https://dl.dropboxusercontent.com/u/17278803/openhab_kickstarter_config.zip	3		15	4
229	2018-11-29 11:24:15.01527-07	53	/openhab-list ---> https://engimusing.github.io/Tutorials/openHAB_Installation/Linux_CL/Linux_CL_openhab.list	3		15	4
230	2018-11-29 11:24:15.027255-07	52	/openhab_starter_config ---> https://engimusing.github.io/Tutorials/Initial_Configuration/Initial_Configuration_openhab_starter_config.zip	3		15	4
231	2018-11-29 11:24:15.039124-07	114	/openhab-tutorial-kit ---> http://engimusing.myshopify.com/products/openhab-tutorial-kit	3		15	4
232	2018-11-29 11:24:15.055606-07	118	/pwrsup-1 ---> http://engimusing.myshopify.com/products/pwrsup-1	3		15	4
233	2018-11-29 11:24:15.065811-07	125	/rpi1031-1 ---> http://engimusing.myshopify.com/products/rpi1031-1	3		15	4
234	2018-11-29 11:25:04.65276-07	121	/thermostat-1 ---> http://engimusing.myshopify.com/products/thermostat-1	3		15	4
235	2018-11-29 11:25:04.663054-07	122	/thermostat-2 ---> http://engimusing.myshopify.com/products/thermostat-2	3		15	4
236	2018-11-29 11:25:04.666489-07	124	/tilt-4 ---> http://engimusing.myshopify.com/products/tilt-4	3		15	4
237	2018-11-29 11:25:37.340441-07	123	/thermo-1 ---> http://engimusing.myshopify.com/products/thermo-1	3		15	4
238	2018-11-29 13:58:53.526641-07	6	/9 ---> http://server.com	3		15	4
239	2018-12-26 15:56:04.728609-07	4	Connector	1	new through import_export	19	4
240	2018-12-26 15:56:04.735272-07	3	Capacitor	1	new through import_export	19	4
241	2018-12-26 15:56:04.739063-07	2	Resistor	1	new through import_export	19	4
242	2018-12-26 15:56:04.743327-07	1	Integrated Circut	1	new through import_export	19	4
243	2018-12-26 15:57:46.841218-07	36	Field object (36)	1	new through import_export	20	4
244	2018-12-26 15:57:46.845823-07	35	Field object (35)	1	new through import_export	20	4
245	2018-12-26 15:57:46.851747-07	34	Field object (34)	1	new through import_export	20	4
246	2018-12-26 15:57:46.855176-07	33	Field object (33)	1	new through import_export	20	4
247	2018-12-26 15:57:46.860968-07	32	Field object (32)	1	new through import_export	20	4
248	2018-12-26 15:57:46.866058-07	31	Field object (31)	1	new through import_export	20	4
249	2018-12-26 15:57:46.871658-07	30	Field object (30)	1	new through import_export	20	4
250	2018-12-26 15:57:46.878717-07	29	Field object (29)	1	new through import_export	20	4
251	2018-12-26 15:57:46.883665-07	28	Field object (28)	1	new through import_export	20	4
252	2018-12-26 15:57:46.887448-07	27	Field object (27)	1	new through import_export	20	4
253	2018-12-26 15:57:46.890707-07	26	Field object (26)	1	new through import_export	20	4
254	2018-12-26 15:57:46.893908-07	25	Field object (25)	1	new through import_export	20	4
255	2018-12-26 15:57:46.897377-07	24	Field object (24)	1	new through import_export	20	4
256	2018-12-26 15:57:46.900894-07	23	Field object (23)	1	new through import_export	20	4
257	2018-12-26 15:57:46.904655-07	22	Field object (22)	1	new through import_export	20	4
258	2018-12-26 15:57:46.9084-07	21	Field object (21)	1	new through import_export	20	4
259	2018-12-26 15:57:46.912134-07	20	Field object (20)	1	new through import_export	20	4
261	2018-12-26 15:57:46.92661-07	18	Field object (18)	1	new through import_export	20	4
262	2018-12-26 15:57:46.933156-07	17	Field object (17)	1	new through import_export	20	4
263	2018-12-26 15:57:46.937034-07	16	Field object (16)	1	new through import_export	20	4
264	2018-12-26 15:57:46.940399-07	15	Field object (15)	1	new through import_export	20	4
265	2018-12-26 15:57:46.94541-07	14	Field object (14)	1	new through import_export	20	4
266	2018-12-26 15:57:46.951982-07	12	Field object (12)	1	new through import_export	20	4
267	2018-12-26 15:57:46.956407-07	11	Field object (11)	1	new through import_export	20	4
268	2018-12-26 15:57:46.961231-07	10	Field object (10)	1	new through import_export	20	4
269	2018-12-26 15:57:46.969213-07	9	Field object (9)	1	new through import_export	20	4
270	2018-12-26 15:57:46.97553-07	8	Field object (8)	1	new through import_export	20	4
271	2018-12-26 15:57:46.984349-07	7	Field object (7)	1	new through import_export	20	4
272	2018-12-26 15:57:46.995239-07	6	Field object (6)	1	new through import_export	20	4
273	2018-12-26 15:57:47.002456-07	5	Field object (5)	1	new through import_export	20	4
274	2018-12-26 15:57:47.01382-07	4	Field object (4)	1	new through import_export	20	4
275	2018-12-26 15:57:47.017313-07	3	Field object (3)	1	new through import_export	20	4
276	2018-12-26 15:57:47.020663-07	2	Field object (2)	1	new through import_export	20	4
277	2018-12-26 15:57:47.023768-07	1	Field object (1)	1	new through import_export	20	4
278	2018-12-26 15:59:56.501686-07	4	RCUT00001	1	new through import_export	21	4
279	2018-12-26 15:59:56.505427-07	3	REEL00001	1	new through import_export	21	4
280	2018-12-26 16:01:24.515117-07	115	Yageo	1	new through import_export	16	4
281	2018-12-26 16:01:24.520789-07	114	Walsin Technology Corporation	1	new through import_export	16	4
282	2018-12-26 16:01:24.525381-07	113	Vishay Thin Film	1	new through import_export	16	4
283	2018-12-26 16:01:24.529782-07	112	Vishay Sfernice	1	new through import_export	16	4
284	2018-12-26 16:01:24.533479-07	111	Vishay Foil Resistors (Division of Vishay Precision Group)	1	new through import_export	16	4
285	2018-12-26 16:01:24.54037-07	110	Vishay Electro-Films	1	new through import_export	16	4
286	2018-12-26 16:01:24.545042-07	109	TE Connectivity Passive Product	1	new through import_export	16	4
287	2018-12-26 16:01:24.567554-07	108	Stackpole Electronics Inc.	1	new through import_export	16	4
288	2018-12-26 16:01:24.573924-07	107	Zilog	1	new through import_export	16	4
289	2018-12-26 16:01:24.58831-07	105	Xilinx Inc	1	new through import_export	16	4
290	2018-12-26 16:01:24.593937-07	104	Wurth Electronics Inc.	1	new through import_export	16	4
291	2018-12-26 16:01:24.601972-07	103	WIMA	1	new through import_export	16	4
292	2018-12-26 16:01:24.618063-07	102	Vishay Dale	1	new through import_export	16	4
293	2018-12-26 16:01:24.648916-07	101	TXC Corporation	1	new through import_export	16	4
294	2018-12-26 16:01:24.662874-07	100	Toshiba Semiconductor	1	new through import_export	16	4
295	2018-12-26 16:01:24.674015-07	99	TI	1	new through import_export	16	4
296	2018-12-26 16:01:24.6878-07	98	TE Connectivity AMP Connectors	1	new through import_export	16	4
297	2018-12-26 16:01:24.694926-07	97	TDK Corporation	1	new through import_export	16	4
298	2018-12-26 16:01:24.701768-07	96	Taiyo Yuden	1	new through import_export	16	4
299	2018-12-26 16:01:24.715056-07	95	Tadiran	1	new through import_export	16	4
300	2018-12-26 16:01:24.734958-07	94	Susumu	1	new through import_export	16	4
301	2018-12-26 16:01:24.740421-07	93	Sullins Connector Solutions	1	new through import_export	16	4
302	2018-12-26 16:01:24.754422-07	92	ST Microelectronics	1	new through import_export	16	4
303	2018-12-26 16:01:24.760805-07	91	Silicon Labs	1	new through import_export	16	4
304	2018-12-26 16:01:24.78494-07	90	Sharp Microelectronics	1	new through import_export	16	4
305	2018-12-26 16:01:24.805591-07	89	Semtech Corporation	1	new through import_export	16	4
306	2018-12-26 16:01:24.833248-07	88	Samtec Inc	1	new through import_export	16	4
307	2018-12-26 16:01:24.868441-07	87	Samsung Electro-Mechanics	1	new through import_export	16	4
308	2018-12-26 16:01:24.893249-07	86	Rohm Semiconductor	1	new through import_export	16	4
309	2018-12-26 16:01:24.918565-07	85	Pulse	1	new through import_export	16	4
310	2018-12-26 16:01:24.931693-07	84	Preci-Dip	1	new through import_export	16	4
311	2018-12-26 16:01:24.94713-07	83	Phoenix Contact	1	new through import_export	16	4
312	2018-12-26 16:01:24.963808-07	82	Parallax Inc	1	new through import_export	16	4
313	2018-12-26 16:01:24.981783-07	81	Panasonic Electronic Components	1	new through import_export	16	4
314	2018-12-26 16:01:25.025918-07	80	On Shore Technology	1	new through import_export	16	4
315	2018-12-26 16:01:25.060435-07	79	On Semiconductor	1	new through import_export	16	4
316	2018-12-26 16:01:25.096462-07	78	NXP Semiconductors	1	new through import_export	16	4
317	2018-12-26 16:01:25.118787-07	77	NKK Switches	1	new through import_export	16	4
318	2018-12-26 16:01:25.156054-07	76	Nichicon	1	new through import_export	16	4
319	2018-12-26 16:01:25.168491-07	75	NDK	1	new through import_export	16	4
320	2018-12-26 16:01:25.187039-07	74	Murata Electronics North America	1	new through import_export	16	4
321	2018-12-26 16:01:25.200351-07	73	MPD	1	new through import_export	16	4
322	2018-12-26 16:01:25.220991-07	72	Molex	1	new through import_export	16	4
323	2018-12-26 16:01:25.243851-07	71	MILL-MAX	1	new through import_export	16	4
324	2018-12-26 16:01:25.256376-07	70	Microsemi	1	new through import_export	16	4
325	2018-12-26 16:01:25.267241-07	69	Microchip	1	new through import_export	16	4
326	2018-12-26 16:01:25.285418-07	68	Micro Commercial	1	new through import_export	16	4
327	2018-12-26 16:01:25.312725-07	67	Micrel	1	new through import_export	16	4
328	2018-12-26 16:01:25.338716-07	66	MG Chemicals	1	new through import_export	16	4
329	2018-12-26 16:01:25.348304-07	65	Melexis Technologies	1	new through import_export	16	4
330	2018-12-26 16:01:25.357171-07	64	Meal Well USA inc	1	new through import_export	16	4
331	2018-12-26 16:01:25.367659-07	63	Maxim	1	new through import_export	16	4
332	2018-12-26 16:01:25.378863-07	62	Lumex	1	new through import_export	16	4
334	2018-12-26 16:01:25.390076-07	60	Littlefuse Inc	1	new through import_export	16	4
335	2018-12-26 16:01:25.400422-07	59	Lite-On Inc	1	new through import_export	16	4
336	2018-12-26 16:01:25.40804-07	58	Linear Technology	1	new through import_export	16	4
337	2018-12-26 16:01:25.414151-07	57	Linear Systems	1	new through import_export	16	4
338	2018-12-26 16:01:25.420301-07	56	Laird-Signal Integrity	1	new through import_export	16	4
339	2018-12-26 16:01:25.427804-07	55	KOA Speer	1	new through import_export	16	4
340	2018-12-26 16:01:25.435847-07	54	Keystone Electronics	1	new through import_export	16	4
341	2018-12-26 16:01:25.442964-07	53	Kemet	1	new through import_export	16	4
342	2018-12-26 16:01:25.455619-07	52	Judco Manufacturing	1	new through import_export	16	4
343	2018-12-26 16:01:25.463949-07	51	Judco Manufacturing	1	new through import_export	16	4
344	2018-12-26 16:01:25.468608-07	50	Johanson Technology Inc.	1	new through import_export	16	4
345	2018-12-26 16:01:25.474197-07	49	IXYS Integrated Circuits	1	new through import_export	16	4
346	2018-12-26 16:01:25.480981-07	48	IQD	1	new through import_export	16	4
347	2018-12-26 16:01:25.489785-07	47	InvenSense	1	new through import_export	16	4
348	2018-12-26 16:01:25.495524-07	46	International Rectifier	1	new through import_export	16	4
349	2018-12-26 16:01:25.511706-07	45	Infineon	1	new through import_export	16	4
350	2018-12-26 16:01:25.521849-07	44	Honeywell	1	new through import_export	16	4
351	2018-12-26 16:01:25.537831-07	43	Hirose	1	new through import_export	16	4
352	2018-12-26 16:01:25.548568-07	42	Harwin Inc	1	new through import_export	16	4
353	2018-12-26 16:01:25.553726-07	41	Hammond	1	new through import_export	16	4
354	2018-12-26 16:01:25.568323-07	40	FTDI	1	new through import_export	16	4
355	2018-12-26 16:01:25.573891-07	39	Freescale	1	new through import_export	16	4
356	2018-12-26 16:01:25.588379-07	38	Fairchild	1	new through import_export	16	4
357	2018-12-26 16:01:25.59723-07	37	Everlight Electronics	1	new through import_export	16	4
358	2018-12-26 16:01:25.60638-07	36	ETE	1	new through import_export	16	4
359	2018-12-26 16:01:25.622332-07	35	Eaton	1	new through import_export	16	4
360	2018-12-26 16:01:25.627626-07	34	Eagle Plastic Devices	1	new through import_export	16	4
361	2018-12-26 16:01:25.636869-07	33	E-Switch	1	new through import_export	16	4
362	2018-12-26 16:01:25.645444-07	32	Diodes Incorporated	1	new through import_export	16	4
363	2018-12-26 16:01:25.658436-07	31	CUI Inc	1	new through import_export	16	4
364	2018-12-26 16:01:25.663752-07	30	CTS Resistor Products	1	new through import_export	16	4
365	2018-12-26 16:01:25.67483-07	29	Cree, Inc.	1	new through import_export	16	4
366	2018-12-26 16:01:25.68851-07	28	Coto Technology	1	new through import_export	16	4
367	2018-12-26 16:01:25.69458-07	27	Cooper Bussmann	1	new through import_export	16	4
368	2018-12-26 16:01:25.70382-07	26	Connor-Winfield	1	new through import_export	16	4
369	2018-12-26 16:01:25.715239-07	25	Coiltronics/Eaton	1	new through import_export	16	4
370	2018-12-26 16:01:25.727838-07	24	Citizen	1	new through import_export	16	4
371	2018-12-26 16:01:25.736379-07	23	Cinch Connectivity	1	new through import_export	16	4
372	2018-12-26 16:01:25.750076-07	22	Central Semiconductor	1	new through import_export	16	4
373	2018-12-26 16:01:25.756712-07	21	Carling	1	new through import_export	16	4
374	2018-12-26 16:01:25.76759-07	20	C&K Components	1	new through import_export	16	4
375	2018-12-26 16:01:25.7745-07	19	Bourns Inc.	1	new through import_export	16	4
376	2018-12-26 16:01:25.78107-07	18	Bomor	1	new through import_export	16	4
377	2018-12-26 16:01:25.795423-07	17	Berquist	1	new through import_export	16	4
378	2018-12-26 16:01:25.800518-07	16	Bel Fuse Inc	1	new through import_export	16	4
379	2018-12-26 16:01:25.820399-07	15	AVX Corporation	1	new through import_export	16	4
380	2018-12-26 16:01:25.831353-07	14	Avago Technologies	1	new through import_export	16	4
381	2018-12-26 16:01:25.837131-07	13	Atmel	1	new through import_export	16	4
382	2018-12-26 16:01:25.844404-07	12	Amphenol	1	new through import_export	16	4
383	2018-12-26 16:01:25.848757-07	11	Alpha & Omega Semi	1	new through import_export	16	4
384	2018-12-26 16:01:25.85433-07	10	AI-THINKER	1	new through import_export	16	4
385	2018-12-26 16:01:25.86938-07	9	Adesto Technologies	1	new through import_export	16	4
386	2018-12-26 16:01:25.879829-07	8	ADA Fruit	1	new through import_export	16	4
387	2018-12-26 16:01:25.886811-07	7	Active Semi	1	new through import_export	16	4
388	2018-12-26 16:01:25.902291-07	6	4UCON	1	new through import_export	16	4
389	2018-12-26 16:01:25.908438-07	5	Analog Devices Inc	1	new through import_export	16	4
390	2018-12-26 16:01:25.924285-07	4	AMS-TAOS	1	new through import_export	16	4
391	2018-12-26 16:01:25.931351-07	3	Allegro MicroSystems	1	new through import_export	16	4
392	2018-12-26 16:01:25.944401-07	2	Abracon LLC	1	new through import_export	16	4
393	2018-12-26 16:12:01.064692-07	25	1	1	new through import_export	18	4
394	2018-12-26 16:12:01.072731-07	24	12	1	new through import_export	18	4
395	2018-12-26 16:12:01.083052-07	23	11	1	new through import_export	18	4
396	2018-12-26 16:12:01.094076-07	22	10	1	new through import_export	18	4
397	2018-12-26 16:12:01.114907-07	21	9	1	new through import_export	18	4
398	2018-12-26 16:12:01.138839-07	20	8	1	new through import_export	18	4
399	2018-12-26 16:12:01.16199-07	19	7	1	new through import_export	18	4
400	2018-12-26 16:12:01.181701-07	18	6	1	new through import_export	18	4
401	2018-12-26 16:12:01.202215-07	17	5	1	new through import_export	18	4
402	2018-12-26 16:12:01.214478-07	16	4	1	new through import_export	18	4
403	2018-12-26 16:12:01.230191-07	15	3	1	new through import_export	18	4
404	2018-12-26 16:12:01.240513-07	14	2	1	new through import_export	18	4
405	2018-12-26 16:12:01.250583-07	13	1	1	new through import_export	18	4
406	2018-12-26 16:12:01.262258-07	12	10	1	new through import_export	18	4
407	2018-12-26 16:12:01.278106-07	11	9	1	new through import_export	18	4
408	2018-12-26 16:12:01.293044-07	10	8	1	new through import_export	18	4
409	2018-12-26 16:12:01.312601-07	9	7	1	new through import_export	18	4
410	2018-12-26 16:12:01.322347-07	8	6	1	new through import_export	18	4
411	2018-12-26 16:12:01.351502-07	7	5	1	new through import_export	18	4
412	2018-12-26 16:12:01.362144-07	6	4	1	new through import_export	18	4
413	2018-12-26 16:12:01.37225-07	5	3	1	new through import_export	18	4
414	2018-12-26 16:12:01.387576-07	4	2	1	new through import_export	18	4
415	2018-12-26 16:12:01.400545-07	3	1	1	new through import_export	18	4
416	2018-12-26 16:12:01.412099-07	2	4567	1	new through import_export	18	4
417	2018-12-26 16:12:01.421979-07	1	123	1	new through import_export	18	4
418	2018-12-26 16:13:23.459862-07	32	ManufacturerRelationship object (32)	1	new through import_export	17	4
419	2018-12-26 16:13:23.473428-07	31	ManufacturerRelationship object (31)	1	new through import_export	17	4
420	2018-12-26 16:13:23.486754-07	30	ManufacturerRelationship object (30)	1	new through import_export	17	4
421	2018-12-26 16:13:23.495158-07	29	ManufacturerRelationship object (29)	1	new through import_export	17	4
422	2018-12-26 16:13:23.571067-07	28	ManufacturerRelationship object (28)	1	new through import_export	17	4
423	2018-12-26 16:13:23.591247-07	27	ManufacturerRelationship object (27)	1	new through import_export	17	4
424	2018-12-26 16:13:23.603316-07	26	ManufacturerRelationship object (26)	1	new through import_export	17	4
425	2018-12-26 16:13:23.614957-07	25	ManufacturerRelationship object (25)	1	new through import_export	17	4
426	2018-12-26 16:13:23.630381-07	24	ManufacturerRelationship object (24)	1	new through import_export	17	4
427	2018-12-26 16:13:23.645539-07	23	ManufacturerRelationship object (23)	1	new through import_export	17	4
428	2018-12-26 16:13:23.702858-07	22	ManufacturerRelationship object (22)	1	new through import_export	17	4
429	2018-12-26 16:13:23.726446-07	21	ManufacturerRelationship object (21)	1	new through import_export	17	4
430	2018-12-26 16:13:23.747866-07	20	ManufacturerRelationship object (20)	1	new through import_export	17	4
431	2018-12-26 16:13:23.753946-07	19	ManufacturerRelationship object (19)	1	new through import_export	17	4
432	2018-12-26 16:13:23.763664-07	18	ManufacturerRelationship object (18)	1	new through import_export	17	4
433	2018-12-26 16:13:23.78646-07	17	ManufacturerRelationship object (17)	1	new through import_export	17	4
434	2018-12-26 16:13:23.814993-07	16	ManufacturerRelationship object (16)	1	new through import_export	17	4
435	2018-12-26 16:13:23.828587-07	15	ManufacturerRelationship object (15)	1	new through import_export	17	4
436	2018-12-26 16:13:23.836609-07	13	ManufacturerRelationship object (13)	1	new through import_export	17	4
437	2018-12-26 16:13:23.84821-07	12	ManufacturerRelationship object (12)	1	new through import_export	17	4
438	2018-12-26 16:13:23.942261-07	10	ManufacturerRelationship object (10)	1	new through import_export	17	4
439	2018-12-26 16:13:23.966788-07	9	ManufacturerRelationship object (9)	1	new through import_export	17	4
440	2018-12-26 16:13:23.980276-07	8	ManufacturerRelationship object (8)	1	new through import_export	17	4
441	2018-12-26 16:13:24.067217-07	7	ManufacturerRelationship object (7)	1	new through import_export	17	4
442	2018-12-26 16:13:24.081869-07	5	ManufacturerRelationship object (5)	1	new through import_export	17	4
443	2018-12-26 16:13:24.097481-07	4	ManufacturerRelationship object (4)	1	new through import_export	17	4
444	2018-12-26 16:13:24.122025-07	3	ManufacturerRelationship object (3)	1	new through import_export	17	4
445	2018-12-26 16:14:13.546842-07	2	LocationRelationship object (2)	1	new through import_export	22	4
446	2018-12-26 16:14:13.564535-07	1	LocationRelationship object (1)	1	new through import_export	22	4
447	2019-01-21 18:34:06.528945-07	5	joeg	2	[{"changed": {"name": "profile", "object": "Profile object (3)", "fields": ["payroll"]}}]	4	5
448	2019-01-21 18:34:19.372937-07	7	barbg	2	[{"changed": {"name": "profile", "object": "Profile object (5)", "fields": ["payroll"]}}]	4	5
449	2019-01-21 18:34:32.450189-07	6	timg	2	[{"changed": {"name": "profile", "object": "Profile object (4)", "fields": ["payroll"]}}]	4	5
450	2019-03-02 12:45:36.426701-07	9	mikem	1	[{"added": {}}, {"added": {"name": "profile", "object": "Profile object (7)"}}]	4	5
451	2019-03-02 12:48:35.227318-07	9	mikem	2	[{"changed": {"fields": ["first_name", "last_name", "email"]}}]	4	5
452	2019-03-02 12:52:09.866272-07	9	mikem	2	[{"changed": {"fields": ["user_permissions"]}}]	4	5
453	2019-03-02 13:02:27.440088-07	9	mikem	2	[{"changed": {"fields": ["user_permissions"]}}]	4	5
454	2019-03-02 13:06:12.106438-07	9	mikem	2	[]	4	5
455	2019-03-04 14:46:47.12431-07	10	lisal	1	[{"added": {}}, {"added": {"name": "profile", "object": "Profile object (8)"}}]	4	5
456	2019-03-04 14:47:57.527133-07	10	lisal	2	[{"changed": {"fields": ["first_name", "last_name", "email", "is_staff", "is_superuser", "user_permissions"]}}]	4	5
457	2019-03-11 17:08:20.970033-06	11	jacobc	1	[{"added": {}}, {"added": {"name": "profile", "object": "Profile object (9)"}}]	4	5
458	2019-03-11 17:09:26.358448-06	11	jacobc	2	[{"changed": {"fields": ["first_name", "last_name", "email", "user_permissions", "date_joined"]}}]	4	5
\.


--
-- Data for Name: django_content_type; Type: TABLE DATA; Schema: public; Owner: mrp
--

COPY public.django_content_type (id, app_label, model) FROM stdin;
1	admin	logentry
2	auth	permission
3	auth	group
4	auth	user
5	contenttypes	contenttype
6	sessions	session
7	manager	profile
8	manager	project
9	manager	projectrelationship
10	entries	entry
11	entries	projecthours
12	sites	site
13	redirects	redirect
14	entries	todo
15	redirect	redirect
17	mrp_system	manufacturerrelationship
18	mrp_system	part
19	mrp_system	type
20	mrp_system	field
21	mrp_system	location
22	mrp_system	locationrelationship
23	mrp_system	digikeyapi
24	mrp_system	product
25	mrp_system	productamount
26	mrp_system	partamount
27	mrp_system	productlocation
28	mrp_system	manufacturingorder
29	mrp_system	moproduct
16	mrp_system	vendor
30	mrp_system	purchaseorder
31	mrp_system	purchaseorderparts
\.


--
-- Data for Name: django_migrations; Type: TABLE DATA; Schema: public; Owner: mrp
--

COPY public.django_migrations (id, app, name, applied) FROM stdin;
1	contenttypes	0001_initial	2018-10-22 21:07:58.305505-06
2	auth	0001_initial	2018-10-22 21:07:58.415986-06
3	admin	0001_initial	2018-10-22 21:07:58.452619-06
4	admin	0002_logentry_remove_auto_add	2018-10-22 21:07:58.467622-06
5	admin	0003_logentry_add_action_flag_choices	2018-10-22 21:07:58.490603-06
6	contenttypes	0002_remove_content_type_name	2018-10-22 21:07:58.522264-06
7	auth	0002_alter_permission_name_max_length	2018-10-22 21:07:58.533174-06
8	auth	0003_alter_user_email_max_length	2018-10-22 21:07:58.555709-06
9	auth	0004_alter_user_username_opts	2018-10-22 21:07:58.574682-06
10	auth	0005_alter_user_last_login_null	2018-10-22 21:07:58.59283-06
11	auth	0006_require_contenttypes_0002	2018-10-22 21:07:58.596493-06
12	auth	0007_alter_validators_add_error_messages	2018-10-22 21:07:58.610709-06
13	auth	0008_alter_user_username_max_length	2018-10-22 21:07:58.637594-06
14	auth	0009_alter_user_last_name_max_length	2018-10-22 21:07:58.661481-06
15	manager	0001_initial	2018-10-22 21:07:58.750205-06
16	entries	0001_initial	2018-10-22 21:07:58.840796-06
17	sessions	0001_initial	2018-10-22 21:07:58.861617-06
18	sites	0001_initial	2018-10-24 13:58:45.20367-06
19	sites	0002_alter_domain_unique	2018-10-24 13:58:45.273365-06
21	entries	0002_entry_end	2018-10-26 14:35:10.698688-06
22	entries	0003_todo	2018-11-06 16:36:08.943788-07
23	entries	0004_todo_completed	2018-11-06 16:36:08.998114-07
24	entries	0005_auto_20181106_1424	2018-11-06 16:36:09.076698-07
25	entries	0006_auto_20181120_1305	2018-11-27 19:18:56.601251-07
26	redirect	0001_initial	2018-11-27 19:23:20.363104-07
27	mrp_system	0001_initial	2018-12-26 15:54:11.42549-07
28	mrp_system	0002_auto_20181114_1116	2018-12-26 15:54:11.459056-07
29	mrp_system	0003_auto_20181114_1133	2018-12-26 15:54:11.466505-07
30	mrp_system	0004_auto_20181114_1144	2018-12-26 15:54:11.477926-07
31	mrp_system	0005_auto_20181114_1154	2018-12-26 15:54:11.539773-07
32	mrp_system	0006_auto_20181114_1231	2018-12-26 15:54:11.560259-07
33	mrp_system	0007_auto_20181114_1234	2018-12-26 15:54:11.585389-07
34	mrp_system	0008_auto_20181128_1057	2018-12-26 15:54:11.66577-07
35	mrp_system	0009_auto_20181128_1210	2018-12-26 15:54:11.74519-07
36	mrp_system	0010_part_document	2018-12-26 15:54:11.787941-07
37	mrp_system	0011_auto_20181206_1145	2018-12-26 15:54:11.824989-07
38	mrp_system	0012_auto_20181206_1227	2018-12-26 15:54:11.92708-07
39	mrp_system	0013_type_suffix	2018-12-26 15:54:11.953291-07
40	mrp_system	0014_auto_20181206_1254	2018-12-26 15:54:12.043584-07
41	mrp_system	0015_auto_20181206_1257	2018-12-26 15:54:12.08775-07
42	mrp_system	0016_auto_20181206_1258	2018-12-26 15:54:12.099155-07
43	mrp_system	0017_auto_20181206_1348	2018-12-26 15:54:12.294592-07
44	mrp_system	0018_auto_20181206_1500	2018-12-26 15:54:12.335399-07
45	mrp_system	0019_auto_20181206_1811	2018-12-26 15:54:12.430969-07
46	mrp_system	0020_part_char9	2018-12-26 15:54:12.46242-07
47	mrp_system	0021_auto_20181211_0950	2018-12-26 15:54:12.498559-07
48	mrp_system	0022_auto_20181211_0951	2018-12-26 15:54:12.514359-07
49	mrp_system	0023_auto_20181214_1129	2018-12-26 15:54:12.679962-07
50	mrp_system	0024_auto_20181226_1348	2018-12-26 15:54:12.82161-07
51	mrp_system	0025_auto_20181226_1736	2018-12-26 21:46:33.430109-07
52	mrp_system	0026_auto_20181227_1616	2018-12-27 16:19:23.965504-07
53	mrp_system	0027_digikeyapi	2018-12-31 14:55:18.804318-07
54	mrp_system	0028_delete_digikeyapi	2018-12-31 14:55:18.829309-07
55	mrp_system	0029_digikeyapi	2018-12-31 14:55:18.865948-07
56	mrp_system	0030_auto_20181228_1544	2018-12-31 14:55:18.925902-07
57	mrp_system	0031_digikeyapi_date	2018-12-31 14:55:18.948399-07
58	mrp_system	0032_remove_digikeyapi_date	2018-12-31 14:55:18.963421-07
59	mrp_system	0033_digikeyapi_access_token	2018-12-31 14:55:18.986417-07
60	mrp_system	0034_field_mouser_name	2019-01-09 14:19:02.286262-07
61	mrp_system	0035_auto_20190109_1312	2019-01-09 14:19:02.316652-07
62	mrp_system	0036_auto_20190111_1357	2019-01-15 16:00:55.060613-07
63	mrp_system	0037_billofmaterials_amount	2019-01-15 16:00:55.099219-07
64	mrp_system	0038_auto_20190114_1348	2019-01-15 16:00:55.234171-07
65	mrp_system	0039_product_part_products	2019-01-15 16:00:55.287233-07
66	mrp_system	0040_auto_20190114_1549	2019-01-15 16:00:55.487495-07
67	mrp_system	0041_auto_20190114_1647	2019-01-15 16:00:55.564394-07
68	mrp_system	0042_auto_20190114_1853	2019-01-15 16:00:55.593805-07
69	mrp_system	0043_auto_20190115_1025	2019-01-15 16:00:55.706442-07
70	mrp_system	0044_auto_20190115_1105	2019-01-15 16:00:55.725538-07
71	mrp_system	0045_auto_20190115_1125	2019-01-15 16:00:55.755036-07
72	mrp_system	0046_auto_20190115_1245	2019-01-16 11:25:52.90234-07
73	mrp_system	0047_billofmaterials_name	2019-01-16 11:25:52.966992-07
74	mrp_system	0048_auto_20190115_1828	2019-01-16 11:25:53.1589-07
75	mrp_system	0049_auto_20190115_1848	2019-01-16 11:25:53.258651-07
76	mrp_system	0050_auto_20190115_1849	2019-01-16 11:25:53.331189-07
77	manager	0002_profile_payroll	2019-01-18 11:12:33.254468-07
78	mrp_system	0051_auto_20190118_1051	2019-01-18 17:14:11.441137-07
79	mrp_system	0052_auto_20190121_0916	2019-01-21 09:47:57.13613-07
80	entries	0007_auto_20190121_1451	2019-01-21 15:23:41.39406-07
81	mrp_system	0053_auto_20190121_1931	2019-01-21 20:10:46.091968-07
82	mrp_system	0054_auto_20190121_1943	2019-01-21 20:10:46.136803-07
83	mrp_system	0055_auto_20190121_2007	2019-01-21 20:10:46.166122-07
84	mrp_system	0056_auto_20190122_1952	2019-01-22 19:55:39.384265-07
85	mrp_system	0057_auto_20190123_1029	2019-01-23 12:51:12.91571-07
86	mrp_system	0058_product_engimusingproductnumber	2019-01-24 15:50:39.147638-07
87	mrp_system	0059_auto_20190124_1230	2019-01-24 15:50:39.178581-07
88	mrp_system	0060_auto_20190124_1638	2019-01-24 16:48:15.29567-07
89	mrp_system	0061_auto_20190124_2231	2019-01-24 22:42:51.441203-07
90	mrp_system	0062_auto_20190129_1509	2019-01-30 14:50:20.630075-07
91	mrp_system	0063_auto_20190129_1513	2019-01-30 14:50:20.698975-07
92	mrp_system	0064_remove_part_partnumber	2019-01-30 14:50:20.742992-07
93	mrp_system	0065_purchaseorder	2019-01-30 14:50:20.793907-07
94	mrp_system	0066_auto_20190130_1148	2019-01-30 14:50:20.955299-07
95	mrp_system	0067_auto_20190130_1217	2019-01-30 14:50:21.13668-07
96	mrp_system	0068_auto_20190130_1248	2019-01-30 14:50:21.208269-07
97	mrp_system	0069_auto_20190130_1305	2019-01-30 14:50:21.300061-07
98	mrp_system	0070_auto_20190130_1416	2019-01-30 14:50:21.452694-07
99	mrp_system	0071_auto_20190130_1503	2019-01-31 16:01:08.341318-07
100	mrp_system	0072_auto_20190130_1515	2019-01-31 16:01:08.363722-07
101	mrp_system	0073_auto_20190130_1623	2019-01-31 16:01:08.566848-07
102	mrp_system	0074_auto_20190130_1704	2019-01-31 16:01:08.661637-07
103	mrp_system	0075_auto_20190130_1707	2019-01-31 16:01:08.73604-07
104	mrp_system	0076_remove_purchaseorderparts_item_number	2019-01-31 16:01:08.813206-07
105	mrp_system	0077_purchaseorderparts_item_number	2019-01-31 16:01:08.859143-07
106	mrp_system	0078_remove_purchaseorder_vendor	2019-01-31 16:01:08.93129-07
107	mrp_system	0079_vendor_purchase_order	2019-01-31 16:01:08.96298-07
108	mrp_system	0080_remove_vendor_purchase_order	2019-01-31 16:01:09.000173-07
109	mrp_system	0081_purchaseorder_vendor	2019-01-31 16:01:09.045675-07
110	mrp_system	0082_purchaseorderparts_total	2019-01-31 16:01:09.091988-07
111	mrp_system	0083_auto_20190131_1155	2019-01-31 16:01:09.140215-07
112	entries	0008_auto_20190404_1308	2020-04-27 11:11:50.848099-06
113	entries	0009_auto_20190405_1156	2020-04-27 11:11:50.924962-06
114	entries	0010_auto_20190513_1419	2020-04-27 11:11:51.037605-06
115	entries	0011_auto_20190516_1410	2020-04-27 11:11:51.145219-06
116	entries	0012_auto_20190601_1440	2020-04-27 11:11:51.336724-06
117	entries	0013_auto_20190601_1516	2020-04-27 11:11:51.496315-06
118	manager	0003_auto_20190513_1419	2020-04-27 11:11:51.549474-06
119	manager	0004_auto_20190531_1539	2020-04-27 11:11:51.676242-06
120	manager	0005_auto_20190601_1440	2020-04-27 11:11:51.815845-06
121	manager	0006_auto_20190601_1516	2020-04-27 11:11:51.961411-06
122	mrp_system	0084_auto_20190513_1419	2020-04-27 11:11:52.278649-06
\.


--
-- Data for Name: django_redirect; Type: TABLE DATA; Schema: public; Owner: mrp
--

COPY public.django_redirect (id, old_path, new_path, site_id) FROM stdin;
67	/01_sw_srcs	http://engimusing.github.io/Tutorials/openHAB_Installation/Linux_GUI/Linux_GUI_01.png	1
1	/2	http://www.wgu.edu	1
4	/openhab-installation-instructions	http://store.engimusing.com/pages/openhab-installation-instructions	1
3	/openhab-system-layout-examples	http://store.engimusing.com/pages/openhab-system-layout-examples	1
7	/wiring-kit-a	http://engimusing.myshopify.com/products/wiring-kit-a	1
9	/iot-video	https://www.youtube.com/watch?v=kDNXSqgYdwg	1
10	/blink-video	https://www.youtube.com/watch?v=Vkf9ICDySFU	1
11	/efm-usb-video	https://www.youtube.com/watch?v=RJAgtqJLRjw	1
12	/easy-to-use-video	https://www.youtube.com/watch?v=Zec-dIEkxdY	1
13	/openhab-tutorial-video	https://www.youtube.com/watch?v=lkkaNu28N98	1
14	/garage-door-video	https://www.youtube.com/watch?v=MxVHatPNJJI	1
15	/co-sensor-video	https://www.youtube.com/watch?v=pITPqvL1A9c	1
16	/module-formats-video	https://www.youtube.com/watch?v=N6TOCYJMjbE	1
17	/thermostat-video	https://www.youtube.com/watch?v=aT0tMNKyoVM	1
18	/module-sizes-video	https://www.youtube.com/watch?v=zQRmLV2aHMM	1
19	/accelerometers-video	https://www.youtube.com/watch?v=gKkRoAKT4HA	1
20	/rfs-video	https://www.youtube.com/watch?v=zQ9v7qFFiu8	1
21	/tilt-sensors	http://store.engimusing.com/collections/tilt-sensors	1
22	/reed-switches	http://store.engimusing.com/collections/reed-switches	1
23	/proximity-sensors	http://store.engimusing.com/collections/proximity-sensors	1
24	/humidity-sensors	http://store.engimusing.com/collections/humidity-sensors	1
25	/hall-effect-switches	http://store.engimusing.com/collections/hall-effect-switches	1
26	/current-sensors	http://store.engimusing.com/collections/current-sensors	1
27	/temperature-sensors	http://store.engimusing.com/collections/temperature-sensors	1
28	/color-and-light-sensors	http://store.engimusing.com/collections/color-and-light-sensors	1
29	/carbon-monoxide-sensors	http://store.engimusing.com/collections/carbon-monoxide-sensors	1
30	/pressure-sensors	http://store.engimusing.com/collections/pressure-sensors	1
31	/accelerometer-sensors	http://store.engimusing.com/collections/accelerometer-sensors	1
32	/power-converters	http://store.engimusing.com/collections/power-converters	1
33	/relays	http://store.engimusing.com/collections/relays	1
34	/breadboard-aids-connectors-wiring	http://store.engimusing.com/collections/breadboard-aids-connectors-wiring	1
35	/learning-aids	http://store.engimusing.com/collections/learning-aids	1
36	/communication_modules	http://store.engimusing.com/collections/communication-modules	1
37	/processor_modules	http://store.engimusing.com/collections/processor-modules	1
38	/m9-1	http://store.engimusing.com/products/m9-1	1
39	/rsw-3	http://store.engimusing.com/products/rsw-3	1
40	/rstsw-1	http://store.engimusing.com/products/rstsw-1	1
54	/14_synaptic	https://engimusing.github.io/Tutorials/openHAB_Installation/Linux_GUI/Linux_GUI_14.png	1
55	/13_synaptic	https://engimusing.github.io/Tutorials/openHAB_Installation/Linux_GUI/Linux_GUI_13.png	1
56	/12_synaptic	https://engimusing.github.io/Tutorials/openHAB_Installation/Linux_GUI/Linux_GUI_12.png	1
57	/11_synaptic	https://engimusing.github.io/Tutorials/openHAB_Installation/Linux_GUI/Linux_GUI_11.png	1
58	/10_synaptic	https://engimusing.github.io/Tutorials/openHAB_Installation/Linux_GUI/Linux_GUI_10.png	1
59	/09_synaptic	https://engimusing.github.io/Tutorials/openHAB_Installation/Linux_GUI/Linux_GUI_09.png	1
60	/08_synaptic	https://engimusing.github.io/Tutorials/openHAB_Installation/Linux_GUI/Linux_GUI_08.png	1
8	/8	https://www.accel.com	1
5	/a	http://www.openhab.org	1
71	/products	http://engimusing.myshopify.com/collections/all	1
70	/store	http://engimusing.myshopify.com/	1
72	/kickstarter	http://kck.st/1vwQ2ci	1
76	/adxl362-1	http://engimusing.myshopify.com/products/adxl362-1	1
77	/adxl-4	http://engimusing.myshopify.com/products/adxl-4	1
78	/mpl3115a2-1	http://engimusing.myshopify.com/products/mpl3115a2-1	1
79	/mql3-3	http://engimusing.myshopify.com/products/mql3-3	1
80	/m115a1-1	http://engimusing.myshopify.com/products/m115a1-1	1
81	/mpl115-3	http://engimusing.myshopify.com/products/mpl115-3	1
82	/bbadap-2	http://engimusing.myshopify.com/products/bbadap-2	1
66	/02_sw_srcs	http://engimusing.github.io/Tutorials/openHAB_Installation/Linux_GUI/Linux_GUI_02.png	1
65	/03_sw_srcs	http://engimusing.github.io/Tutorials/openHAB_Installation/Linux_GUI/Linux_GUI_03.png	1
64	/04_sw_srcs	http://engimusing.github.io/Tutorials/openHAB_Installation/Linux_GUI/Linux_GUI_04.png	1
63	/05_sw_srcs	http://engimusing.github.io/Tutorials/openHAB_Installation/Linux_GUI/Linux_GUI_05.png	1
62	/06_synaptic	http://engimusing.github.io/Tutorials/openHAB_Installation/Linux_GUI/Linux_GUI_06.png	1
61	/07_synaptic	http://engimusing.github.io/Tutorials/openHAB_Installation/Linux_GUI/Linux_GUI_07.png	1
73	/acssr-4	https://www.engimusing.com/collections/relays/products/ssr_ac-4	1
46	/android_openhab1	https://engimusing.github.io/Tutorials/openHAB_Installation/Initial_Configuration/Initial_Configuration_06.png	1
45	/android_openhab2	https://engimusing.github.io/Tutorials/openHAB_Installation/Initial_Configuration/Initial_Configuration_07.png	1
44	/android_openhab3	https://engimusing.github.io/Tutorials/openHAB_Installation/Initial_Configuration/Initial_Configuration_08.png	1
43	/android_openhab4	https://engimusing.github.io/Tutorials/openHAB_Installation/Initial_Configuration/Initial_Configuration_09.png	1
42	/android_openhab5	https://engimusing.github.io/Tutorials/openHAB_Installation/Initial_Configuration/Initial_Configuration_10.png	1
41	/android_openhab6	https://engimusing.github.io/Tutorials/openHAB_Installation/Initial_Configuration/Initial_Configuration_11.png	1
51	/linux_config_cmds	https://engimusing.github.io/Tutorials/openHAB_Installation/Initial_Configuration/Initial_Configuration_01.png	1
49	/linux_config_editor1	https://engimusing.github.io/Tutorials/openHAB_Installation/Initial_Configuration/Initial_Configuration_03.png	1
48	linux_config_editor2	https://engimusing.github.io/Tutorials/openHAB_Installation/Initial_Configuration/Initial_Configuration_04.png	1
50	/linux_config_openhab1	https://engimusing.github.io/Tutorials/openHAB_Installation/Initial_Configuration/Initial_Configuration_02.png	1
47	/linux_config_openHAB2	https://engimusing.github.io/Tutorials/openHAB_Installation/Initial_Configuration/Initial_Configuration_05.png	1
86	/gas-4	http://engimusing.myshopify.com/products/gas-4	1
87	/tcs3472-1	http://engimusing.myshopify.com/products/tcs3472-1	1
88	/tcs3472-3	http://engimusing.myshopify.com/products/tcs3472-3	1
89	/mlx9-1	http://engimusing.myshopify.com/products/mlx9-1	1
90	/irtemp-1	http://engimusing.myshopify.com/products/irtemp-1	1
91	/ssr_ac-1	http://engimusing.myshopify.com/products/ssr_ac-1	1
92	/ssr_ac-4	http://engimusing.myshopify.com/products/ssr_ac-4	1
93	/ssr_dc-2	http://engimusing.myshopify.com/products/ssr_dc-2	1
94	/ssr_dc-5	http://engimusing.myshopify.com/products/ssr_dc-5	1
96	/efm48_1	http://engimusing.myshopify.com/products/efm48_1	1
98	/tcs3200-1	http://engimusing.myshopify.com/products/tcs3200-1	1
99	/tcs3200-3	http://engimusing.myshopify.com/products/tcs3200-3	1
100	/ftdi-4	http://engimusing.myshopify.com/products/ftdi-4	1
101	/garage-1	http://engimusing.myshopify.com/products/garage-1	1
103	/acs716-2	http://engimusing.myshopify.com/products/acs716-2	1
104	/acs716-1	http://engimusing.myshopify.com/products/acs716-1	1
105	/m92212-1	http://engimusing.myshopify.com/products/m92212-1	1
106	/mlx-3	http://engimusing.myshopify.com/products/mlx-3	1
107	/htu21d-1	http://engimusing.myshopify.com/products/htu21d-1	1
108	/htu-3	http://engimusing.myshopify.com/products/htu-3	1
109	/tmd2771-1	http://engimusing.myshopify.com/products/tmd2771-1	1
110	/tmd2771-3	http://engimusing.myshopify.com/products/tmd2771-3	1
111	/reedsw-2	http://engimusing.myshopify.com/products/reedsw-2	1
112	/reedsw-1	http://engimusing.myshopify.com/products/reedsw-1	1
113	/hab-1	http://engimusing.myshopify.com/products/hab-1	1
115	/qre13-3	http://store.engimusing.com/products/qre13-3	1
116	/qre1113-1	http://engimusing.myshopify.com/products/qre1113-1	1
117	/qre2-1	http://engimusing.myshopify.com/products/qre2-1	1
119	/tmp102-1	http://engimusing.myshopify.com/products/tmp102-1	1
120	/tmp-3	http://engimusing.myshopify.com/products/tmp-3	1
126	/thermo-2	http://engimusing.myshopify.com/products/thermo-2	1
\.


--
-- Data for Name: django_session; Type: TABLE DATA; Schema: public; Owner: mrp
--

COPY public.django_session (session_key, session_data, expire_date) FROM stdin;
a1j4wpo2n58w3re7s14la7ed9ozs0uii	MDNlNzM5ZDBkNWZkMjliN2ZjOTdlNmNjOTkwOWI2NDQzYWJkM2IwMzp7Il9hdXRoX3VzZXJfaWQiOiI2IiwiX2F1dGhfdXNlcl9iYWNrZW5kIjoiZGphbmdvLmNvbnRyaWIuYXV0aC5iYWNrZW5kcy5Nb2RlbEJhY2tlbmQiLCJfYXV0aF91c2VyX2hhc2giOiJiN2JjYWY4Y2IyY2FkMDFmYzA4YTg5NjhkZWYwNWExYzQ3NDIzYmY1In0=	2018-11-29 16:56:25.924983-07
q7ah3v4r0o130mveqso8xqr28ylin98m	YTRmODJlZjM1YWJlOWRjMjVmYmU0OTBiOGIwNWQ3MWU1NjM5ZmQ3Mzp7Il9hdXRoX3VzZXJfaWQiOiI0IiwiX2F1dGhfdXNlcl9iYWNrZW5kIjoiZGphbmdvLmNvbnRyaWIuYXV0aC5iYWNrZW5kcy5Nb2RlbEJhY2tlbmQiLCJfYXV0aF91c2VyX2hhc2giOiI0ZmY0NTAwYzQ3N2Y3NzZjOGU4MjM5OGMxOThmZTJlZjVjYzk4YTE1In0=	2018-11-06 10:26:37.67483-07
5g9zkzz9lmm3ujac31kuucwlrvjte3zm	YTRmODJlZjM1YWJlOWRjMjVmYmU0OTBiOGIwNWQ3MWU1NjM5ZmQ3Mzp7Il9hdXRoX3VzZXJfaWQiOiI0IiwiX2F1dGhfdXNlcl9iYWNrZW5kIjoiZGphbmdvLmNvbnRyaWIuYXV0aC5iYWNrZW5kcy5Nb2RlbEJhY2tlbmQiLCJfYXV0aF91c2VyX2hhc2giOiI0ZmY0NTAwYzQ3N2Y3NzZjOGU4MjM5OGMxOThmZTJlZjVjYzk4YTE1In0=	2018-12-04 14:44:14.639352-07
d2nvw7plg92bu632pdsljj8cf9sxhxmm	NjNiNjYyNDNkNGFlZDRhMTVjY2NiNjc0OWUyMWQ3MDIzNGU3NTczZTp7Il9hdXRoX3VzZXJfaWQiOiI1IiwiX2F1dGhfdXNlcl9iYWNrZW5kIjoiZGphbmdvLmNvbnRyaWIuYXV0aC5iYWNrZW5kcy5Nb2RlbEJhY2tlbmQiLCJfYXV0aF91c2VyX2hhc2giOiI5Nzk4OGNlZjZiNzlkNzNhZTViMjZhY2U3NTViZWYwZDMwMzNiZTVjIn0=	2018-11-06 11:31:14.157252-07
s1pewdtm40722obkvux8ono0mpy1xg9z	YTRmODJlZjM1YWJlOWRjMjVmYmU0OTBiOGIwNWQ3MWU1NjM5ZmQ3Mzp7Il9hdXRoX3VzZXJfaWQiOiI0IiwiX2F1dGhfdXNlcl9iYWNrZW5kIjoiZGphbmdvLmNvbnRyaWIuYXV0aC5iYWNrZW5kcy5Nb2RlbEJhY2tlbmQiLCJfYXV0aF91c2VyX2hhc2giOiI0ZmY0NTAwYzQ3N2Y3NzZjOGU4MjM5OGMxOThmZTJlZjVjYzk4YTE1In0=	2018-11-10 10:02:48.462283-07
byq6wb37sfnyz464gf2kdvurqsws3dc5	MjA0MWJlNTZlZTVhMDU5NzdkNjBmMWE3ZWMyOTY4YjRmZmQ4MDE3ZDp7Il9hdXRoX3VzZXJfaWQiOiIzIiwiX2F1dGhfdXNlcl9iYWNrZW5kIjoiZGphbmdvLmNvbnRyaWIuYXV0aC5iYWNrZW5kcy5Nb2RlbEJhY2tlbmQiLCJfYXV0aF91c2VyX2hhc2giOiI2YzJhODUwOTlhMDZkNDc0YzAzY2I4NWM3M2MyYjMwZmIxZjU1MDlkIn0=	2018-12-07 07:21:41.738491-07
3dvrqhzs1uuqhdnuoayybi6poxwqi7ro	NjNiNjYyNDNkNGFlZDRhMTVjY2NiNjc0OWUyMWQ3MDIzNGU3NTczZTp7Il9hdXRoX3VzZXJfaWQiOiI1IiwiX2F1dGhfdXNlcl9iYWNrZW5kIjoiZGphbmdvLmNvbnRyaWIuYXV0aC5iYWNrZW5kcy5Nb2RlbEJhY2tlbmQiLCJfYXV0aF91c2VyX2hhc2giOiI5Nzk4OGNlZjZiNzlkNzNhZTViMjZhY2U3NTViZWYwZDMwMzNiZTVjIn0=	2018-11-10 12:59:15.658685-07
xna9aeeywp6z5667k18jr6b52x34aqmk	NjNiNjYyNDNkNGFlZDRhMTVjY2NiNjc0OWUyMWQ3MDIzNGU3NTczZTp7Il9hdXRoX3VzZXJfaWQiOiI1IiwiX2F1dGhfdXNlcl9iYWNrZW5kIjoiZGphbmdvLmNvbnRyaWIuYXV0aC5iYWNrZW5kcy5Nb2RlbEJhY2tlbmQiLCJfYXV0aF91c2VyX2hhc2giOiI5Nzk4OGNlZjZiNzlkNzNhZTViMjZhY2U3NTViZWYwZDMwMzNiZTVjIn0=	2018-12-10 08:25:10.37872-07
qjqgm6kjsuqwfopvbwcc9u1lxd7or1jz	YTRmODJlZjM1YWJlOWRjMjVmYmU0OTBiOGIwNWQ3MWU1NjM5ZmQ3Mzp7Il9hdXRoX3VzZXJfaWQiOiI0IiwiX2F1dGhfdXNlcl9iYWNrZW5kIjoiZGphbmdvLmNvbnRyaWIuYXV0aC5iYWNrZW5kcy5Nb2RlbEJhY2tlbmQiLCJfYXV0aF91c2VyX2hhc2giOiI0ZmY0NTAwYzQ3N2Y3NzZjOGU4MjM5OGMxOThmZTJlZjVjYzk4YTE1In0=	2018-12-18 14:52:26.918607-07
k3w4rqdu48jn6kykiqmvkxrlbk34q1r2	MDNlNzM5ZDBkNWZkMjliN2ZjOTdlNmNjOTkwOWI2NDQzYWJkM2IwMzp7Il9hdXRoX3VzZXJfaWQiOiI2IiwiX2F1dGhfdXNlcl9iYWNrZW5kIjoiZGphbmdvLmNvbnRyaWIuYXV0aC5iYWNrZW5kcy5Nb2RlbEJhY2tlbmQiLCJfYXV0aF91c2VyX2hhc2giOiJiN2JjYWY4Y2IyY2FkMDFmYzA4YTg5NjhkZWYwNWExYzQ3NDIzYmY1In0=	2018-12-20 16:31:36.584658-07
4vly1yncgqxqeetca34pk8jyucmw44q7	NjNiNjYyNDNkNGFlZDRhMTVjY2NiNjc0OWUyMWQ3MDIzNGU3NTczZTp7Il9hdXRoX3VzZXJfaWQiOiI1IiwiX2F1dGhfdXNlcl9iYWNrZW5kIjoiZGphbmdvLmNvbnRyaWIuYXV0aC5iYWNrZW5kcy5Nb2RlbEJhY2tlbmQiLCJfYXV0aF91c2VyX2hhc2giOiI5Nzk4OGNlZjZiNzlkNzNhZTViMjZhY2U3NTViZWYwZDMwMzNiZTVjIn0=	2018-12-24 14:16:52.200362-07
whvlmzdhgr5lohfk1u76qubcedz0lsw2	MDNlNzM5ZDBkNWZkMjliN2ZjOTdlNmNjOTkwOWI2NDQzYWJkM2IwMzp7Il9hdXRoX3VzZXJfaWQiOiI2IiwiX2F1dGhfdXNlcl9iYWNrZW5kIjoiZGphbmdvLmNvbnRyaWIuYXV0aC5iYWNrZW5kcy5Nb2RlbEJhY2tlbmQiLCJfYXV0aF91c2VyX2hhc2giOiJiN2JjYWY4Y2IyY2FkMDFmYzA4YTg5NjhkZWYwNWExYzQ3NDIzYmY1In0=	2018-11-10 22:02:18.29078-07
js91xzoy814pgdcunn0opnahh14kd7bw	NzNiODY2N2QyNTY5YWVhZTJiMGE5ODIzZWNjMDZhYmRiNzMxNDk3Yjp7Il9hdXRoX3VzZXJfaWQiOiI4IiwiX2F1dGhfdXNlcl9iYWNrZW5kIjoiZGphbmdvLmNvbnRyaWIuYXV0aC5iYWNrZW5kcy5Nb2RlbEJhY2tlbmQiLCJfYXV0aF91c2VyX2hhc2giOiJhMzI2MTZlZGQ1ZTU0YTJjOTY2YzE0NTMxOWFmYTVmNWRhMTkzYjAzIn0=	2018-11-12 07:01:19.444199-07
c7bwxs11j5798kisaybqmvnyfa4294wo	NjNiNjYyNDNkNGFlZDRhMTVjY2NiNjc0OWUyMWQ3MDIzNGU3NTczZTp7Il9hdXRoX3VzZXJfaWQiOiI1IiwiX2F1dGhfdXNlcl9iYWNrZW5kIjoiZGphbmdvLmNvbnRyaWIuYXV0aC5iYWNrZW5kcy5Nb2RlbEJhY2tlbmQiLCJfYXV0aF91c2VyX2hhc2giOiI5Nzk4OGNlZjZiNzlkNzNhZTViMjZhY2U3NTViZWYwZDMwMzNiZTVjIn0=	2018-12-26 17:17:22.322808-07
1m8219fe8ngsb49g4eveme3hayrkseg5	NjNiNjYyNDNkNGFlZDRhMTVjY2NiNjc0OWUyMWQ3MDIzNGU3NTczZTp7Il9hdXRoX3VzZXJfaWQiOiI1IiwiX2F1dGhfdXNlcl9iYWNrZW5kIjoiZGphbmdvLmNvbnRyaWIuYXV0aC5iYWNrZW5kcy5Nb2RlbEJhY2tlbmQiLCJfYXV0aF91c2VyX2hhc2giOiI5Nzk4OGNlZjZiNzlkNzNhZTViMjZhY2U3NTViZWYwZDMwMzNiZTVjIn0=	2018-11-12 07:37:46.049068-07
h3ib7hr8umkqk26szyvtd618y5b623gh	MjA0MWJlNTZlZTVhMDU5NzdkNjBmMWE3ZWMyOTY4YjRmZmQ4MDE3ZDp7Il9hdXRoX3VzZXJfaWQiOiIzIiwiX2F1dGhfdXNlcl9iYWNrZW5kIjoiZGphbmdvLmNvbnRyaWIuYXV0aC5iYWNrZW5kcy5Nb2RlbEJhY2tlbmQiLCJfYXV0aF91c2VyX2hhc2giOiI2YzJhODUwOTlhMDZkNDc0YzAzY2I4NWM3M2MyYjMwZmIxZjU1MDlkIn0=	2018-12-28 09:22:35.841895-07
aen76mj4o8jcj760jwsahzj51agyam22	YTRmODJlZjM1YWJlOWRjMjVmYmU0OTBiOGIwNWQ3MWU1NjM5ZmQ3Mzp7Il9hdXRoX3VzZXJfaWQiOiI0IiwiX2F1dGhfdXNlcl9iYWNrZW5kIjoiZGphbmdvLmNvbnRyaWIuYXV0aC5iYWNrZW5kcy5Nb2RlbEJhY2tlbmQiLCJfYXV0aF91c2VyX2hhc2giOiI0ZmY0NTAwYzQ3N2Y3NzZjOGU4MjM5OGMxOThmZTJlZjVjYzk4YTE1In0=	2019-01-09 12:28:01.699859-07
hc63m0rfcu64r28zw536gc8l35uwtdod	MjA0MWJlNTZlZTVhMDU5NzdkNjBmMWE3ZWMyOTY4YjRmZmQ4MDE3ZDp7Il9hdXRoX3VzZXJfaWQiOiIzIiwiX2F1dGhfdXNlcl9iYWNrZW5kIjoiZGphbmdvLmNvbnRyaWIuYXV0aC5iYWNrZW5kcy5Nb2RlbEJhY2tlbmQiLCJfYXV0aF91c2VyX2hhc2giOiI2YzJhODUwOTlhMDZkNDc0YzAzY2I4NWM3M2MyYjMwZmIxZjU1MDlkIn0=	2019-01-21 07:08:47.578022-07
tu045wipslwahxso6kvbq6mtxt6f1bgq	NjNiNjYyNDNkNGFlZDRhMTVjY2NiNjc0OWUyMWQ3MDIzNGU3NTczZTp7Il9hdXRoX3VzZXJfaWQiOiI1IiwiX2F1dGhfdXNlcl9iYWNrZW5kIjoiZGphbmdvLmNvbnRyaWIuYXV0aC5iYWNrZW5kcy5Nb2RlbEJhY2tlbmQiLCJfYXV0aF91c2VyX2hhc2giOiI5Nzk4OGNlZjZiNzlkNzNhZTViMjZhY2U3NTViZWYwZDMwMzNiZTVjIn0=	2019-01-23 22:10:31.18937-07
d8zi13k3nqbgivr8c96tb3uwwi04a9tq	YTRmODJlZjM1YWJlOWRjMjVmYmU0OTBiOGIwNWQ3MWU1NjM5ZmQ3Mzp7Il9hdXRoX3VzZXJfaWQiOiI0IiwiX2F1dGhfdXNlcl9iYWNrZW5kIjoiZGphbmdvLmNvbnRyaWIuYXV0aC5iYWNrZW5kcy5Nb2RlbEJhY2tlbmQiLCJfYXV0aF91c2VyX2hhc2giOiI0ZmY0NTAwYzQ3N2Y3NzZjOGU4MjM5OGMxOThmZTJlZjVjYzk4YTE1In0=	2019-01-25 12:13:08.666017-07
ne4hmvk3ete2vkh6ozxlnjeocpaathz0	NjNiNjYyNDNkNGFlZDRhMTVjY2NiNjc0OWUyMWQ3MDIzNGU3NTczZTp7Il9hdXRoX3VzZXJfaWQiOiI1IiwiX2F1dGhfdXNlcl9iYWNrZW5kIjoiZGphbmdvLmNvbnRyaWIuYXV0aC5iYWNrZW5kcy5Nb2RlbEJhY2tlbmQiLCJfYXV0aF91c2VyX2hhc2giOiI5Nzk4OGNlZjZiNzlkNzNhZTViMjZhY2U3NTViZWYwZDMwMzNiZTVjIn0=	2019-01-31 16:04:41.868484-07
jav1m9h4cas3owk7gyofj6du9lor984h	NjNiNjYyNDNkNGFlZDRhMTVjY2NiNjc0OWUyMWQ3MDIzNGU3NTczZTp7Il9hdXRoX3VzZXJfaWQiOiI1IiwiX2F1dGhfdXNlcl9iYWNrZW5kIjoiZGphbmdvLmNvbnRyaWIuYXV0aC5iYWNrZW5kcy5Nb2RlbEJhY2tlbmQiLCJfYXV0aF91c2VyX2hhc2giOiI5Nzk4OGNlZjZiNzlkNzNhZTViMjZhY2U3NTViZWYwZDMwMzNiZTVjIn0=	2019-02-02 14:47:24.762254-07
tu7t7nadppenuy4brnx48dlxjndquhxe	MDNlNzM5ZDBkNWZkMjliN2ZjOTdlNmNjOTkwOWI2NDQzYWJkM2IwMzp7Il9hdXRoX3VzZXJfaWQiOiI2IiwiX2F1dGhfdXNlcl9iYWNrZW5kIjoiZGphbmdvLmNvbnRyaWIuYXV0aC5iYWNrZW5kcy5Nb2RlbEJhY2tlbmQiLCJfYXV0aF91c2VyX2hhc2giOiJiN2JjYWY4Y2IyY2FkMDFmYzA4YTg5NjhkZWYwNWExYzQ3NDIzYmY1In0=	2019-02-07 16:24:42.307635-07
u4lmffgv8l2wiaebi5e5dzzm3m4092ca	NTVkMTcwMDg1NDZjMDNiYzAwZjIxN2Q5ZTkyNjBlNTViODljNTE1Zjp7Il9hdXRoX3VzZXJfaWQiOiI1IiwiX2F1dGhfdXNlcl9iYWNrZW5kIjoiZGphbmdvLmNvbnRyaWIuYXV0aC5iYWNrZW5kcy5Nb2RlbEJhY2tlbmQiLCJfYXV0aF91c2VyX2hhc2giOiJiMmU3ZTdiM2I5NmRlZWI4NTljMjE0MWEzMThhMDczYzFiNDJkYzcxIn0=	2019-02-18 07:26:14.798144-07
93fe4ki9qju86eojlhh5n37h6hjeyfft	NjNiNjYyNDNkNGFlZDRhMTVjY2NiNjc0OWUyMWQ3MDIzNGU3NTczZTp7Il9hdXRoX3VzZXJfaWQiOiI1IiwiX2F1dGhfdXNlcl9iYWNrZW5kIjoiZGphbmdvLmNvbnRyaWIuYXV0aC5iYWNrZW5kcy5Nb2RlbEJhY2tlbmQiLCJfYXV0aF91c2VyX2hhc2giOiI5Nzk4OGNlZjZiNzlkNzNhZTViMjZhY2U3NTViZWYwZDMwMzNiZTVjIn0=	2018-12-08 23:29:58.584698-07
490ze3cv13kbaowtgu4bkeswks12ooto	NzNiODY2N2QyNTY5YWVhZTJiMGE5ODIzZWNjMDZhYmRiNzMxNDk3Yjp7Il9hdXRoX3VzZXJfaWQiOiI4IiwiX2F1dGhfdXNlcl9iYWNrZW5kIjoiZGphbmdvLmNvbnRyaWIuYXV0aC5iYWNrZW5kcy5Nb2RlbEJhY2tlbmQiLCJfYXV0aF91c2VyX2hhc2giOiJhMzI2MTZlZGQ1ZTU0YTJjOTY2YzE0NTMxOWFmYTVmNWRhMTkzYjAzIn0=	2018-12-10 15:01:13.550652-07
u30dmligltnmhe5vx3k4pw9j51v51ogc	NzhkYjRkODI1ZjNiNzVkOTk3OWExYzRmMGU4YzI1ZTRjZDE2ODg0Yzp7Il9hdXRoX3VzZXJfaWQiOiIzIiwiX2F1dGhfdXNlcl9iYWNrZW5kIjoiZGphbmdvLmNvbnRyaWIuYXV0aC5iYWNrZW5kcy5Nb2RlbEJhY2tlbmQiLCJfYXV0aF91c2VyX2hhc2giOiI1NmY1N2I5ZTg0NDc4NjY0MzkxNjVhMGE3MjlhOTUxY2E4YmI4OTE3In0=	2019-02-27 07:10:47.851472-07
g4levhk91j07szc4gvdv513ma4nu9kyj	YTRmODJlZjM1YWJlOWRjMjVmYmU0OTBiOGIwNWQ3MWU1NjM5ZmQ3Mzp7Il9hdXRoX3VzZXJfaWQiOiI0IiwiX2F1dGhfdXNlcl9iYWNrZW5kIjoiZGphbmdvLmNvbnRyaWIuYXV0aC5iYWNrZW5kcy5Nb2RlbEJhY2tlbmQiLCJfYXV0aF91c2VyX2hhc2giOiI0ZmY0NTAwYzQ3N2Y3NzZjOGU4MjM5OGMxOThmZTJlZjVjYzk4YTE1In0=	2018-12-21 14:09:09.758647-07
wadw22yqp865tka8wcharuzhdp2prkbo	NzhkYjRkODI1ZjNiNzVkOTk3OWExYzRmMGU4YzI1ZTRjZDE2ODg0Yzp7Il9hdXRoX3VzZXJfaWQiOiIzIiwiX2F1dGhfdXNlcl9iYWNrZW5kIjoiZGphbmdvLmNvbnRyaWIuYXV0aC5iYWNrZW5kcy5Nb2RlbEJhY2tlbmQiLCJfYXV0aF91c2VyX2hhc2giOiI1NmY1N2I5ZTg0NDc4NjY0MzkxNjVhMGE3MjlhOTUxY2E4YmI4OTE3In0=	2019-03-05 07:00:25.872291-07
6tsz0rb6yc0260iq8kb3084b730p0bug	MDNlNzM5ZDBkNWZkMjliN2ZjOTdlNmNjOTkwOWI2NDQzYWJkM2IwMzp7Il9hdXRoX3VzZXJfaWQiOiI2IiwiX2F1dGhfdXNlcl9iYWNrZW5kIjoiZGphbmdvLmNvbnRyaWIuYXV0aC5iYWNrZW5kcy5Nb2RlbEJhY2tlbmQiLCJfYXV0aF91c2VyX2hhc2giOiJiN2JjYWY4Y2IyY2FkMDFmYzA4YTg5NjhkZWYwNWExYzQ3NDIzYmY1In0=	2018-12-27 09:21:10.813402-07
to8aqongpkr5tbua08rpzxrns1ejdsuh	NjNiNjYyNDNkNGFlZDRhMTVjY2NiNjc0OWUyMWQ3MDIzNGU3NTczZTp7Il9hdXRoX3VzZXJfaWQiOiI1IiwiX2F1dGhfdXNlcl9iYWNrZW5kIjoiZGphbmdvLmNvbnRyaWIuYXV0aC5iYWNrZW5kcy5Nb2RlbEJhY2tlbmQiLCJfYXV0aF91c2VyX2hhc2giOiI5Nzk4OGNlZjZiNzlkNzNhZTViMjZhY2U3NTViZWYwZDMwMzNiZTVjIn0=	2019-01-09 17:37:11.193104-07
lc25nw0d4moq9uex5vat4xxibawk01ur	NzhkYjRkODI1ZjNiNzVkOTk3OWExYzRmMGU4YzI1ZTRjZDE2ODg0Yzp7Il9hdXRoX3VzZXJfaWQiOiIzIiwiX2F1dGhfdXNlcl9iYWNrZW5kIjoiZGphbmdvLmNvbnRyaWIuYXV0aC5iYWNrZW5kcy5Nb2RlbEJhY2tlbmQiLCJfYXV0aF91c2VyX2hhc2giOiI1NmY1N2I5ZTg0NDc4NjY0MzkxNjVhMGE3MjlhOTUxY2E4YmI4OTE3In0=	2019-04-02 13:53:12.030927-06
zrbb2f90m274viqn2zvndnx5fi3za4yd	NjNiNjYyNDNkNGFlZDRhMTVjY2NiNjc0OWUyMWQ3MDIzNGU3NTczZTp7Il9hdXRoX3VzZXJfaWQiOiI1IiwiX2F1dGhfdXNlcl9iYWNrZW5kIjoiZGphbmdvLmNvbnRyaWIuYXV0aC5iYWNrZW5kcy5Nb2RlbEJhY2tlbmQiLCJfYXV0aF91c2VyX2hhc2giOiI5Nzk4OGNlZjZiNzlkNzNhZTViMjZhY2U3NTViZWYwZDMwMzNiZTVjIn0=	2019-01-24 21:50:41.994204-07
ncdq5myb6z3b7cp1nkm0i2kguqjyy2mb	NTM1NGUyM2IyZWNiYTM4MDIyODBiZDVmODcxMDdiNWU4OTliODkwZTp7Il9hdXRoX3VzZXJfaWQiOiI5IiwiX2F1dGhfdXNlcl9iYWNrZW5kIjoiZGphbmdvLmNvbnRyaWIuYXV0aC5iYWNrZW5kcy5Nb2RlbEJhY2tlbmQiLCJfYXV0aF91c2VyX2hhc2giOiJiNWVhYjY4YzE4NmMwYjNhMGUyMThiZjk3MWY4NDZmOWFjYmYyM2YxIn0=	2019-03-16 13:03:22.477927-06
ppjs0j4wpd2zk40z0z6x5lnxuld2f3eo	NzhkYjRkODI1ZjNiNzVkOTk3OWExYzRmMGU4YzI1ZTRjZDE2ODg0Yzp7Il9hdXRoX3VzZXJfaWQiOiIzIiwiX2F1dGhfdXNlcl9iYWNrZW5kIjoiZGphbmdvLmNvbnRyaWIuYXV0aC5iYWNrZW5kcy5Nb2RlbEJhY2tlbmQiLCJfYXV0aF91c2VyX2hhc2giOiI1NmY1N2I5ZTg0NDc4NjY0MzkxNjVhMGE3MjlhOTUxY2E4YmI4OTE3In0=	2019-03-19 12:18:28.086749-06
jgfzwcp4sm2qalbdl6tgl3c49ubztqnq	NzhkYjRkODI1ZjNiNzVkOTk3OWExYzRmMGU4YzI1ZTRjZDE2ODg0Yzp7Il9hdXRoX3VzZXJfaWQiOiIzIiwiX2F1dGhfdXNlcl9iYWNrZW5kIjoiZGphbmdvLmNvbnRyaWIuYXV0aC5iYWNrZW5kcy5Nb2RlbEJhY2tlbmQiLCJfYXV0aF91c2VyX2hhc2giOiI1NmY1N2I5ZTg0NDc4NjY0MzkxNjVhMGE3MjlhOTUxY2E4YmI4OTE3In0=	2019-03-26 15:01:33.382634-06
6xx1o3xh46dazfrs4jricrhxce8kdsjq	YTRmODJlZjM1YWJlOWRjMjVmYmU0OTBiOGIwNWQ3MWU1NjM5ZmQ3Mzp7Il9hdXRoX3VzZXJfaWQiOiI0IiwiX2F1dGhfdXNlcl9iYWNrZW5kIjoiZGphbmdvLmNvbnRyaWIuYXV0aC5iYWNrZW5kcy5Nb2RlbEJhY2tlbmQiLCJfYXV0aF91c2VyX2hhc2giOiI0ZmY0NTAwYzQ3N2Y3NzZjOGU4MjM5OGMxOThmZTJlZjVjYzk4YTE1In0=	2018-12-11 08:37:45.255878-07
j2rdgvjx72d98d47925cp0xtsyvumlva	NTVkMTcwMDg1NDZjMDNiYzAwZjIxN2Q5ZTkyNjBlNTViODljNTE1Zjp7Il9hdXRoX3VzZXJfaWQiOiI1IiwiX2F1dGhfdXNlcl9iYWNrZW5kIjoiZGphbmdvLmNvbnRyaWIuYXV0aC5iYWNrZW5kcy5Nb2RlbEJhY2tlbmQiLCJfYXV0aF91c2VyX2hhc2giOiJiMmU3ZTdiM2I5NmRlZWI4NTljMjE0MWEzMThhMDczYzFiNDJkYzcxIn0=	2019-03-31 15:17:32.35837-06
bpjf975d2oo2mna56hk64qox6w5wn32f	NzNiODY2N2QyNTY5YWVhZTJiMGE5ODIzZWNjMDZhYmRiNzMxNDk3Yjp7Il9hdXRoX3VzZXJfaWQiOiI4IiwiX2F1dGhfdXNlcl9iYWNrZW5kIjoiZGphbmdvLmNvbnRyaWIuYXV0aC5iYWNrZW5kcy5Nb2RlbEJhY2tlbmQiLCJfYXV0aF91c2VyX2hhc2giOiJhMzI2MTZlZGQ1ZTU0YTJjOTY2YzE0NTMxOWFmYTVmNWRhMTkzYjAzIn0=	2018-12-27 17:48:00.541456-07
c45sjn46cdzgc2dw9eaej4ll6guwcq65	MjA0MWJlNTZlZTVhMDU5NzdkNjBmMWE3ZWMyOTY4YjRmZmQ4MDE3ZDp7Il9hdXRoX3VzZXJfaWQiOiIzIiwiX2F1dGhfdXNlcl9iYWNrZW5kIjoiZGphbmdvLmNvbnRyaWIuYXV0aC5iYWNrZW5kcy5Nb2RlbEJhY2tlbmQiLCJfYXV0aF91c2VyX2hhc2giOiI2YzJhODUwOTlhMDZkNDc0YzAzY2I4NWM3M2MyYjMwZmIxZjU1MDlkIn0=	2018-11-21 07:32:03.786271-07
zhxuw8wpgz0r9m0we9ms5c7tklv8k7p2	MDcwOWQ3NDFhZjdmZTZlOTAxY2E3ZDk2ZmZkY2YwYTZhN2VjMThhODp7Il9hdXRoX3VzZXJfaWQiOiI4IiwiX2F1dGhfdXNlcl9iYWNrZW5kIjoiZGphbmdvLmNvbnRyaWIuYXV0aC5iYWNrZW5kcy5Nb2RlbEJhY2tlbmQiLCJfYXV0aF91c2VyX2hhc2giOiIyODdmNzM5MTRiYThmODQ4ZDgzNWUwNThhZTJiYmM2ZWExM2NkMjFjIn0=	2019-02-18 17:36:02.396176-07
qbq2ifefe2666vhlhghlccscbb9leo6x	NjNiNjYyNDNkNGFlZDRhMTVjY2NiNjc0OWUyMWQ3MDIzNGU3NTczZTp7Il9hdXRoX3VzZXJfaWQiOiI1IiwiX2F1dGhfdXNlcl9iYWNrZW5kIjoiZGphbmdvLmNvbnRyaWIuYXV0aC5iYWNrZW5kcy5Nb2RlbEJhY2tlbmQiLCJfYXV0aF91c2VyX2hhc2giOiI5Nzk4OGNlZjZiNzlkNzNhZTViMjZhY2U3NTViZWYwZDMwMzNiZTVjIn0=	2019-01-10 11:24:21.425952-07
m1gw1p990f6lq7l0n8msostatat9p9o0	MDcwOWQ3NDFhZjdmZTZlOTAxY2E3ZDk2ZmZkY2YwYTZhN2VjMThhODp7Il9hdXRoX3VzZXJfaWQiOiI4IiwiX2F1dGhfdXNlcl9iYWNrZW5kIjoiZGphbmdvLmNvbnRyaWIuYXV0aC5iYWNrZW5kcy5Nb2RlbEJhY2tlbmQiLCJfYXV0aF91c2VyX2hhc2giOiIyODdmNzM5MTRiYThmODQ4ZDgzNWUwNThhZTJiYmM2ZWExM2NkMjFjIn0=	2019-04-01 20:57:52.519152-06
nebufw2j7x1v0f637r55jh7bigjdd65a	NTVkMTcwMDg1NDZjMDNiYzAwZjIxN2Q5ZTkyNjBlNTViODljNTE1Zjp7Il9hdXRoX3VzZXJfaWQiOiI1IiwiX2F1dGhfdXNlcl9iYWNrZW5kIjoiZGphbmdvLmNvbnRyaWIuYXV0aC5iYWNrZW5kcy5Nb2RlbEJhY2tlbmQiLCJfYXV0aF91c2VyX2hhc2giOiJiMmU3ZTdiM2I5NmRlZWI4NTljMjE0MWEzMThhMDczYzFiNDJkYzcxIn0=	2019-02-26 08:07:43.467825-07
vzcajgzx468ufvhbvufulup6m8rgb0hj	NDU1NWU2Njg3ODc3OWU0Mzg0ODhlMjQ1YzljNjMxMzQ1Nzg0NmFmMzp7Il9hdXRoX3VzZXJfaWQiOiI3IiwiX2F1dGhfdXNlcl9iYWNrZW5kIjoiZGphbmdvLmNvbnRyaWIuYXV0aC5iYWNrZW5kcy5Nb2RlbEJhY2tlbmQiLCJfYXV0aF91c2VyX2hhc2giOiI5YmI1MjcyNjU2MDc5YWIxYWUyM2Y1NzQ3NjBmMDU5N2EwNTEzY2Q4In0=	2019-02-26 09:00:34.213928-07
gpg9siktwruz9to5jzcdndz2uf96gfn7	NDIzOGViZjRjZjNmODk4NTRhOGY1NTc1MGVlYzVhNDkyZDdmOGZmMDp7Il9hdXRoX3VzZXJfaWQiOiI0IiwiX2F1dGhfdXNlcl9iYWNrZW5kIjoiZGphbmdvLmNvbnRyaWIuYXV0aC5iYWNrZW5kcy5Nb2RlbEJhY2tlbmQiLCJfYXV0aF91c2VyX2hhc2giOiJlYzM1OWMwMjhlZGNhNjkyMTZiYWMzZDI2Y2QxZjc4MjgzNDI5YzQ1In0=	2019-02-14 21:53:09.695573-07
sm1klk660svuptwt22tkw2neg6zd7luz	NTVkMTcwMDg1NDZjMDNiYzAwZjIxN2Q5ZTkyNjBlNTViODljNTE1Zjp7Il9hdXRoX3VzZXJfaWQiOiI1IiwiX2F1dGhfdXNlcl9iYWNrZW5kIjoiZGphbmdvLmNvbnRyaWIuYXV0aC5iYWNrZW5kcy5Nb2RlbEJhY2tlbmQiLCJfYXV0aF91c2VyX2hhc2giOiJiMmU3ZTdiM2I5NmRlZWI4NTljMjE0MWEzMThhMDczYzFiNDJkYzcxIn0=	2019-02-27 16:41:24.422325-07
ga3esmim95c6b6jbg0ap4intnk50vn7b	NDUyYTZlMGMyODk4ZDZiOTI5MWEwMzNiZDZiNjZhYmZkOTRjNDVlNjp7Il9hdXRoX3VzZXJfaWQiOiI2IiwiX2F1dGhfdXNlcl9iYWNrZW5kIjoiZGphbmdvLmNvbnRyaWIuYXV0aC5iYWNrZW5kcy5Nb2RlbEJhY2tlbmQiLCJfYXV0aF91c2VyX2hhc2giOiIxYzE1ZTIzMWQwMTJkZjQ3OGI4YjZiZjJjNjcxOTc2OTlmMGUzY2RiIn0=	2019-02-16 08:42:42.88791-07
pewpnj0iwn2nne1aaswu4il0w0y328gz	NTVkMTcwMDg1NDZjMDNiYzAwZjIxN2Q5ZTkyNjBlNTViODljNTE1Zjp7Il9hdXRoX3VzZXJfaWQiOiI1IiwiX2F1dGhfdXNlcl9iYWNrZW5kIjoiZGphbmdvLmNvbnRyaWIuYXV0aC5iYWNrZW5kcy5Nb2RlbEJhY2tlbmQiLCJfYXV0aF91c2VyX2hhc2giOiJiMmU3ZTdiM2I5NmRlZWI4NTljMjE0MWEzMThhMDczYzFiNDJkYzcxIn0=	2019-02-17 15:58:43.915109-07
tbwa8nge62ussv8a02mmuje3rnf2zlv0	NDIzOGViZjRjZjNmODk4NTRhOGY1NTc1MGVlYzVhNDkyZDdmOGZmMDp7Il9hdXRoX3VzZXJfaWQiOiI0IiwiX2F1dGhfdXNlcl9iYWNrZW5kIjoiZGphbmdvLmNvbnRyaWIuYXV0aC5iYWNrZW5kcy5Nb2RlbEJhY2tlbmQiLCJfYXV0aF91c2VyX2hhc2giOiJlYzM1OWMwMjhlZGNhNjkyMTZiYWMzZDI2Y2QxZjc4MjgzNDI5YzQ1In0=	2019-03-01 08:59:45.594736-07
7qwsjct9jrydpwr9o1bwrsnufcpysvjp	NTVkMTcwMDg1NDZjMDNiYzAwZjIxN2Q5ZTkyNjBlNTViODljNTE1Zjp7Il9hdXRoX3VzZXJfaWQiOiI1IiwiX2F1dGhfdXNlcl9iYWNrZW5kIjoiZGphbmdvLmNvbnRyaWIuYXV0aC5iYWNrZW5kcy5Nb2RlbEJhY2tlbmQiLCJfYXV0aF91c2VyX2hhc2giOiJiMmU3ZTdiM2I5NmRlZWI4NTljMjE0MWEzMThhMDczYzFiNDJkYzcxIn0=	2019-03-04 08:15:55.413417-07
7uln21tm9ir23atihe8tqhzg4bbe6s9m	NTVkMTcwMDg1NDZjMDNiYzAwZjIxN2Q5ZTkyNjBlNTViODljNTE1Zjp7Il9hdXRoX3VzZXJfaWQiOiI1IiwiX2F1dGhfdXNlcl9iYWNrZW5kIjoiZGphbmdvLmNvbnRyaWIuYXV0aC5iYWNrZW5kcy5Nb2RlbEJhY2tlbmQiLCJfYXV0aF91c2VyX2hhc2giOiJiMmU3ZTdiM2I5NmRlZWI4NTljMjE0MWEzMThhMDczYzFiNDJkYzcxIn0=	2019-03-16 12:59:32.366576-06
ozdd9b31tky5hxrxn23mwzir7x9pox8g	MDcwOWQ3NDFhZjdmZTZlOTAxY2E3ZDk2ZmZkY2YwYTZhN2VjMThhODp7Il9hdXRoX3VzZXJfaWQiOiI4IiwiX2F1dGhfdXNlcl9iYWNrZW5kIjoiZGphbmdvLmNvbnRyaWIuYXV0aC5iYWNrZW5kcy5Nb2RlbEJhY2tlbmQiLCJfYXV0aF91c2VyX2hhc2giOiIyODdmNzM5MTRiYThmODQ4ZDgzNWUwNThhZTJiYmM2ZWExM2NkMjFjIn0=	2019-03-18 20:55:21.616682-06
l4gzt5zc0o9jkvu49a7xhjri19pow89s	NTVkMTcwMDg1NDZjMDNiYzAwZjIxN2Q5ZTkyNjBlNTViODljNTE1Zjp7Il9hdXRoX3VzZXJfaWQiOiI1IiwiX2F1dGhfdXNlcl9iYWNrZW5kIjoiZGphbmdvLmNvbnRyaWIuYXV0aC5iYWNrZW5kcy5Nb2RlbEJhY2tlbmQiLCJfYXV0aF91c2VyX2hhc2giOiJiMmU3ZTdiM2I5NmRlZWI4NTljMjE0MWEzMThhMDczYzFiNDJkYzcxIn0=	2019-03-27 11:04:07.006024-06
j65py3zu8kujvog528fw6mw8w20rxgrn	NDU1NWU2Njg3ODc3OWU0Mzg0ODhlMjQ1YzljNjMxMzQ1Nzg0NmFmMzp7Il9hdXRoX3VzZXJfaWQiOiI3IiwiX2F1dGhfdXNlcl9iYWNrZW5kIjoiZGphbmdvLmNvbnRyaWIuYXV0aC5iYWNrZW5kcy5Nb2RlbEJhY2tlbmQiLCJfYXV0aF91c2VyX2hhc2giOiI5YmI1MjcyNjU2MDc5YWIxYWUyM2Y1NzQ3NjBmMDU5N2EwNTEzY2Q4In0=	2019-03-29 12:47:14.006796-06
oefcvynrq0kd6qkebwd3y8ej3lvy0ag3	NjNiNjYyNDNkNGFlZDRhMTVjY2NiNjc0OWUyMWQ3MDIzNGU3NTczZTp7Il9hdXRoX3VzZXJfaWQiOiI1IiwiX2F1dGhfdXNlcl9iYWNrZW5kIjoiZGphbmdvLmNvbnRyaWIuYXV0aC5iYWNrZW5kcy5Nb2RlbEJhY2tlbmQiLCJfYXV0aF91c2VyX2hhc2giOiI5Nzk4OGNlZjZiNzlkNzNhZTViMjZhY2U3NTViZWYwZDMwMzNiZTVjIn0=	2018-11-24 17:02:09.359215-07
l9r302c63qiwrffxyyb04z7smzwg9jm7	MDNlNzM5ZDBkNWZkMjliN2ZjOTdlNmNjOTkwOWI2NDQzYWJkM2IwMzp7Il9hdXRoX3VzZXJfaWQiOiI2IiwiX2F1dGhfdXNlcl9iYWNrZW5kIjoiZGphbmdvLmNvbnRyaWIuYXV0aC5iYWNrZW5kcy5Nb2RlbEJhY2tlbmQiLCJfYXV0aF91c2VyX2hhc2giOiJiN2JjYWY4Y2IyY2FkMDFmYzA4YTg5NjhkZWYwNWExYzQ3NDIzYmY1In0=	2018-11-25 09:34:45.739855-07
6f9ir5bq2259gbazzkjltvr8u1wcrokm	NDU1NWU2Njg3ODc3OWU0Mzg0ODhlMjQ1YzljNjMxMzQ1Nzg0NmFmMzp7Il9hdXRoX3VzZXJfaWQiOiI3IiwiX2F1dGhfdXNlcl9iYWNrZW5kIjoiZGphbmdvLmNvbnRyaWIuYXV0aC5iYWNrZW5kcy5Nb2RlbEJhY2tlbmQiLCJfYXV0aF91c2VyX2hhc2giOiI5YmI1MjcyNjU2MDc5YWIxYWUyM2Y1NzQ3NjBmMDU5N2EwNTEzY2Q4In0=	2019-02-21 16:11:12.816431-07
48ho6wd0n871hrup8hj1vbd0i2cdcqi0	YTRmODJlZjM1YWJlOWRjMjVmYmU0OTBiOGIwNWQ3MWU1NjM5ZmQ3Mzp7Il9hdXRoX3VzZXJfaWQiOiI0IiwiX2F1dGhfdXNlcl9iYWNrZW5kIjoiZGphbmdvLmNvbnRyaWIuYXV0aC5iYWNrZW5kcy5Nb2RlbEJhY2tlbmQiLCJfYXV0aF91c2VyX2hhc2giOiI0ZmY0NTAwYzQ3N2Y3NzZjOGU4MjM5OGMxOThmZTJlZjVjYzk4YTE1In0=	2018-11-25 21:23:49.442374-07
9zv3t55dyq0o6whfaq7243icpieln04u	NTVkMTcwMDg1NDZjMDNiYzAwZjIxN2Q5ZTkyNjBlNTViODljNTE1Zjp7Il9hdXRoX3VzZXJfaWQiOiI1IiwiX2F1dGhfdXNlcl9iYWNrZW5kIjoiZGphbmdvLmNvbnRyaWIuYXV0aC5iYWNrZW5kcy5Nb2RlbEJhY2tlbmQiLCJfYXV0aF91c2VyX2hhc2giOiJiMmU3ZTdiM2I5NmRlZWI4NTljMjE0MWEzMThhMDczYzFiNDJkYzcxIn0=	2019-04-01 09:22:11.334208-06
czlgr6ohr5udsmz4lyr3fidoo9rygwck	NzNiODY2N2QyNTY5YWVhZTJiMGE5ODIzZWNjMDZhYmRiNzMxNDk3Yjp7Il9hdXRoX3VzZXJfaWQiOiI4IiwiX2F1dGhfdXNlcl9iYWNrZW5kIjoiZGphbmdvLmNvbnRyaWIuYXV0aC5iYWNrZW5kcy5Nb2RlbEJhY2tlbmQiLCJfYXV0aF91c2VyX2hhc2giOiJhMzI2MTZlZGQ1ZTU0YTJjOTY2YzE0NTMxOWFmYTVmNWRhMTkzYjAzIn0=	2018-11-26 07:14:26.795589-07
2y7zev56qus1im5trry8td1r9urv8qjh	NTVkMTcwMDg1NDZjMDNiYzAwZjIxN2Q5ZTkyNjBlNTViODljNTE1Zjp7Il9hdXRoX3VzZXJfaWQiOiI1IiwiX2F1dGhfdXNlcl9iYWNrZW5kIjoiZGphbmdvLmNvbnRyaWIuYXV0aC5iYWNrZW5kcy5Nb2RlbEJhY2tlbmQiLCJfYXV0aF91c2VyX2hhc2giOiJiMmU3ZTdiM2I5NmRlZWI4NTljMjE0MWEzMThhMDczYzFiNDJkYzcxIn0=	2019-02-26 11:24:26.26505-07
qfdwgovo0ptjp4fv3y8exabw0z4ownn4	NjNiNjYyNDNkNGFlZDRhMTVjY2NiNjc0OWUyMWQ3MDIzNGU3NTczZTp7Il9hdXRoX3VzZXJfaWQiOiI1IiwiX2F1dGhfdXNlcl9iYWNrZW5kIjoiZGphbmdvLmNvbnRyaWIuYXV0aC5iYWNrZW5kcy5Nb2RlbEJhY2tlbmQiLCJfYXV0aF91c2VyX2hhc2giOiI5Nzk4OGNlZjZiNzlkNzNhZTViMjZhY2U3NTViZWYwZDMwMzNiZTVjIn0=	2018-11-26 08:00:56.855184-07
ycbimfocqhmnjx44ay7n79v89o7xaqf1	MDcwOWQ3NDFhZjdmZTZlOTAxY2E3ZDk2ZmZkY2YwYTZhN2VjMThhODp7Il9hdXRoX3VzZXJfaWQiOiI4IiwiX2F1dGhfdXNlcl9iYWNrZW5kIjoiZGphbmdvLmNvbnRyaWIuYXV0aC5iYWNrZW5kcy5Nb2RlbEJhY2tlbmQiLCJfYXV0aF91c2VyX2hhc2giOiIyODdmNzM5MTRiYThmODQ4ZDgzNWUwNThhZTJiYmM2ZWExM2NkMjFjIn0=	2019-03-04 17:39:38.088705-07
vynk37vhb1rwqfs683nequa1zafpsjbw	MDE3ZWMyMDJlMGZiZWZhZDdjZjlmZjdmNTQzNmVkZmIzMDQxYTM2NTp7Il9hdXRoX3VzZXJfaWQiOiIxMCIsIl9hdXRoX3VzZXJfYmFja2VuZCI6ImRqYW5nby5jb250cmliLmF1dGguYmFja2VuZHMuTW9kZWxCYWNrZW5kIiwiX2F1dGhfdXNlcl9oYXNoIjoiZTEzM2E0MTUwZThhMjA1ODcyYTJmNzdmMGQ4NjgxNTNlMGQ5OWMyOCJ9	2019-04-02 12:31:10.31867-06
0lkdbkn2cg8adh2a1fi9xqsylm3hd450	NTVkMTcwMDg1NDZjMDNiYzAwZjIxN2Q5ZTkyNjBlNTViODljNTE1Zjp7Il9hdXRoX3VzZXJfaWQiOiI1IiwiX2F1dGhfdXNlcl9iYWNrZW5kIjoiZGphbmdvLmNvbnRyaWIuYXV0aC5iYWNrZW5kcy5Nb2RlbEJhY2tlbmQiLCJfYXV0aF91c2VyX2hhc2giOiJiMmU3ZTdiM2I5NmRlZWI4NTljMjE0MWEzMThhMDczYzFiNDJkYzcxIn0=	2019-03-18 08:44:14.681372-06
hbczt0798m2oa9hkmxwz6f10r6vpkh1n	MDE3ZWMyMDJlMGZiZWZhZDdjZjlmZjdmNTQzNmVkZmIzMDQxYTM2NTp7Il9hdXRoX3VzZXJfaWQiOiIxMCIsIl9hdXRoX3VzZXJfYmFja2VuZCI6ImRqYW5nby5jb250cmliLmF1dGguYmFja2VuZHMuTW9kZWxCYWNrZW5kIiwiX2F1dGhfdXNlcl9oYXNoIjoiZTEzM2E0MTUwZThhMjA1ODcyYTJmNzdmMGQ4NjgxNTNlMGQ5OWMyOCJ9	2019-03-19 11:49:54.799083-06
625r3yphm4bjxunqwkte7jc5xbrzepl5	NTM1NGUyM2IyZWNiYTM4MDIyODBiZDVmODcxMDdiNWU4OTliODkwZTp7Il9hdXRoX3VzZXJfaWQiOiI5IiwiX2F1dGhfdXNlcl9iYWNrZW5kIjoiZGphbmdvLmNvbnRyaWIuYXV0aC5iYWNrZW5kcy5Nb2RlbEJhY2tlbmQiLCJfYXV0aF91c2VyX2hhc2giOiJiNWVhYjY4YzE4NmMwYjNhMGUyMThiZjk3MWY4NDZmOWFjYmYyM2YxIn0=	2019-03-21 19:11:41.027283-06
nw8hwgkpug5wttosf4lp0orp8nj28lrf	NTc4NmJlYzM1NTg2YWQwMDY0OWVmNGI1MGY5MmJiZmIxZTMwNThmMzp7Il9hdXRoX3VzZXJfaWQiOiIxMSIsIl9hdXRoX3VzZXJfYmFja2VuZCI6ImRqYW5nby5jb250cmliLmF1dGguYmFja2VuZHMuTW9kZWxCYWNrZW5kIiwiX2F1dGhfdXNlcl9oYXNoIjoiMzFhYjFkZTc0YjZlMGQyYTE0YzA4YTQyZTA3YTZiOGIwNmQxNGVhZSJ9	2019-03-26 09:35:57.357999-06
lrdq83wkfe72h5cby65zi7jghhkc4ar9	NzNiODY2N2QyNTY5YWVhZTJiMGE5ODIzZWNjMDZhYmRiNzMxNDk3Yjp7Il9hdXRoX3VzZXJfaWQiOiI4IiwiX2F1dGhfdXNlcl9iYWNrZW5kIjoiZGphbmdvLmNvbnRyaWIuYXV0aC5iYWNrZW5kcy5Nb2RlbEJhY2tlbmQiLCJfYXV0aF91c2VyX2hhc2giOiJhMzI2MTZlZGQ1ZTU0YTJjOTY2YzE0NTMxOWFmYTVmNWRhMTkzYjAzIn0=	2019-01-17 21:03:28.088096-07
t829pvad4ftb2ox14d49u5segwhvh3vq	NzhkYjRkODI1ZjNiNzVkOTk3OWExYzRmMGU4YzI1ZTRjZDE2ODg0Yzp7Il9hdXRoX3VzZXJfaWQiOiIzIiwiX2F1dGhfdXNlcl9iYWNrZW5kIjoiZGphbmdvLmNvbnRyaWIuYXV0aC5iYWNrZW5kcy5Nb2RlbEJhY2tlbmQiLCJfYXV0aF91c2VyX2hhc2giOiI1NmY1N2I5ZTg0NDc4NjY0MzkxNjVhMGE3MjlhOTUxY2E4YmI4OTE3In0=	2019-02-18 07:04:07.20056-07
06fcp4u8k6tm7u5vurmb667mxodbdhi3	NGRkN2Q3MWQ5YmRiMjIyY2QwZjg1NjczZThlYmYzZTdkMWNmOGVhODp7Il9hdXRoX3VzZXJfaWQiOiIxMiIsIl9hdXRoX3VzZXJfYmFja2VuZCI6ImRqYW5nby5jb250cmliLmF1dGguYmFja2VuZHMuTW9kZWxCYWNrZW5kIiwiX2F1dGhfdXNlcl9oYXNoIjoiMmYwYzNhMTc0MzE2NTBjZjkxY2I5OWRmM2UzM2I3YTNjZmNjNGNkNiJ9	2020-05-11 11:17:40.86771-06
\.


--
-- Data for Name: django_site; Type: TABLE DATA; Schema: public; Owner: mrp
--

COPY public.django_site (id, domain, name) FROM stdin;
1	example.com	example.com
\.


--
-- Data for Name: entries_todo; Type: TABLE DATA; Schema: public; Owner: mrp
--

COPY public.entries_todo (id, description, user_id, completed, priority) FROM stdin;
1	test	4	t	3
5	Plot function	5	t	1
6	Update for BP1069, BP1070	5	t	2
2	Test display board	6	t	1
82	Smoke detector set up	3	f	4
83	Update all controllers	3	f	2
78	Motor set up	3	t	2
84	Go to National Wood and McBeath for cabinet material	3	f	5
38	Find missing element BP1057	5	t	1
44	MOD0 Trusted Download Icons	5	t	2
39	Fix trusted download for MOD0	5	t	2
40	Check all MOD0 arrays for coded data fix	5	t	3
7	Sparing analysis	5	t	4
47	Sync firmware files	5	t	1
86	Phase Detector Cabinet	3	f	2
48	Task list for TI-08	5	t	2
50	Sparing analysis	5	t	3
41	TI-08 DFT code	5	t	3
52	DFT LabView Code	5	t	2
49	CNC programming	5	t	4
43	Phase and Magnitude plots	5	t	5
51	MAP Auditing Function	5	t	1
45	TI-08-04 attenuator	5	t	8
42	Consolidated plot file	5	t	5
53	Bar code Add Part has stopped working	4	t	1
54	Disallow duplicate parts to be created	4	t	1
55	Add check box to keep users out of the payroll csv	4	t	1
56	Increase size of to do list description	4	t	1
58	Parts look up without barcodes by various methods	4	t	1
64	Fix create/edit product so more than 1 part	4	t	1
60	Products in products should be listed as a part	4	t	1
59	When a product is listed URL should be a link	4	t	1
62	MOs should have date created and MO number	4	t	1
61	Adding parts to products needs more methods	4	t	1
57	Add unique activities list to project summary	4	t	1
68	list filters	4	t	1
66	change part search on list view	4	t	1
85	Verify Shop controller pinout in the sketch	3	t	1
65	consolidate user hours view	4	t	1
69	make quick add type	4	t	1
71	product number	4	t	1
70	parts to order column in MO	4	t	1
67	test adding parts with integer removed	4	t	1
75	split up bigger parts	4	t	1
74	add api form validation for mouser and partnumber	4	t	1
77	Arduino tutorials - 1 hour per day	3	f	1
79	Parts list for milling machine stand	3	f	3
87	Fusion 360	11	f	1
95	For the https://emus-mrp.herokuapp.com/project/ page:     a) Add a button to make a project inactive     b) Have a column that shows all the users that are assigned to the project	10	t	3
88	The time entry "Start Time" date box needs to have the current days date in it when it is refreshed or when it is first opened in a browser.	10	t	1
98	For https://emus-mrp.herokuapp.com/mrp/digikey/enter/ put EFM32WG840F256-QFN64 in the "Digi-Key Part Number" box and click "Lookup".    and it will say "Manufacturer Part Number already exists". Now go to "Parts" -> "List" in the menu and then go down on the page and    click on "Embedded - Microcontrollers". The top entry should be for EFM32WG840F256-QFN64. Scroll all the way to the right and click on    "Edit" you will see https://emus-mrp.herokuapp.com/mrp/part/edit/30/110 for the URL. Modify	10	f	5
96	Editing a ToDo list entry gets an exception - please fix	10	t	1
99	(continued) the software so that it goes to the same     place that "Edit" still with the yellow bar with "Manufacturer Part Number already exists" above it.	10	f	5
81	Leak detector testing	3	t	4
80	List of PVC trim boards needed	3	t	3
94	For the https://emus-mrp.herokuapp.com/project/inactive page add a button to activate the project.	10	t	3
89	For https://emus-mrp.herokuapp.com/todo/create/ the "Description" box needs to be 5 times as wide and multiple lines long.	10	t	2
97	When a to do entry is added, edited, or deleted the view should change to the to-do list.	10	t	4
91	On the https://emus-mrp.herokuapp.com/todo/list/ add a button on each line to show the task completed. Have it so clicking the button will do it and not require a save click later	10	t	4
\.


--
-- Data for Name: manager_profile; Type: TABLE DATA; Schema: public; Owner: mrp
--

COPY public.manager_profile (id, ssn, title, user_id, payroll) FROM stdin;
2	2187	Intern	4	t
6	0517		8	t
1	6025	Technician	3	t
3	1713	super	5	f
5	8953	Admin	7	f
4	2829	Engineer	6	f
7	2758		9	t
8	9003		10	t
9	7829		11	t
\.


--
-- Data for Name: mrp_system_digikeyapi; Type: TABLE DATA; Schema: public; Owner: mrp
--

COPY public.mrp_system_digikeyapi (id, refresh_token, name, access_token) FROM stdin;
1	xahnE71o69H2hWFBaFTacN0jBhFmJBQsj8RVYch6ff	DigiKey	bBoftglMDr6881LlgiWI67Vx7C7H
\.


--
-- Data for Name: mrp_system_field; Type: TABLE DATA; Schema: public; Owner: mrp
--

COPY public.mrp_system_field (id, fields, name, "typePart_id") FROM stdin;
495	char1	Series	33
496	char2	Packaging	33
497	char3	Part Status	33
498	char4	Circuit	33
499	char5	Switch Function	33
500	char6	Contact Rating @ Voltage	33
501	char7	Actuator Type	33
502	char8	Mounting Type	33
503	char9	Actuator Height off PCB, Vertical	33
504	char10	Actuator Length, Right Angle	33
505	char11	Actuator Orientation	33
506	char12	Termination Style	33
507	char13	Outline	33
508	char14	Illumination	33
509	char15	Illumination Type, Color	33
510	char16	Illumination Voltage (Nominal)	33
511	char17	Operating Force	33
512	char18	Ingress Protection	33
513	char19	Features	33
514	char20	Operating Temperature	33
515	char21	Actuator Material	33
516	char22	Switch Travel	33
517	char23	Mechanical Life	33
545	char1	Series	36
546	char2	Packaging	36
547	char3	Part Status	36
548	char4	Connector Type	36
549	char5	Number of Contacts	36
550	char6	Gender	36
551	char7	Specifications	36
552	char8	Mounting Type	36
553	char9	Mounting Feature	36
554	char10	Termination	36
555	char11	Features	36
556	char12	Ingress Protection	36
70	char1	Series	7
71	char2	Diode Type	7
72	char3	Voltage - DC Reverse (Vr) (Max)	7
73	char4	Current - Average Rectified (Io)	7
74	char5	Voltage - Forward (Vf) (Max) @ If	7
75	char6	Speed	7
76	char7	Reverse Recovery Time (trr)	7
77	char8	Current - Reverse Leakage @ Vr	7
78	char9	Capacitance @ Vr, F	7
79	char10	Mounting Type	7
80	char11	Package / Case	7
81	char1	Series	8
82	char2	Diode Configuration	8
83	char3	Diode Type	8
84	char4	Voltage - DC Reverse (Vr) (Max)	8
85	char5	Current - Average Rectified (Io) (per diode)	8
86	char6	Voltage - Forward (Vf) (Max) @ If	8
87	char7	Speed	8
88	char8	Reverse Recovery Time (trr)	8
89	char9	Current - Reverse Leakage @ Vr	8
90	char10	Operating Temperature - Junction	8
91	char11	Mounting Type	8
92	char12	Package / Case	8
93	char1	Series	9
94	char2	Type	9
95	char3	Unidirectional Channels	9
96	char4	Bidirectional Channels	9
97	char5	Voltage - Reverse Standoff (Typ)	9
98	char6	Voltage - Breakdown (Min)	9
99	char7	Voltage - Clamping (Max) @ Ipp	9
100	char8	Current - Peak Pulse (10/1000s)	9
101	char9	Power - Peak Pulse	9
102	char10	Power Line Protection	9
103	char11	Applications	9
104	char12	Capacitance @ Frequency	9
105	char13	Operating Temperature	9
106	char14	Mounting Type	9
107	char15	Package / Case	9
108	char1	Series	10
109	char2	Type	10
110	char3	Material - Core	10
111	char4	Inductance	10
112	char5	Tolerance	10
113	char6	Current Rating	10
114	char7	Current - Saturation	10
115	char8	Shielding	10
116	char9	DC Resistance (DCR)	10
117	char10	Q @ Freq	10
118	char11	Frequency - Self Resonant	10
119	char12	Ratings	10
120	char13	Operating Temperature	10
557	char13	Operating Temperature	36
558	char14	Number of Ports	36
121	char14	Inductance Frequency - Test	10
122	char15	Features	10
123	char16	Mounting Type	10
124	char17	Package / Case	10
125	char1	Series	11
126	char2	Type	11
127	char3	Filter Type	11
128	char4	Number of Lines	11
129	char5	Impedance @ Frequency	11
130	char6	Current Rating (Max)	11
131	char7	DC Resistance (DCR) (Max)	11
132	char8	Ratings	11
133	char9	Operating Temperature	11
134	char10	Height (Max)	11
135	char11	Size / Dimension	11
136	char12	Mounting Type	11
137	char13	Package / Case	11
138	char1	Series	12
139	char2	Type	12
140	char3	Voltage - Max	12
141	char4	Current - Max	12
142	char5	Current - Hold (Ih) (Max)	12
143	char6	Current - Trip (It)	12
144	char7	Time to Trip	12
145	char8	Resistance - Initial (Ri) (Min)	12
146	char9	Resistance - Post Trip (R1) (Max)	12
147	char10	Resistance - 25C (Typ)	12
148	char11	Operating Temperature	12
149	char12	Ratings	12
150	char13	Size / Dimension	12
151	char14	Height - Seated (Max)	12
152	char15	Thickness (Max)	12
153	char16	Mounting Type	12
154	char17	Package / Case	12
155	char1	Series	13
156	char2	Type	13
157	char3	Frequency	13
158	char4	Frequency Stability	13
159	char5	Frequency Tolerance	13
160	char6	Load Capacitance	13
161	char7	ESR (Equivalent Series Resistance)	13
162	char8	Operating Mode	13
163	char9	Operating Temperature	13
164	char10	Ratings	13
165	char11	Size / Dimension	13
166	char12	Height - Seated (Max)	13
167	char13	Mounting Type	13
168	char14	Package / Case	13
169	char1	Series	14
170	char2	Type	14
171	char3	Transistor Type	14
172	char4	Current - Collector (Ic) (Max)	14
173	char5	Voltage - Collector Emitter Breakdown (Max)	14
174	char6	Vce Saturation (Max) @ Ib, Ic	14
175	char7	Current - Collector Cutoff (Max)	14
176	char8	DC Current Gain (hFE) (Min) @ Ic, Vce	14
177	char9	Power - Max	14
178	char10	Frequency - Transition	14
179	char11	Operating Temperature	14
180	char12	Mounting Type	14
181	char13	Package / Case	14
182	char1	Series	15
183	char2	Type	15
184	char3	FET Type	15
185	char4	Technology	15
186	char5	Drain to Source Voltage (Vdss)	15
187	char6	Current - Continuous Drain (Id) @ 25C	15
188	char7	Drive Voltage (Max Rds On, Min Rds On)	15
189	char8	Rds On (Max) @ Id, Vgs	15
190	char9	Vgs(th) (Max) @ Id	15
191	char10	Gate Charge (Qg) (Max) @ Vgs	15
192	char11	Vgs (Max)	15
193	char12	Input Capacitance (Ciss) (Max) @ Vds	15
194	char13	FET Feature	15
195	char14	Power Dissipation (Max)	15
196	char15	Operating Temperature	15
197	char16	Mounting Type	15
198	char17	Package / Case	15
199	char1	Series	16
200	char2	Type	16
201	char3	Color	16
202	char4	Configuration	16
203	char5	Lens Color	16
204	char6	Lens Transparency	16
205	char7	Millicandela Rating	16
206	char8	Lens Style	16
207	char9	Lens Size	16
208	char10	Voltage - Forward (Vf) (Typ)	16
209	char11	Current - Test	16
210	char12	Viewing Angle	16
211	char19	Mounting Type	16
212	char14	Wavelength - Dominant	16
213	char15	Wavelength - Peak	16
214	char16	Features	16
215	char17	Size / Dimension	16
216	char18	Height (Max)	16
217	char20	Package / Case	16
218	char1	Series	17
219	char2	Type	17
220	char3	Amplifier Type	17
221	char4	Number of Circuits	17
222	char5	Output Type	17
223	char6	Slew Rate	17
224	char7	Gain Bandwidth Product	17
225	char8	-3db Bandwidth	17
226	char9	Current - Input Bias	17
227	char10	Voltage - Input Offset	17
228	char11	Current - Supply	17
229	char12	Current - Output / Channel	17
230	char13	Voltage - Supply, Single/Dual ()	17
231	char14	Operating Temperature	17
232	char15	Mounting Type	17
233	char16	Package / Case	17
262	char1	Series	20
263	char2	Type	20
264	char3	Circuit	20
265	char4	Switch Function	20
266	char5	Current Rating	20
267	char6	Voltage Rating - AC	20
268	char7	Voltage Rating - DC	20
269	char8	Actuator Type	20
270	char9	Color - Actuator/Cap	20
271	char10	Illumination Type, Color	20
272	char11	Illumination Voltage (Nominal)	20
273	char12	Termination Style	20
274	char13	Ingress Protection	20
275	char14	Features	20
276	char15	Panel Cutout Dimensions	20
277	char16	Operating Temperature	20
278	char17	Mounting Type	20
298	char1	Series	22
299	char2	Type	22
300	char3	Circuit	22
301	char4	Switch Function	22
302	char5	Current Rating	22
303	char6	Voltage Rating - AC	22
304	char7	Voltage Rating - DC	22
305	char8	Actuator Type	22
306	char9	Actuator Length	22
307	char10	Illumination	22
308	char11	Illumination Type, Color	22
309	char12	Illumination Voltage (Nominal)	22
310	char13	Termination Style	22
311	char14	Panel Cutout Dimensions	22
312	char15	Bushing Thread	22
313	char16	Ingress Protection	22
314	char17	Features	22
315	char18	Operating Temperature	22
316	char19	Mounting Type	22
518	char1	Series	34
519	char2	Packaging	34
520	char3	Part Status	34
521	char4	Type	34
522	char5	Protocol	34
523	char6	Number of Drivers/Receivers	34
524	char7	Duplex	34
525	char8	Receiver Hysteresis	34
526	char9	Data Rate	34
527	char10	Voltage - Supply	34
528	char11	Operating Temperature	34
529	char12	Mounting Type	34
530	char13	Package / Case	34
531	char14	Supplier Device Package	34
532	char15	Base Part Number	34
559	char15	Current Rating	36
560	char16	Voltage - Rated	36
561	char17	Mating Cycles	36
562	char18	Shielding	36
563	char19	Contact Finish	36
564	char20	Shell/Shielding Material	36
565	char21	Material Flammability Rating	36
566	char22	Insulation Color	36
583	char1	Series	38
584	char2	Packaging	38
585	char3	Part Status	38
338	char1	Series	24
339	char2	Output Configuration	24
340	char3	Output Type	24
341	char4	Number of Regulators	24
342	char5	Voltage - Input (Max)	24
343	char6	Voltage - Output (Min/Fixed)	24
344	char7	Voltage - Output (Max)	24
345	char8	Voltage Dropout (Max)	24
346	char9	Current - Output	24
347	char10	Current - Quiescent (Iq)	24
348	char11	Current - Supply (Max)	24
349	char12	PSRR	24
350	char13	Control Features	24
351	char14	Protection Features	24
352	char15	Operating Temperature	24
353	char16	Mounting Type	24
354	char17	Package / Case	24
586	char4	Connector Type	38
587	char5	Contact Type	38
588	char6	Pitch - Mating	38
589	char7	Number of Positions	38
590	char8	Number of Rows	38
591	char9	Row Spacing - Mating	38
592	char10	Number of Positions Loaded	38
593	char11	Style	38
594	char12	Shrouding	38
595	char13	Mounting Type	38
596	char14	Termination	38
597	char15	Fastening Type	38
598	char16	Contact Length - Mating	38
599	char17	Contact Length - Post	38
600	char18	Overall Contact Length	38
601	char19	Insulation Height	38
376	char1	Series	26
377	char2	Part Status	26
378	char3	Output	26
379	char4	Resolution (Bits)	26
380	char5	Features	26
381	char6	Voltage - Supply	26
382	char7	Current - Supply (Max)	26
383	char8	Operating Temperature	26
384	char9	Package / Case	26
385	char1	Series	27
386	char2	Packaging	27
387	char3	Part Status	27
388	char4	Mounting Type	27
389	char5	Circuit	27
390	char6	Output Type	27
391	char7	Voltage - Input	27
392	char8	Voltage - Load	27
393	char9	Load Current	27
394	char10	Termination Style	27
395	char11	Package / Case	27
396	char12	Supplier Device Package	27
397	char1	Series	28
398	char2	Packaging	28
399	char3	Part Status	28
400	char4	Number of Levels	28
401	char5	Positions Per Level	28
402	char6	Pitch	28
403	char7	Mating Orientation	28
404	char8	Current	28
405	char9	Voltage	28
406	char10	Wire Gauge	28
407	char11	Mounting Type	28
408	char12	Wire Termination	28
409	char13	Features	28
410	char14	Color	28
411	char15	Operating Temperature	28
412	char16	Housing Material	28
413	char17	Contact Material - Plating	28
414	char18	Clamp Material - Plating	28
415	char19	Screw Material - Plating	28
416	char20	Torque - Screw	28
417	char21	Screw Thread	28
533	char1	Series	35
534	char2	Packaging	35
535	char3	Part Status	35
536	char4	Protocol	35
537	char5	Function	35
538	char6	Interface	35
539	char7	Standards	35
540	char8	Voltage - Supply	35
541	char9	Current - Supply	35
542	char10	Operating Temperature	35
543	char11	Package / Case	35
544	char12	Supplier Device Package	35
567	char1	Series	37
568	char2	Packaging	37
569	char3	Part Status	37
570	char4	Sensor Type	37
571	char5	Sensing Temperature - Local	37
572	char6	Sensing Temperature - Remote	37
573	char7	Output Type	37
437	char1	Series	30
438	char2	Packaging	30
439	char3	Part Status	30
440	char4	Core Processor	30
441	char5	Core Size	30
442	char6	Speed	30
443	char7	Connectivity	30
444	char8	Peripherals	30
445	char9	Number of I/O	30
446	char10	Program Memory Size	30
447	char11	Program Memory Type	30
448	char12	EEPROM Size	30
449	char13	RAM Size	30
450	char14	Voltage - Supply (Vcc/Vdd)	30
451	char15	Data Converters	30
452	char16	Oscillator Type	30
453	char17	Operating Temperature	30
454	char18	Package / Case	30
455	char19	Supplier Device Package	30
574	char8	Voltage - Supply	37
575	char9	Resolution	37
576	char10	Features	37
577	char11	Accuracy - Highest (Lowest)	37
578	char12	Test Condition	37
579	char13	Operating Temperature	37
580	char14	Mounting Type	37
581	char15	Package / Case	37
582	char16	Supplier Device Package	37
602	char20	Contact Shape	38
603	char21	Contact Finish - Mating	38
604	char22	Contact Finish Thickness - Mating	38
605	char23	Contact Finish - Post	38
606	char24	Contact Material	38
607	char25	Insulation Material	38
608	char26	Features	38
609	char27	Operating Temperature	38
610	char28	Ingress Protection	38
611	char29	Material Flammability Rating	38
612	char30	Insulation Color	38
613	char31	Current Rating	38
614	char32	Voltage Rating	38
615	char33	Mated Stacking Heights	38
616	char34	Contact Finish Thickness - Post	38
617	char35	Applications	38
618	char1	Series	39
619	char2	Packaging	39
620	char3	Part Status	39
621	char4	Motor Type - Stepper	39
622	char5	Motor Type - AC, DC	39
623	char6	Function	39
624	char7	Output Configuration	39
625	char8	Interface	39
626	char9	Technology	39
627	char10	Step Resolution	39
628	char11	Applications	39
629	char12	Current - Output	39
630	char13	Voltage - Supply	39
631	char14	Voltage - Load	39
632	char15	Operating Temperature	39
633	char16	Mounting Type	39
634	char17	Package / Case	39
635	char18	Supplier Device Package	39
636	char19	Base Part Number	39
637	char1	Series	40
638	char2	Packaging	40
639	char3	Part Status	40
640	char4	For Measuring	40
641	char5	Sensor Type	40
642	char6	Current - Sensing	40
643	char7	Number of Channels	40
644	char8	Output	40
645	char9	Sensitivity	40
646	char10	Frequency	40
647	char11	Linearity	40
648	char12	Accuracy	40
649	char13	Voltage - Supply	40
650	char14	Response Time	40
651	char15	Current - Supply (Max)	40
652	char16	Operating Temperature	40
653	char17	Polarization	40
654	char18	Mounting Type	40
655	char19	Package / Case	40
656	char20	Supplier Device Package	40
657	char1	Series	41
658	char2	Packaging	41
659	char3	Part Status	41
660	char4	Type	41
661	char5	Wavelength	41
662	char6	Proximity Detection	41
663	char7	Output Type	41
664	char8	Voltage - Supply	41
665	char9	Operating Temperature	41
666	char10	Mounting Type	41
667	char11	Package / Case	41
668	char12	Supplier Device Package	41
669	char1	Series	42
670	char2	Packaging	42
671	char3	Part Status	42
672	char4	Type	42
673	char5	Axis	42
674	char6	Acceleration Range	42
675	char7	Sensitivity (LSB/g)	42
676	char8	Sensitivity (mV/g)	42
677	char9	Bandwidth	42
678	char10	Output Type	42
679	char11	Voltage - Supply	42
680	char12	Features	42
681	char13	Operating Temperature	42
682	char14	Mounting Type	42
683	char15	Package / Case	42
684	char16	Supplier Device Package	42
685	char17	Base Part Number	42
686	char1	Series	43
687	char2	Packaging	43
688	char3	Part Status	43
689	char4	Resistance (Ohms)	43
690	char5	Tolerance	43
691	char6	Power (Watts)	43
692	char7	Built in Switch	43
693	char8	Number of Turns	43
694	char9	Taper	43
695	char10	Number of Gangs	43
696	char11	Adjustment Type	43
697	char12	Temperature Coefficient	43
698	char13	Rotation	43
699	char14	Resistive Material	43
700	char15	Termination Style	43
701	char16	Actuator Type	43
702	char17	Actuator Length	43
703	char18	Actuator Diameter	43
704	char19	Bushing Thread	43
705	char20	Mounting Type	43
706	char21	Size - Body	43
707	char1	Series	44
708	char2	Packaging	44
709	char3	Part Status	44
710	char4	Type	44
711	char5	Circuit	44
712	char6	Operate Range	44
713	char7	Release Range	44
714	char8	Current - Switching	44
715	char9	Voltage - Switching AC	44
716	char10	Voltage - Switching DC	44
717	char11	Power - Rated	44
718	char12	Mounting Type	44
719	char13	Termination Style	44
720	char14	Length - Overall	44
721	char15	Size - Body	44
722	char16	Height Above Board	44
723	char17	Operating Temperature	44
724	char18	Current - Carry	44
725	char1	Series	45
726	char2	Packaging	45
727	char3	Part Status	45
728	char4	Driver Circuitry	45
729	char5	Input Type	45
730	char6	Voltage - Rated	45
731	char7	Voltage Range	45
732	char8	Frequency	45
733	char9	Technology	45
734	char10	Operating Mode	45
735	char11	Duration	45
736	char12	Sound Pressure Level (SPL)	45
737	char13	Current - Supply	45
738	char14	Port Location	45
739	char15	Operating Temperature	45
740	char16	Approvals	45
741	char17	Ratings	45
742	char18	Mounting Type	45
743	char19	Termination	45
744	char20	Size / Dimension	45
745	char21	Height - Seated (Max)	45
746	char1	Series	46
747	char2	Packaging	46
748	char3	Part Status	46
749	char4	Type	46
750	char5	Current - DC Forward (If) (Max)	46
751	char6	Radiant Intensity (Ie) Min @ If	46
752	char7	Wavelength	46
753	char8	Voltage - Forward (Vf) (Typ)	46
754	char9	Viewing Angle	46
755	char10	Orientation	46
756	char11	Operating Temperature	46
757	char12	Mounting Type	46
758	char13	Package / Case	46
759	char1	Series	47
760	char2	Packaging	47
761	char3	Part Status	47
762	char4	FET Type	47
763	char5	FET Feature	47
764	char6	Drain to Source Voltage (Vdss)	47
765	char7	Current - Continuous Drain (Id) @ 25C	47
766	char8	Rds On (Max) @ Id, Vgs	47
767	char9	Vgs(th) (Max) @ Id	47
768	char10	Gate Charge (Qg) (Max) @ Vgs	47
769	char11	Input Capacitance (Ciss) (Max) @ Vds	47
770	char12	Power - Max	47
771	char13	Operating Temperature	47
772	char14	Mounting Type	47
773	char15	Package / Case	47
774	char16	Supplier Device Package	47
775	char1	Series	48
776	char2	Packaging	48
777	char3	Part Status	48
778	char4	Diode Type	48
779	char5	Technology	48
780	char6	Voltage - Peak Reverse (Max)	48
781	char7	Current - Average Rectified (Io)	48
782	char8	Voltage - Forward (Vf) (Max) @ If	48
783	char9	Current - Reverse Leakage @ Vr	48
784	char10	Operating Temperature	48
785	char11	Mounting Type	48
786	char12	Package / Case	48
787	char13	Supplier Device Package	48
788	char14	Base Part Number	48
789	char1	Series	49
790	char2	Packaging	49
791	char3	Part Status	49
792	char4	Sensing Distance	49
793	char5	Sensing Method	49
794	char6	Voltage - Collector Emitter Breakdown (Max)	49
795	char7	Current - Collector (Ic) (Max)	49
796	char8	Current - DC Forward (If) (Max)	49
797	char9	Output Type	49
798	char10	Response Time	49
799	char11	Mounting Type	49
800	char12	Package / Case	49
801	char13	Operating Temperature	49
802	char1	Series	50
803	char2	Packaging	50
804	char3	Part Status	50
805	char4	Memory Type	50
806	char5	Memory Format	50
807	char6	Technology	50
808	char7	Memory Size	50
809	char8	Clock Frequency	50
810	char9	Write Cycle Time - Word, Page	50
811	char10	Memory Interface	50
812	char11	Voltage - Supply	50
813	char12	Operating Temperature	50
814	char13	Mounting Type	50
815	char14	Package / Case	50
816	char15	Supplier Device Package	50
817	char1	Series	51
818	char2	Packaging	51
819	char3	Part Status	51
820	char4	Technology	51
821	char5	Axis	51
822	char6	Output Type	51
823	char7	Sensing Range	51
824	char8	Voltage - Supply	51
825	char9	Current - Supply (Max)	51
826	char10	Current - Output (Max)	51
827	char11	Resolution	51
828	char12	Bandwidth	51
829	char13	Operating Temperature	51
830	char14	Features	51
831	char15	Package / Case	51
832	char16	Supplier Device Package	51
833	char1	Series	52
834	char2	Part Status	52
835	char3	Applications	52
836	char4	Pressure Type	52
837	char5	Operating Pressure	52
838	char6	Output Type	52
839	char7	Output	52
840	char8	Accuracy	52
841	char9	Voltage - Supply	52
842	char10	Port Size	52
843	char11	Port Style	52
844	char12	Features	52
845	char13	Termination Style	52
846	char14	Maximum Pressure	52
847	char15	Operating Temperature	52
848	char16	Package / Case	52
849	char17	Supplier Device Package	52
850	char1	Series	53
851	char2	Packaging	53
852	char3	Part Status	53
853	char4	Connector Type	53
854	char5	Contact Type	53
855	char6	Style	53
856	char7	Number of Positions	53
857	char8	Number of Positions Loaded	53
858	char9	Pitch - Mating	53
859	char10	Number of Rows	53
860	char11	Row Spacing - Mating	53
861	char12	Mounting Type	53
862	char13	Termination	53
863	char14	Fastening Type	53
864	char15	Contact Finish - Mating	53
865	char16	Contact Finish Thickness - Mating	53
866	char17	Insulation Color	53
867	char18	Insulation Height	53
868	char19	Contact Length - Post	53
869	char20	Operating Temperature	53
870	char21	Material Flammability Rating	53
871	char22	Contact Finish - Post	53
872	char23	Mated Stacking Heights	53
873	char24	Ingress Protection	53
874	char25	Features	53
875	char26	Current Rating	53
876	char27	Voltage Rating	53
877	char28	Applications	53
878	char29	Insulation Material	53
879	char30	Contact Shape	53
880	char31	Contact Material	53
881	char32	Contact Finish Thickness - Post	53
882	char1	Series	54
883	char2	Packaging	54
884	char3	Part Status	54
885	char4	Connector Type	54
886	char5	Number of Positions	54
887	char6	Pitch	54
888	char7	Number of Rows	54
889	char8	Mounting Type	54
890	char9	Features	54
891	char10	Contact Finish	54
892	char11	Contact Finish Thickness	54
893	char12	Mated Stacking Heights	54
894	char13	Height Above Board	54
895	char1	Series	55
896	char2	Packaging	55
897	char3	Part Status	55
898	char4	Card Type	55
899	char5	Number of Positions	55
900	char6	Connector Type	55
901	char7	Insertion, Removal Method	55
902	char8	Ejector Side	55
903	char9	Mounting Type	55
904	char10	Features	55
905	char11	Height Above Board	55
906	char12	Mounting Feature	55
907	char13	Contact Finish	55
908	char14	Contact Finish Thickness	55
909	char1	Series	56
910	char2	Packaging	56
911	char3	Part Status	56
912	char4	Function	56
913	char5	Output Configuration	56
914	char6	Topology	56
915	char7	Output Type	56
916	char8	Number of Outputs	56
917	char9	Voltage - Input (Min)	56
918	char10	Voltage - Input (Max)	56
919	char11	Voltage - Output (Min/Fixed)	56
920	char12	Voltage - Output (Max)	56
921	char13	Current - Output	56
922	char14	Frequency - Switching	56
923	char15	Synchronous Rectifier	56
924	char16	Operating Temperature	56
925	char17	Mounting Type	56
926	char18	Package / Case	56
927	char19	Supplier Device Package	56
928	char20	Base Part Number	56
929	char1	Series	57
930	char2	Packaging	57
931	char3	Part Status	57
932	char4	Taper	57
933	char5	Configuration	57
934	char6	Number of Circuits	57
935	char7	Number of Taps	57
936	char8	Resistance (Ohms)	57
937	char9	Interface	57
938	char10	Memory Type	57
939	char11	Voltage - Supply	57
940	char12	Features	57
941	char13	Tolerance	57
942	char14	Temperature Coefficient (Typ)	57
943	char15	Resistance - Wiper (Ohms) (Typ)	57
944	char16	Operating Temperature	57
945	char17	Package / Case	57
946	char18	Supplier Device Package	57
947	char19	Base Part Number	57
968	char1	Series	59
969	char2	Packaging	59
970	char3	Part Status	59
971	char4	Number of I/O	59
972	char5	Interface	59
973	char6	Interrupt Output	59
974	char7	Features	59
975	char8	Output Type	59
976	char9	Current - Output Source/Sink	59
977	char10	Clock Frequency	59
978	char11	Voltage - Supply	59
979	char12	Operating Temperature	59
980	char13	Mounting Type	59
981	char14	Package / Case	59
982	char15	Supplier Device Package	59
983	char16	Base Part Number	59
948	char1	Series	58
949	char2	Packaging	58
950	char3	Part Status	58
951	char4	RF Family/Standard	58
952	char5	Protocol	58
953	char6	Modulation	58
954	char7	Frequency	58
955	char8	Data Rate	58
956	char9	Power - Output	58
957	char10	Sensitivity	58
958	char11	Serial Interfaces	58
959	char12	Antenna Type	58
960	char13	Utilized IC / Part	58
961	char14	Memory Size	58
962	char15	Voltage - Supply	58
963	char16	Current - Receiving	58
964	char17	Current - Transmitting	58
965	char18	Mounting Type	58
966	char19	Operating Temperature	58
967	char20	Package / Case	58
984	char1	Series	60
985	char2	Packaging	60
986	char3	Part Status	60
987	char4	Operating Angle	60
988	char5	Output Type	60
989	char6	Mounting Type	60
990	char7	Operating Temperature	60
991	char8	Voltage - Supply	60
992	char9	Current - Output	60
993	char10	Package / Case	60
994	char1	Series	61
995	char2	Packaging	61
996	char3	Part Status	61
997	char4	Sensing Distance	61
998	char5	Sensing Method	61
999	char6	Sensing Object	61
1000	char7	Output Configuration	61
1001	char8	Sensing Light	61
1002	char9	Mounting Type	61
1003	char10	Current - Supply	61
1004	char11	Voltage - Supply	61
1005	char12	Package / Case	61
1006	char13	Features	61
1007	char1	Series	62
1008	char2	Packaging	62
1009	char3	Part Status	62
1010	char4	Type	62
1011	char5	Axis	62
1012	char6	Range /s	62
1013	char7	Sensitivity (LSB/(/s))	62
1014	char8	Sensitivity (mV//s)	62
1015	char9	Bandwidth	62
1016	char10	Output Type	62
1017	char11	Voltage - Supply	62
1018	char12	Current - Supply	62
1019	char13	Features	62
1020	char14	Operating Temperature	62
1021	char15	Package / Case	62
1022	char1	Series	63
1023	char2	Packaging	63
1024	char3	Part Status	63
1025	char4	Sensor Type	63
1026	char5	Output Type	63
1027	char6	Operating Temperature	63
1028	char7	Package / Case	63
1029	char8	Supplier Device Package	63
1030	char9	Mounting Type	63
1031	char1	Series	64
1032	char2	Packaging	64
1033	char3	Part Status	64
1034	char4	Base Resonator	64
1035	char5	Type	64
1036	char6	Frequency	64
1037	char7	Function	64
1038	char8	Output	64
1039	char9	Voltage - Supply	64
1040	char10	Frequency Stability	64
1041	char11	Operating Temperature	64
1042	char12	Current - Supply (Max)	64
1043	char13	Ratings	64
1044	char14	Mounting Type	64
1045	char15	Package / Case	64
1046	char16	Size / Dimension	64
1047	char17	Height - Seated (Max)	64
1048	char18	Current - Supply (Disable) (Max)	64
1049	char1	Series	65
1050	char2	Packaging	65
1051	char3	Part Status	65
1052	char4	Function	65
1053	char5	Sensing Method	65
1054	char6	Accuracy	65
1055	char7	Voltage - Input	65
1056	char8	Current - Output	65
1057	char9	Operating Temperature	65
1058	char10	Mounting Type	65
1059	char11	Package / Case	65
1060	char12	Supplier Device Package	65
1061	char13	Base Part Number	65
1062	char1	Series	66
1063	char2	Packaging	66
1064	char3	Part Status	66
1065	char4	Sensor Type	66
1066	char5	Humidity Range	66
1067	char6	Output Type	66
1068	char7	Output	66
1069	char8	Accuracy	66
1070	char9	Response Time	66
1071	char10	Sensitivity	66
1072	char11	Voltage - Supply	66
1073	char12	Mounting Type	66
1074	char13	Operating Temperature	66
1075	char14	Package / Case	66
1076	char15	Supplier Device Package	66
1077	char1	Series	67
1078	char2	Packaging	67
1079	char3	Part Status	67
1080	char4	Connector Type	67
1081	char5	Contact Type	67
1082	char6	Number of Positions	67
1083	char7	Pitch	67
1084	char8	Number of Rows	67
1085	char9	Row Spacing	67
1086	char10	Mounting Type	67
1087	char11	Contact Termination	67
1088	char12	Fastening Type	67
1089	char13	Color	67
1090	char14	Features	67
1091	char15	Note	67
1092	char1	Series	68
1093	char2	Part Status	68
1094	char3	Convert From (Adapter End)	68
1095	char4	Convert To (Adapter End)	68
1096	char5	Number of Positions	68
1097	char6	Pitch	68
1098	char7	Number of Rows	68
1099	char8	Row Spacing	68
1100	char9	Mounting Type	68
1101	char1	Series	69
1102	char2	Packaging	69
1103	char3	Part Status	69
1104	char4	Connector Type	69
1105	char5	Gender	69
1106	char6	Industry Recognized Mating Diameter	69
1107	char7	Actual Diameter	69
1108	char8	Number of Positions/Contacts	69
1109	char9	Internal Switch(s)	69
1110	char10	Mounting Type	69
1111	char11	Mounting Feature	69
1112	char12	Termination	69
1113	char13	Shielding	69
1114	char14	Features	69
1115	char15	Insulation Color	69
1116	char16	Voltage - Rated	69
1117	char17	Current Rating	69
1118	char18	Mating Length/Depth	69
1119	char19	Ingress Protection	69
1120	char20	Contact Material - Plating	69
1121	char21	Body Material	69
1122	char22	Operating Temperature	69
1123	char23	Includes	69
1124	char24	Housing Material	69
1125	char25	Contact Material	69
1126	char26	Thread Size	69
1127	char27	Body Color	69
1128	char28	Material Flammability Rating	69
1129	char1	Series	70
1130	char2	Packaging	70
1131	char3	Part Status	70
1132	char4	Type	70
1133	char5	Topology	70
1134	char6	Internal Switch(s)	70
1135	char7	Number of Outputs	70
1136	char8	Voltage - Supply (Min)	70
1137	char9	Voltage - Supply (Max)	70
1138	char10	Voltage - Output	70
1139	char11	Current - Output / Channel	70
1140	char12	Frequency	70
1141	char13	Dimming	70
1142	char14	Applications	70
1143	char15	Operating Temperature	70
1144	char16	Mounting Type	70
1145	char17	Package / Case	70
1146	char18	Supplier Device Package	70
1147	char19	Base Part Number	70
1148	char1	Series	71
1149	char2	Packaging	71
1150	char3	Part Status	71
1151	char4	Color	71
1152	char5	CCT (K)	71
1153	char6	Flux @ 85C, Current - Test	71
1154	char7	Flux @ 25C, Current - Test	71
1155	char8	Current - Test	71
1156	char9	Voltage - Forward (Vf) (Typ)	71
1157	char10	Lumens/Watt @ Current - Test	71
1158	char11	CRI (Color Rendering Index)	71
1159	char12	Current - Max	71
1160	char13	Viewing Angle	71
1161	char14	Mounting Type	71
1162	char15	Package / Case	71
1163	char16	Supplier Device Package	71
1164	char17	Size / Dimension	71
1165	char18	Height - Seated (Max)	71
1166	char19	Thermal Resistance of Package	71
1167	char20	Base Part Number	71
1168	char1	Series	72
1169	char2	Packaging	72
1170	char3	Part Status	72
1171	char4	Type	72
1172	char5	Pin or Socket	72
1173	char6	Contact Termination	72
1174	char7	Wire Gauge	72
1175	char8	Contact Finish	72
1176	char9	Contact Finish Thickness	72
1177	char1	Series	73
1178	char2	Packaging	73
1179	char3	Part Status	73
1180	char4	Capacitance	73
1181	char5	Tolerance	73
1182	char6	Voltage - Rated	73
1183	char7	Temperature Coefficient	73
1184	char8	Operating Temperature	73
1185	char9	Features	73
1186	char10	Ratings	73
1187	char11	Applications	73
1188	char12	Failure Rate	73
1189	char13	Mounting Type	73
1190	char14	Package / Case	73
1191	char15	Size / Dimension	73
1192	char16	Height - Seated (Max)	73
1193	char17	Thickness (Max)	73
1194	char18	Lead Spacing	73
1195	char19	Lead Style	73
1196	char1	Series	74
1197	char2	Packaging	74
1198	char3	Part Status	74
1199	char4	Flat Flex Type	74
1200	char5	Mounting Type	74
1201	char6	Connector/Contact Type	74
1202	char7	Number of Positions	74
1203	char8	Pitch	74
1204	char9	Termination	74
1205	char10	FFC, FCB Thickness	74
1206	char11	Height Above Board	74
1207	char12	Locking Feature	74
1208	char13	Cable End Type	74
1209	char14	Contact Material	74
1210	char15	Contact Finish	74
1211	char16	Housing Material	74
1212	char17	Actuator Material	74
1213	char18	Features	74
1214	char19	Voltage Rating	74
1215	char20	Operating Temperature	74
1216	char21	Material Flammability Rating	74
1217	char22	Current Rating	74
1218	char23	Contact Finish Thickness	74
1219	char24	Housing Color	74
1220	char25	Actuator Color	74
1221	char26	Mating Cycles	74
1222	char1	Series	75
1223	char2	Packaging	75
1224	char3	Part Status	75
1225	char4	Resistance	75
1226	char5	Tolerance	75
1227	char6	Power (Watts)	75
1228	char7	Composition	75
1229	char8	Features	75
1230	char9	Temperature Coefficient	75
1231	char10	Operating Temperature	75
1232	char11	Package / Case	75
1233	char12	Supplier Device Package	75
1234	char13	Size / Dimension	75
1235	char14	Height - Seated (Max)	75
1236	char15	Number of Terminations	75
1237	char16	Failure Rate	75
1238	char1	Series	76
1239	char2	Packaging	76
1240	char3	Part Status	76
1241	char4	Diode Configuration	76
1242	char5	Diode Type	76
1243	char6	Voltage - DC Reverse (Vr) (Max)	76
1244	char7	Current - Average Rectified (Io) (per Diode)	76
1245	char8	Voltage - Forward (Vf) (Max) @ If	76
1246	char9	Speed	76
1247	char10	Reverse Recovery Time (trr)	76
1248	char11	Current - Reverse Leakage @ Vr	76
1249	char12	Operating Temperature - Junction	76
1250	char13	Mounting Type	76
1251	char14	Package / Case	76
1252	char15	Supplier Device Package	76
1253	char16	Base Part Number	76
1287	char1	Series	79
1288	char2	Packaging	79
1289	char3	Part Status	79
1290	char4	Transistor Type	79
1291	char5	Frequency	79
1292	char6	Gain	79
1293	char7	Current Rating	79
1294	char8	Noise Figure	79
1295	char9	Power - Output	79
1296	char10	Voltage - Rated	79
1297	char11	Package / Case	79
1298	char12	Supplier Device Package	79
1299	char13	Base Part Number	79
1300	char1	Series	80
1301	char2	Packaging	80
1302	char3	Part Status	80
1303	char4	Capacitance	80
1304	char5	Tolerance	80
1305	char6	Voltage - Rated	80
1306	char7	Dielectric Material	80
1307	char8	Number of Capacitors	80
1308	char9	Circuit Type	80
1309	char10	Temperature Coefficient	80
1310	char11	Ratings	80
1311	char12	Mounting Type	80
1312	char13	Package / Case	80
1313	char14	Size / Dimension	80
1314	char15	Height - Seated (Max)	80
1315	char1	Series	81
1316	char2	Packaging	81
1317	char3	Part Status	81
1318	char4	Translator Type	81
1319	char5	Channel Type	81
1320	char6	Number of Circuits	81
1321	char7	Channels per Circuit	81
1322	char8	Voltage - VCCA	81
1323	char9	Voltage - VCCB	81
1324	char10	Input Signal	81
1325	char11	Output Signal	81
1326	char12	Output Type	81
1327	char13	Data Rate	81
1328	char14	Operating Temperature	81
1329	char15	Features	81
1330	char16	Mounting Type	81
1331	char17	Package / Case	81
1332	char18	Supplier Device Package	81
1333	char19	Base Part Number	81
1334	char1	Series	82
1335	char2	Packaging	82
1336	char3	Part Status	82
1337	char4	Switch Circuit	82
1338	char5	Multiplexer/Demultiplexer Circuit	82
1339	char6	Number of Circuits	82
1340	char7	On-State Resistance (Max)	82
1341	char8	Channel-to-Channel Matching (&Delta;Ron)	82
1342	char9	Voltage - Supply, Single (V+)	82
1343	char10	Voltage - Supply, Dual (V)	82
1344	char11	Switch Time (Ton, Toff) (Max)	82
1345	char12	-3db Bandwidth	82
1346	char13	Charge Injection	82
1347	char14	Channel Capacitance (CS(off), CD(off))	82
1348	char15	Current - Leakage (IS(off)) (Max)	82
1349	char16	Crosstalk	82
1350	char17	Operating Temperature	82
1351	char18	Package / Case	82
1352	char19	Supplier Device Package	82
1353	char20	Base Part Number	82
1354	char1	Series	83
1355	char2	Packaging	83
1356	char3	Part Status	83
1357	char4	Reference Type	83
1358	char5	Output Type	83
1359	char6	Voltage - Output (Min/Fixed)	83
1360	char7	Current - Output	83
1361	char8	Tolerance	83
1362	char9	Temperature Coefficient	83
1363	char10	Noise - 0.1Hz to 10Hz	83
1364	char11	Noise - 10Hz to 10kHz	83
1365	char12	Voltage - Input	83
1366	char13	Current - Supply	83
1367	char14	Operating Temperature	83
1368	char15	Mounting Type	83
1369	char16	Package / Case	83
1370	char17	Supplier Device Package	83
1371	char18	Base Part Number	83
1372	char1	Series	84
1373	char2	Packaging	84
1374	char3	Part Status	84
1375	char4	Battery Chemistry	84
1376	char5	Number of Cells	84
1377	char6	Current - Charging	84
1378	char7	Programmable Features	84
1379	char8	Fault Protection	84
1380	char9	Charge Current - Max	84
1381	char10	Battery Pack Voltage	84
1382	char11	Voltage - Supply (Max)	84
1383	char12	Interface	84
1384	char13	Operating Temperature	84
1385	char14	Package / Case	84
1386	char15	Supplier Device Package	84
1387	char16	Base Part Number	84
1388	char1	Series	85
1389	char2	Packaging	85
1390	char3	Part Status	85
1391	char4	Function	85
1392	char5	Battery Chemistry	85
1393	char6	Number of Cells	85
1394	char7	Fault Protection	85
1395	char8	Interface	85
1396	char9	Operating Temperature	85
1397	char10	Package / Case	85
1398	char11	Supplier Device Package	85
1399	char1	Series	86
1400	char2	Packaging	86
1401	char3	Part Status	86
1402	char4	Function	86
1403	char5	Type	86
1404	char6	Output Type	86
1405	char7	Number of Elements	86
1406	char8	Number of Bits per Element	86
1407	char9	Clock Frequency	86
1408	char10	Max Propagation Delay @ V, Max CL	86
1409	char11	Trigger Type	86
1410	char12	Current - Output High, Low	86
1411	char13	Voltage - Supply	86
1412	char14	Current - Quiescent (Iq)	86
1413	char15	Input Capacitance	86
1414	char16	Operating Temperature	86
1415	char17	Mounting Type	86
1416	char18	Package / Case	86
1417	char19	Base Part Number	86
1418	char1	Series	87
1419	char2	Packaging	87
1420	char3	Part Status	87
1421	char4	Frequency	87
1422	char5	RF Type	87
1423	char6	Input Range	87
1424	char7	Accuracy	87
1425	char8	Voltage - Supply	87
1426	char9	Current - Supply	87
1427	char10	Package / Case	87
1428	char11	Supplier Device Package	87
1429	char1	Series	88
1430	char2	Packaging	88
1431	char3	Part Status	88
1432	char4	Type	88
1433	char5	Filter Order	88
1434	char6	Technology	88
1435	char7	Number of Channels	88
1436	char8	Center / Cutoff Frequency	88
1437	char9	Attenuation Value	88
1438	char10	Resistance - Channel (Ohms)	88
1439	char11	Current	88
1440	char12	Values	88
1441	char13	ESD Protection	88
1442	char14	Operating Temperature	88
1443	char15	Applications	88
1444	char16	Voltage - Rated	88
1445	char17	Mounting Type	88
1446	char18	Package / Case	88
1447	char19	Size / Dimension	88
1448	char20	Height	88
1449	char1	Series	89
1450	char2	Packaging	89
1451	char3	Part Status	89
1452	char4	Logic Type	89
1453	char5	Number of Circuits	89
1454	char6	Number of Inputs	89
1455	char7	Features	89
1456	char8	Voltage - Supply	89
1457	char9	Current - Quiescent (Max)	89
1458	char10	Current - Output High, Low	89
1459	char11	Logic Level - Low	89
1460	char12	Logic Level - High	89
1461	char13	Max Propagation Delay @ V, Max CL	89
1462	char14	Operating Temperature	89
1463	char15	Mounting Type	89
1464	char16	Supplier Device Package	89
1465	char17	Package / Case	89
1466	char18	Base Part Number	89
1467	char1	Series	90
1468	char2	Packaging	90
1469	char3	Part Status	90
1470	char4	Function	90
1471	char5	Technology	90
1472	char6	Polarization	90
1473	char7	Sensing Range	90
1474	char8	Test Condition	90
1475	char9	Voltage - Supply	90
1476	char10	Current - Supply (Max)	90
1477	char11	Current - Output (Max)	90
1478	char12	Output Type	90
1479	char13	Features	90
1480	char14	Operating Temperature	90
1481	char15	Package / Case	90
1482	char16	Supplier Device Package	90
1483	char1	Series	91
1484	char2	Packaging	91
1485	char3	Part Status	91
1486	char4	Type	91
1487	char5	Mounting Type	91
1488	char6	Color	91
1489	char7	Size / Dimension	91
1490	char8	Height	91
1491	char9	Plating	91
1492	char10	Material - Insulation	91
1493	char11	Material - Body	91
1494	char1	Series	92
1495	char2	Part Status	92
1496	char3	Type	92
1497	char4	Features	92
1498	char5	For Use With/Related Products	92
1499	char6	Shipping Info	92
1500	char7	Shelf Life Start	92
1501	char8	Shelf Life	92
1502	char9	Storage/Refrigeration Temperature	92
1503	char1	Series	93
1504	char2	Packaging	93
1505	char3	Part Status	93
1506	char4	Connector Type	93
1507	char5	Number of Positions/Contacts	93
1508	char6	Number of Ports	93
1509	char7	Number of Rows	93
1510	char8	Mounting Type	93
1511	char9	Orientation	93
1512	char10	Termination	93
1513	char11	Shielding	93
1514	char12	Ratings	93
1515	char13	Features	93
1516	char14	LED Color	93
1517	char15	Ingress Protection	93
1518	char16	Tab Direction	93
1519	char17	Contact Material	93
1520	char18	Contact Finish	93
1521	char19	Contact Finish Thickness	93
1522	char20	Housing Material	93
1523	char21	Operating Temperature	93
1524	char1	Series	94
1525	char2	Packaging	94
1526	char3	Part Status	94
1527	char4	Type	94
1528	char5	Output Type	94
1529	char6	Direction	94
1530	char7	Frequency Range	94
1531	char8	Sensitivity	94
1532	char9	S/N Ratio	94
1533	char10	Impedance	94
1534	char11	Voltage Range	94
1535	char12	Current - Supply	94
1536	char13	Port Location	94
1537	char14	Termination	94
1538	char15	Size / Dimension	94
1539	char16	Height (Max)	94
1540	char17	Shape	94
1541	char1	Series	95
1542	char2	Packaging	95
1543	char3	Part Status	95
1544	char4	Wavelength	95
1545	char5	Color - Enhanced	95
1546	char6	Spectral Range	95
1547	char7	Diode Type	95
1548	char8	Responsivity @ nm	95
1549	char9	Response Time	95
1550	char10	Voltage - DC Reverse (Vr) (Max)	95
1551	char11	Current - Dark (Typ)	95
1552	char12	Active Area	95
1553	char13	Viewing Angle	95
1554	char14	Operating Temperature	95
1555	char15	Mounting Type	95
1556	char16	Package / Case	95
1557	char1	Series	96
1558	char2	Part Status	96
1559	char3	Number of Logic Elements/Cells	96
1560	char4	Total RAM Bits	96
1561	char5	Number of I/O	96
1562	char6	Number of Gates	96
1563	char7	Voltage - Supply	96
1564	char8	Mounting Type	96
1565	char9	Operating Temperature	96
1566	char10	Package / Case	96
1567	char11	Supplier Device Package	96
1568	char12	Base Part Number	96
1569	char1	Series	97
1570	char2	Part Status	97
1571	char3	Sensor Type	97
1572	char4	Sensing Distance	97
1573	char5	Output Type	97
1574	char6	Voltage - Supply	97
1575	char7	Trigger Type	97
1576	char8	Features	97
1577	char9	Package / Case	97
1578	char10	Operating Temperature	97
1579	char11	Detection Pattern	97
1580	char1	Series	98
1581	char2	Packaging	98
1582	char3	Part Status	98
1583	char4	Type	98
1584	char5	PLL	98
1585	char6	Input	98
1586	char7	Output	98
1587	char8	Number of Circuits	98
1588	char9	Ratio - Input:Output	98
1589	char10	Differential - Input:Output	98
1590	char11	Frequency - Max	98
1591	char12	Divider/Multiplier	98
1592	char13	Voltage - Supply	98
1593	char14	Operating Temperature	98
1594	char15	Mounting Type	98
1595	char16	Package / Case	98
1596	char17	Supplier Device Package	98
1597	char18	Base Part Number	98
1598	char1	Series	99
1599	char2	Packaging	99
1600	char3	Part Status	99
1601	char4	Transformer Type	99
1602	char5	Inductance	99
1603	char6	ET (Volt-Time)	99
1604	char7	Turns Ratio - Primary:Secondary	99
1605	char8	Mounting Type	99
1606	char9	Size / Dimension	99
1607	char10	Height - Seated (Max)	99
1608	char11	Operating Temperature	99
1609	char1	Series	100
1610	char2	Packaging	100
1611	char3	Part Status	100
1612	char4	Type	100
1613	char5	Number of Voltages Monitored	100
1614	char6	Output	100
1615	char7	Reset	100
1616	char8	Reset Timeout	100
1617	char9	Voltage - Threshold	100
1618	char10	Operating Temperature	100
1619	char11	Mounting Type	100
1620	char12	Package / Case	100
1621	char13	Supplier Device Package	100
1622	char14	Base Part Number	100
1623	char1	Series	101
1624	char2	Packaging	101
1625	char3	Part Status	101
1626	char4	Voltage - Zener (Nom) (Vz)	101
1627	char5	Tolerance	101
1628	char6	Power - Max	101
1629	char7	Impedance (Max) (Zzt)	101
1630	char8	Current - Reverse Leakage @ Vr	101
1631	char9	Voltage - Forward (Vf) (Max) @ If	101
1632	char10	Operating Temperature	101
1633	char11	Mounting Type	101
1634	char12	Package / Case	101
1635	char13	Supplier Device Package	101
1636	char14	Base Part Number	101
1637	char1	Series	102
1638	char2	Part Status	102
1639	char3	Battery Chemistry	102
1640	char4	Battery Cell Size	102
1641	char5	Voltage - Rated	102
1642	char6	Capacity	102
1643	char7	Size / Dimension	102
1644	char8	Termination Style	102
1645	char9	Discharge Rate	102
1646	char10	Weight	102
1647	char11	Shipping Info	102
1648	char1	Series	103
1649	char2	Packaging	103
1650	char3	Part Status	103
1651	char4	Number of Bits	103
1652	char5	Sampling Rate (Per Second)	103
1653	char6	Number of Inputs	103
1654	char7	Input Type	103
1655	char8	Data Interface	103
1656	char9	Configuration	103
1657	char10	Ratio - S/H:ADC	103
1658	char11	Number of A/D Converters	103
1659	char12	Architecture	103
1660	char13	Reference Type	103
1661	char14	Voltage - Supply, Analog	103
1662	char15	Voltage - Supply, Digital	103
1663	char16	Features	103
1664	char17	Operating Temperature	103
1665	char18	Package / Case	103
1666	char19	Supplier Device Package	103
1667	char20	Mounting Type	103
1668	char21	Base Part Number	103
1669	char1	Series	104
1670	char2	Part Status	104
1671	char3	Usage	104
1672	char4	Type	104
1673	char5	Shape	104
1674	char6	Outline	104
1675	char7	Thickness	104
1676	char8	Material	104
1677	char9	Adhesive	104
1678	char10	Backing, Carrier	104
1679	char11	Color	104
1680	char12	Thermal Resistivity	104
1681	char13	Thermal Conductivity	104
1682	char1	Series	105
1683	char2	Packaging	105
1684	char3	Part Status	105
1685	char4	Type	105
1686	char5	Number of Channels	105
1687	char6	Internal Switch(s)	105
1688	char7	Applications	105
1689	char8	Features	105
1690	char9	Programmable Features	105
1691	char10	Voltage - Supply	105
1692	char11	Current - Output (Max)	105
1693	char12	Operating Temperature	105
1694	char13	Current - Supply	105
1695	char14	Mounting Type	105
1696	char15	Package / Case	105
1697	char16	Supplier Device Package	105
1698	char17	Feature Pins	105
1699	char18	Base Part Number	105
1700	char1	Series	106
1701	char2	Packaging	106
1702	char3	Part Status	106
1703	char4	Type	106
1704	char5	Input Type	106
1705	char6	Output Type	106
1706	char7	Current - Supply	106
1707	char8	Operating Temperature	106
1708	char9	Mounting Type	106
1709	char10	Package / Case	106
1710	char11	Supplier Device Package	106
1711	char12	Base Part Number	106
1712	char1	Series	107
1713	char2	Packaging	107
1714	char3	Part Status	107
1715	char4	FET Type	107
1716	char5	Voltage - Breakdown (V(BR)GSS)	107
1717	char6	Current - Drain (Idss) @ Vds (Vgs=0)	107
1718	char7	Voltage - Cutoff (VGS off) @ Id	107
1719	char8	Input Capacitance (Ciss) (Max) @ Vds	107
1720	char9	Power - Max	107
1721	char10	Operating Temperature	107
1722	char11	Mounting Type	107
1723	char12	Package / Case	107
1724	char13	Supplier Device Package	107
1725	char14	Base Part Number	107
1726	char1	Series	108
1727	char2	Packaging	108
1728	char3	Part Status	108
1729	char4	Resistance	108
1730	char5	Power (Watts)	108
1731	char6	Tolerance	108
1732	char7	Temperature Coefficient	108
1733	char8	Number of Turns	108
1734	char9	Adjustment Type	108
1735	char10	Resistive Material	108
1736	char11	Mounting Type	108
1737	char12	Termination Style	108
1738	char13	Size / Dimension	108
1739	char1	Series	109
1740	char2	Part Status	109
1741	char3	Accessory Type	109
1742	char4	For Use With/Related Products	109
\.


--
-- Data for Name: mrp_system_location; Type: TABLE DATA; Schema: public; Owner: mrp
--

COPY public.mrp_system_location (id, name) FROM stdin;
6	RR004
7	RR005
8	RR006
9	RR007
10	RC002
11	RR008
12	RR009
13	RR010
14	RR011
15	RS001
16	RS002
17	RC003
18	RR001
19	RR002
20	PB001
21	PB002
22	PB003
23	PB004
24	RR003
25	RCT0001
26	CCT0001
27	PB005
28	PB006
29	RCT0001-C001
30	RCT0001-C002
31	RCT0001-C003
32	RCT0001-C004
33	RCT0001-C005
34	RCT0001-C006
35	PB007
36	PB008
37	PB009
38	PB010
39	PB011
40	RCT0002-C001
41	RCT0002-C002
42	RCT0002-C003
43	RCT0002-C004
44	RCT0003-C001
45	RCT0003-C002
46	RCT0003-C003
47	RCT0003-C004
\.


--
-- Data for Name: mrp_system_locationrelationship; Type: TABLE DATA; Schema: public; Owner: mrp
--

COPY public.mrp_system_locationrelationship (id, location_id, part_id, stock) FROM stdin;
148	18	420	200
149	18	420	200
9	6	291	50
10	6	292	2000
11	6	294	500
12	6	295	5000
13	6	296	5000
14	6	297	5000
15	6	298	4000
16	6	300	4000
17	6	301	4000
18	6	302	4000
19	6	303	5000
20	7	270	5000
21	7	301	\N
22	7	302	\N
23	7	303	5000
24	7	304	5000
25	7	305	4500
26	7	306	5000
27	7	307	5000
28	7	308	5000
29	7	309	5000
30	7	310	5000
31	8	310	5000
32	8	311	4000
33	8	312	5000
34	8	313	4500
35	8	314	5000
36	8	315	4500
37	8	316	10000
38	8	317	4500
39	8	318	5000
40	8	319	4500
41	8	320	5000
42	8	321	5000
43	8	322	4000
44	8	323	5000
45	8	324	5000
46	8	325	4500
47	7	326	4500
48	9	327	3000
49	9	328	5000
50	9	329	5000
51	9	330	5000
52	9	331	5000
53	9	332	5000
54	9	333	4500
55	9	334	5000
56	9	335	5000
57	9	336	100
58	10	337	225
62	10	341	4000
59	10	338	400
60	10	339	250
61	10	340	3900
63	10	342	4000
64	10	343	3900
65	10	259	100
66	10	259	1000
67	10	260	400
68	10	261	400
69	10	262	50
70	10	345	100
71	10	346	3000
72	10	347	50
73	11	348	8000
74	11	349	5000
75	11	350	5000
76	11	351	5000
77	11	352	5000
78	11	353	4000
79	11	354	5000
80	11	355	4500
81	11	356	4500
82	11	357	5000
83	11	358	5000
84	11	359	4500
85	11	360	4500
86	11	361	4000
87	11	362	4000
88	12	363	5000
89	12	364	4500
90	12	365	4500
91	12	366	4500
92	12	367	5000
93	12	368	500
94	12	369	500
96	13	370	5000
97	13	370	5000
95	13	371	5000
98	13	372	400
99	13	373	5000
100	14	374	3500
101	15	375	3000
102	15	376	2000
103	15	377	3000
104	15	117	500
105	15	378	100
106	15	379	25
107	15	380	2000
108	15	381	300
109	15	382	30
110	15	383	50
111	15	384	1000
112	15	385	150
113	16	386	250
114	16	387	500
115	16	388	200
116	16	390	50
117	10	393	200
118	10	394	3900
119	10	395	150
120	10	396	3800
121	10	255	500
122	10	256	300
123	10	257	250
124	10	397	3900
125	17	398	3900
126	17	399	3900
127	17	400	100
128	18	401	150
129	18	402	4000
130	18	403	300
131	18	404	250
132	18	405	400
133	18	406	100
134	18	407	250
135	18	408	250
136	18	409	300
137	18	410	250
150	18	421	200
151	18	422	250
138	18	411	150
139	18	412	250
140	18	413	200
141	18	411	50
142	18	414	200
143	18	415	200
144	18	416	100
146	18	418	250
147	18	419	200
152	18	423	200
153	18	424	150
154	18	425	200
155	18	426	300
156	18	427	200
157	19	428	4000
158	19	429	3000
159	19	430	500
160	19	432	400
161	19	433	400
162	19	434	400
163	19	435	5000
164	19	436	400
165	19	437	300
166	19	438	4000
167	19	439	300
168	19	440	300
169	20	441	30
171	20	140	14
170	20	141	2
172	20	142	4
173	20	442	60
174	20	443	1
175	20	210	10
176	20	446	1
177	20	447	1
178	20	448	2
179	20	449	6
180	20	211	5
181	20	451	4
182	20	452	6
183	20	453	10
184	21	454	67
185	21	151	9
186	21	155	2
187	21	455	14
188	21	150	100
189	21	149	6
190	21	457	15
191	21	458	9
192	21	460	7
193	21	461	8
194	21	462	5
195	21	463	8
196	22	464	6
197	22	465	4
198	22	467	2
199	22	468	8
200	22	469	2
201	22	472	104
202	22	473	1
203	22	474	45
204	23	285	10
205	23	205	11
206	23	192	8
207	23	475	18
208	23	392	100
209	23	477	7
210	23	479	3
211	23	90	19
212	23	480	10
213	23	482	5
214	23	483	15
215	23	174	31
216	24	484	4000
217	24	485	4000
218	24	486	300
219	24	487	200
220	24	488	4000
221	24	489	150
222	19	490	400
223	19	491	400
224	19	492	5000
225	19	493	200
226	19	494	150
227	19	494	150
228	19	495	400
229	19	496	4000
231	27	498	5000
232	27	499	50
233	27	209	99
234	27	199	250
235	27	500	20
236	27	501	1
237	27	502	5
238	27	503	15
239	27	504	200
240	27	505	20
241	28	507	9
242	28	202	25
243	28	508	9
244	28	509	2
245	28	510	10
246	28	511	2
247	28	512	5
248	28	513	1
249	28	514	22
250	28	515	5
251	28	516	5
230	29	497	100
252	29	518	100
253	29	519	100
254	29	520	100
255	29	521	100
256	29	522	100
257	29	523	100
258	29	524	100
259	30	525	100
260	30	526	100
261	30	527	100
262	30	528	100
263	30	529	100
264	30	431	100
265	31	530	100
266	31	531	100
267	31	532	100
268	31	533	100
269	31	534	100
270	31	535	100
271	31	536	100
272	31	536	100
273	31	537	100
274	31	538	100
275	31	538	100
276	31	539	100
277	31	539	100
278	31	540	100
279	31	540	100
280	31	540	100
281	31	541	100
282	31	542	100
283	32	543	100
284	32	543	100
285	32	544	100
287	32	545	100
288	32	546	100
289	32	547	100
290	32	548	100
292	32	549	100
293	32	550	200
294	32	551	100
295	32	552	100
296	32	553	100
297	32	554	200
298	32	555	100
299	32	556	100
300	30	557	100
301	30	558	100
302	23	177	2
303	23	476	10
304	23	195	2
305	23	186	1
306	23	481	9
307	33	559	100
308	22	161	10
309	20	139	1
310	20	450	19
311	22	471	2
312	21	459	4
313	20	204	2
314	35	560	7
315	35	561	3
316	35	562	150
317	35	563	9
318	35	564	7
319	35	565	7
320	35	566	10
321	35	567	10
322	35	568	18
323	35	569	4
324	35	570	28
325	35	571	10
326	35	572	3
327	35	573	20
328	36	201	100
329	36	575	49
330	36	576	9
331	36	577	13
332	36	578	2
333	36	579	30
334	36	580	12
335	36	581	21
336	36	582	7
337	36	583	25
338	36	584	2
339	36	585	14
340	36	587	5
341	36	170	8
342	36	386	100
343	37	588	1
344	37	589	2
345	37	590	7
346	37	591	1
347	37	592	11
348	37	593	106
349	37	594	75
350	37	595	7
351	37	596	26
352	37	597	12
353	37	598	31
354	37	599	500
355	38	600	10
356	38	601	10
357	38	602	9
358	38	603	23
359	38	604	5
360	38	233	100
361	38	605	9
362	38	606	10
363	38	607	7
364	38	608	9
365	38	609	9
366	38	610	35
367	38	232	7
368	39	612	6
369	39	613	7
370	39	614	0
371	39	615	4
372	39	616	7
373	39	617	4
374	39	618	20
375	39	619	4
376	39	620	25
377	39	621	25
378	39	622	1
379	39	623	6
380	39	624	100
381	39	625	3
382	39	626	1
383	39	627	8
384	39	628	2
385	39	629	25
386	39	630	145
387	34	631	100
388	34	632	92
389	34	633	100
390	34	634	100
391	34	635	100
392	40	636	100
393	40	637	100
394	40	638	100
395	40	639	100
396	40	640	100
397	40	641	100
398	40	642	100
399	41	643	100
400	41	644	93
401	41	645	100
402	41	646	100
403	41	647	100
404	41	648	250
405	41	649	100
406	42	650	500
407	42	651	41
408	42	652	100
409	41	653	100
410	42	654	100
411	43	655	1000
412	43	656	100
413	43	657	100
414	43	658	100
415	43	659	75
416	44	660	100
417	44	661	100
418	44	662	160
419	44	663	20
420	44	664	100
421	44	665	100
422	44	666	100
423	44	667	100
424	44	668	100
425	45	669	100
426	45	670	100
427	45	671	100
428	45	672	100
429	45	673	100
430	45	674	100
431	46	675	100
432	46	676	29
433	46	677	96
434	46	678	100
435	46	679	100
\.


--
-- Data for Name: mrp_system_manufacturerrelationship; Type: TABLE DATA; Schema: public; Owner: mrp
--

COPY public.mrp_system_manufacturerrelationship (id, "partNumber", manufacturer_id, part_id) FROM stdin;
290	CPF0603F4R99C1	109	294
292	ERJ-3EKF10R0V	81	296
294	ERJ-3EKF49R9V	81	298
295	ERJ-3EKF52R3V	81	299
297	9C06031A3300FKHFT	115	301
298	ERJ-3EKF4020V	81	302
299	ERJ-3EKF4990V	81	303
301	ERJ-3EKF1501V	81	305
90	PESD5Z6.0,115	120	90
302	ERJ-3EKF1581V	81	306
303	ERJ-3EKF1741V	81	307
305	ERJ-3EKF2671V	81	309
94	MCP1700T-3302E/TT	118	94
309	ERJ-3EKF4701V	81	313
96	LTST-C191GKT	122	96
312	ERJ-3EKF6491V	81	316
315	ERJ-3EKF1102V	81	319
318	ERJ-3EKF1302V	81	322
321	ERJ-3EKF1542V	81	325
324	MCR03ERTF2202	86	328
102	FDLL4148	125	102
103	TCS34725FN	126	103
104	TCS3200D-TR	126	104
105	AQH3213A	127	105
106	1935161	83	106
107	1935174	83	107
326	9C06031A3602FKHFT	115	330
330	ERJ-3EKF7502V	81	334
332	RR0510P-9092-D	94	336
334	CL10C7R5DB8NNNC	87	338
336	GRM1885C1H330JA01D	74	340
338	CL10C101JB8NNNC	87	342
341	C1608C0G1H361J	97	259
343	GRM188R71H103KA01D	74	346
344	LMK107SD153JA-T	96	347
346	9C06031A1003FKHFT	115	349
348	ERJ-3EKF1373V	81	351
351	ERJ-3EKF1913V	81	354
353	ERJ-3EKF2493V	81	356
357	ERJ-3EKF3403V	81	360
358	ERJ-3EKF3743V	81	361
360	RC0603FR-07680KL	115	363
362	ERJ-3EKF1104V	81	365
363	9C06031A2494FKHFT	115	366
110	EFM32WG840F256-QFN64	91	110
111	EFM32ZG108F32-QFN24	91	111
117	SSL-LXA228SRC-TR31	128	117
120	0805L110SLYR	124	122
121	PRG21BB220MB1RK	74	123
122	MI0805K601R-10	119	125
123	LS8J2M-T	24	128
124	ADM3101EACPZ-250R7	129	131
125	FT230XS-R	130	132
126	1734035-2	98	133
129	TMP102AIDRLT	131	136
130	DF11-6DP-2DS(24)	116	137
131	DF11-4DP-2DS(24)	116	138
132	A4988SETTR-T	132	139
133	ACS711ELCTR-12AB-T	132	140
134	ACS716KLATR-12CB-NL-T	132	141
135	ACS716KLATR-25CB-T	132	142
136	TMD27711	126	143
137	ADXL362BCCZ-R2	129	144
138	PRS11S-N20F-103B1	19	145
139	1.14100.5030000	133	146
140	CT10-1530-G1	28	147
163	DF40C(2.0)-12DS-0.4V(58)	116	170
141	CMT-1603-SMT-TR	134	148
142	BAT54TA	32	149
143	IR17-21C/TR8	135	150
144	FDC6312P	125	151
145	MB8S	125	152
146	QRE1113GR	125	153
147	AT45DB161E-SSHF2B-T	9	154
148	MAG3110FCR1	136	155
149	MPL115A1	136	156
150	MPL3115A2R1	136	157
151	DF11-10DP-2DS(24)	116	158
152	DF11-10DP-2DSA(24)	116	159
153	DF11-10DS-2DSA(05)	116	160
154	DF11-12DP-2DS(24)	116	161
155	DF11-12DP-2DSA(24)	116	162
156	DF11-24DP-2DSA(24)	116	163
157	DF11-4DP-2DSA(24)	116	164
158	DF11-6DP-2DSA(24)	116	165
159	DF11-8DP-2DS(24)	116	166
160	DF11-8DP-2DSA(24)	116	167
161	DF11GZ-10DP-2V(20)	116	168
162	DF40C-12DP-0.4V(58)	116	169
164	DM3BT-DSF-PEJS	116	171
165	CPC1002NTR	137	172
166	LTC3129EMSE-1#PBF	138	173
167	LTST-C19FD1WT	122	174
168	MCP4018T-103E/LT	118	175
169	RN4020-V/RM	118	176
170	PCAL6416APW,118	136	177
171	OSTT7020150	139	178
172	831-87-010-10-001101	84	179
173	BD9G101G-TR	86	180
174	RPI-1031	86	181
175	EFM32TG110F32-QFN24	91	182
176	EFM32TG222F32-QFP48	91	183
177	EFM32ZG222F32-QFP48	91	184
178	SI1102-A-GMR	91	185
179	L3G4200DTR	121	186
180	LSM303DLMTR	121	187
181	STPS2L60AY	121	188
182	SFH11-PBPC-D05-ST-BK	93	189
183	SFH11-PBPC-D10-ST-BK	93	190
184	SFH11-PBPC-D20-ST-BK	93	191
185	NR3015T3R3M	96	192
186	NR4018T100M	96	193
187	TPS63030DSKT	131	194
188	TB6612FNG,C,8,EL	140	195
191	SML-LX2832SISUGSBC	128	198
192	L-07C2N2SV6T	50	199
193	OPA344NA/250	131	200
194	LNJ210C6ARA	81	201
195	ASDMB-48.000MHZ-LC-T	2	202
196	MCP4018T-104E/LT	118	203
197	MCP4018T-502E/LT	118	204
198	NOA1212CUTAG	125	205
199	ZXCT1010E5TA	32	206
200	VLF3010AT-3R3MR87	97	207
201	EVQ-P7A01K	81	208
202	EVQ-P7D01P	81	209
203	MMBT2907A-7-F	32	210
204	HIH6131-021-001	141	211
205	DF11-4DS-2C	116	212
206	DF11-10DS-2C	116	213
207	DF11-8DS-2C	116	214
208	DF11-6DS-2C	116	215
209	DF11-16DS-2C	116	216
210	DF11-24DS-2C	116	217
211	DF11-20DS-2C	116	218
212	DF11-10DEP-2A	116	219
213	DF11-10DEP-2C	116	220
214	DF11-14DS-2C	116	221
215	DF11-16DP-2DS(24)	116	222
216	DF11-24DS-2DSA(05)	116	223
217	DF11-14DP-2DS(24)	116	224
218	DF11GZ-24DP-2V(20)	116	225
219	DF11CZ-24DS-2V(22)	116	226
220	87332-1420	142	227
291	CRCW06033R00JNEA	102	295
293	CRCW060322R0FKEA	102	297
223	PJ-002BH-SMT-TR	134	230
224	DF11Z-10DS-2V(20)	116	231
225	AL8805W5-7	32	232
226	ESD5Z12T1G	125	233
227	MX3AWT-A1-R250-000D51	143	234
228	MX3AWT-A1-0000-000CE5	143	235
229	40-3429-00	144	236
230	40-1673-01	144	237
231	DF11-4DEP-2C	116	238
232	DF11-6DEP-2C	116	239
233	DF11-12DEP-2C	116	240
234	DF11-4DEP-2A	116	241
235	DF11-6DEP-2A	116	242
236	DF11-8DEP-2A	116	243
237	DF11-32DS-2C	116	244
238	DF11-32DP-2DSA(01)	116	245
239	DF11-2428SC	116	246
240	DF11-EP2428PCA	116	247
241	EFM32TG11B320F128GQ64-A	91	248
242	DF11-12DP-2DSA(87)	116	249
243	DF11-12DS-2DSA(05)	116	250
244	C0603C0G1E1R8C	97	251
245	C0603C0G1H330J030BA	97	252
246	GRM155R71E103KA01D	74	253
247	C0402C272K5RACTU	117	254
248	EMK107B7105KA-T	96	255
249	LMK107B7225KA-T	96	256
250	C1608X5R1C335K080AC	97	257
251	JMK107BJ475KA-T	96	258
252	GRM1885C1H361JA01D	74	259
253	GRM1885C1H152JA01D	74	260
254	GRM1885C1H272JA01D	74	261
255	C1608C0G1E472J080AA	97	262
256	C1206C471KCGACAUTO	117	263
257	CL05B104KA5NNNC	87	264
258	CL21A226KQCLRNC	87	265
259	CL21A106KOQNNNG	87	266
260	DF11-8DP-2V(57)	116	267
261	046288010000846+	123	268
262	ST3232CTR	121	269
263	ERJ-3EKF2550V	81	270
264	RC0603FR-074K7L	115	271
265	CR0603-FX-4701ELF	19	271
266	ERJ-3EKF6800V	81	272
267	MCT06030C6801FP500	145	273
296	RC0603FR-0775RL	115	300
269	RMCF0603FT3K00	108	275
270	RC0603FR-07590RL	115	276
271	CRGP0603F4K7	109	277
300	ERJ-3EKF1271V	81	304
273	AC0603FR-076K8L	115	279
274	RC0603FR-076K8L	115	279
275	ERJ-M03NF10MV	81	280
276	SMW5150RJT	109	281
277	RMCF0201FT1R00	108	282
278	RC0201FR-071KL	115	283
279	ERJ-3EKF2200V	81	284
280	BAS7005E6327HTSA1	146	285
304	ERJ-3EKF2001V	81	308
306	ERJ-3EKF3571V	81	310
307	RC0603FR-073K9L	115	311
308	ERJ-3EKF4021V	81	312
310	ERJ-3EKF4871V	81	314
311	ERJ-3EKF4991V	81	315
313	ERJ-3EKF6811V	81	317
287	ERJ-3RSFR15V	81	291
288	MCR03EZPJ000	86	292
314	ERJ-3EKF9091V	81	318
316	ERJ-3EKF1182V	81	320
317	ERJ-3EKF1272V	81	321
319	ERJ-3EKF1432V	81	323
320	ERJ-3EKF1472V	81	324
322	ERJ-3EKF2000V	81	326
323	9C06031A2002FKHFT	115	327
325	ERJ-3EKF24R9V	81	329
327	9C06031A4302FKHFT	115	331
328	ERJ-3EKF4322V	81	332
329	RC0603FR-0749K9L	115	333
331	ERJ-3EKF7682V	81	335
333	ERB1885C2E1R8BDX1D	74	337
335	GRM1885C1H7R5CZ01D	74	339
337	CL10C470JC8NNNC	87	341
339	VJ0603A221JXACW1BC	149	343
342	C1608C0G1E562J080AA	97	345
345	ERJ-3EKF1003V	81	348
347	RC0603FR-07121KL	115	350
349	ERJ-3EKF1473V	81	352
350	ERJ-3EKF1783V	81	353
352	ERJ-3EKF2003V	81	355
354	ERJ-3EKF2613V	81	357
355	ERJ-3EKF2673V	81	358
356	ERJ-3EKF3243V	81	359
359	MCR03EZPFX5903	86	362
361	ERJ-3EKF8063V	81	364
364	ERJ-3GEYJ365V	81	367
365	CRCW06033M83FKEAC	102	368
366	MCT06030C1005FP500	145	369
367	RC0805JR-070RL	115	370
368	RC2012F1R0CS	87	371
369	ERJ-6ENF23R7V	81	372
370	MCR10EZHF2740	86	373
371	MCR10EZHJ474	86	374
372	BAT54C	125	375
373	MMBD4148	125	376
374	MMBD4148SE	125	377
375	LTST-C191KRKT	122	378
376	150060BS75000	104	379
377	MMBT3904-7	32	380
378	BF862,215	136	381
379	ZXTP25012EFHTA	32	382
380	ZXTP25012EZTA	32	383
381	ECJ-UVBPC105M	81	384
382	HMK316B7105KL-T	96	385
383	MPZ2012S102AT000	97	386
384	MMZ1608B601CTAH0	97	387
385	MMZ1005Y102CT000	97	388
386	TPS71725DCKT	131	389
387	ASDMB-25.000MHZ-XY-T	2	390
388	TXS0101DCKR	131	391
389	TMP102AIDRLR	131	392
390	LMK107SD223JA-T	96	393
391	C0603C473K3RACTU	117	394
392	C0603C563K4RACTU	117	395
393	TMK107B7224KA-T	96	396
394	885012106012	104	397
395	C0805C332K5RACTU	117	398
396	ECJ-2VB1E104K	81	399
397	CL21A475KBQNNNE	87	400
398	ERJ-1GEJ1R0C	81	401
399	RC0402JR-071RL	115	402
400	ERJ-1GEF10R0C	81	403
401	ERJ-1GEF33R0C	81	404
402	ERJ-1GEJ330C	81	405
403	CRCW020149R9FKED	102	406
404	ERJ-1GEF1000C	81	407
405	ERJ-1GEF1500C	81	408
406	ERJ-1GEF2000C	81	409
407	ERJ-1GEF3160C	81	410
408	ERJ-1GEF4020C	81	411
409	ERJ-1GEF4990C	81	412
410	ERJ-1GEF1001C	81	413
411	ERJ-1GEF2001C	81	414
412	ERJ-1GEF2201C	81	415
413	ERJ-1GEF4701C	81	416
415	ERJ-1GEF1913C	81	418
416	ERJ-1GEF2493C	81	419
417	ERJ-1GEF3243C	81	420
418	ERJ-1GEF1004C	81	421
419	ERJ-1GEF1002C	81	422
420	ERJ-1GEF9092C	81	423
421	CRCW0201100KFKED	102	424
422	ERJ-1GEJ115C	81	425
423	ERJ-1GEJ106C	81	426
424	MCR006YZPF1005	86	427
425	RC0402JR-070RL	115	428
426	MCR01MRTFL1R00	86	429
427	ERJ-2RKF10R0X	81	430
428	ERJ-2RKF27R0X	81	431
429	ERJ-2RKF33R0X	81	432
430	ERJ-2RKF52R3X	81	433
431	ERJ-2RKF1000X	81	434
432	RC0402FR-07100RL	115	435
433	ERJ-2RKF1500X	81	436
434	ERJ-2RKF2000X	81	437
435	MCR01MRTF2200	86	438
436	ERJ-2RKF4020X	81	439
437	ERJ-2RKF4990X	81	440
438	ASDMB-19.200MHZ-LY-T	2	441
439	ADG1611BCPZ-REEL7	129	442
440	LM828M5/NOPB	131	443
441	LM4120AIM5-3.3/NOPB	131	444
442	BQ24072TRGTR	131	445
443	PGA116AIPWR	131	446
444	STC3115AIQT	121	447
445	9HT10-32.768KEZF-T	150	448
446	NX2520SA-48.000000MHZ	151	449
447	LM4040DIM3-2.5	131	450
448	STB13007DT4	121	451
449	FRB2249	28	452
450	CBC3225T101KR	96	453
451	ATSAM3S1BA-MU	118	454
452	AT45DB161E-SHD-T	9	455
453	TLK110PTR	131	456
454	EFM32WG980F256-QFP100	91	457
455	CWX823-004.0M	26	458
456	LM22674MRE-5.0/NOPB	131	459
457	MK60DN512ZVLL10	136	460
458	ATSAM3SD8BA-AU	118	461
459	LPC1102UK,118	136	462
460	ATSAM3S1BA-AU	118	463
461	DRA127-101-R	152	464
462	MBR40250G	125	465
463	SN74AUC1G79DBVR	131	466
464	HMC5983-TR	153	467
465	MPU-9150	154	468
466	FT312D-32Q1C-T	130	469
467	MSP430F2002IPWR	131	470
468	LMV225SDX/NOPB	131	471
469	ELK-E333FA	81	472
470	MK60DN512ZVLQ10	136	473
471	SS16-E3/5AT	155	474
472	CB3LV-3C-25M0000	156	475
473	SN74AUC1G04DCKR	131	476
474	HLMP-K150	157	477
475	REF3320AIDBZR	131	478
476	ACS716KLATR-6BB-T	132	479
477	TSL237S-LF	126	480
478	SN74LVC2G04DRLR	131	481
479	MCR03EZPFX6652	86	482
480	MLX92212LSE-AAA-000-RE	158	483
481	RC1005F684CS	87	484
482	RMCF0402FT619R	108	485
483	ERJ-2RKF1004X	81	486
484	CRCW04021M10FKED	102	487
485	RC0402FR-073M6L	115	488
486	CRCW040210M0FKED	102	489
487	ERJ-2RKF1432X	81	490
488	ERJ-2RKF1003X	81	491
489	RC0402FR-07121KL	115	492
490	CRCW0402191KFKED	102	493
491	ERJ-2RKF2493X	81	494
492	ERJ-2RKF3243X	81	495
493	CRCW040210K0FKED	102	496
494	ERJ-2RKF3090X	81	497
495	CC0402JRNPO9BN220	115	498
496	S1751-46R	159	499
497	BLM21BD102SN1D	74	500
498	275442-1	160	501
499	RJSSE-5380	161	502
500	NPPN101BFCN-RC	93	503
501	1-1734035-2	98	504
502	DRA127-821-R	152	505
503	SN74AUC1G32DBVR	131	506
504	AO3413	162	507
505	BSS84AK,215	120	508
506	ACT6390MH-T	163	509
507	MBR0520LT1G	125	510
508	HIH6130-021-001	141	511
509	INMP401ACEZ-R7	154	512
510	INMP411ACEZ-R7	154	513
511	TEMD7100X01	164	514
512	AGLN250V5-VQG100	165	515
513	ZRE200BP	107	516
514	SN74AUC1G00DCKR	131	517
515	ERJ-2RKF3160X	81	518
516	ERJ-2RKF3240X	81	519
517	ERJ-2RKF3300X	81	520
518	CRCW0402470RFKED	102	521
519	CRCW0402475RFKED	102	522
520	ERJ-2RKF4870X	81	523
521	CRCW0402499RFKED	102	524
522	ERJ-2RKF18R0X	81	525
523	ERJ-2RKF19R1X	81	526
524	ERJ-2RKF20R0X	81	527
525	CRCW040222R0FKED	102	528
526	ERJ-2RKF22R0X	81	529
527	ERJ-2RKF1502X	81	530
528	ERJ-2RKF1602X	81	531
529	ERJ-2RKF1652X	81	532
530	ERJ-2RKF1802X	81	533
531	ERJ-2RKF1962X	81	534
532	ERJ-2RKF2002X	81	535
533	ERJ-2RKF2052X	81	536
534	ERJ-2RKF2102X	81	537
535	ERJ-2RKF2152X	81	538
536	ERJ-2RKF2202X	81	539
537	ERJ-2RKF2612X	81	540
538	ERJ-2RKF2702X	81	541
539	ERJ-2RKF2802X	81	542
540	ERJ-2RKF3002X	81	543
541	ERJ-2RKF3092X	81	544
542	ERJ-2RKF3302X	81	545
543	ERJ-2RKF3402X	81	546
544	ERJ-2RKF3602X	81	547
545	ERJ-2RKF3832X	81	548
546	ERJ-2RKF3902X	81	549
547	ERJ-2RKF4022X	81	550
548	ERJ-2RKF4122X	81	551
549	ERJ-2RKF4222X	81	552
550	ERJ-2RKF4302X	81	553
551	ERJ-2RKF4422X	81	554
552	ERJ-2RKF4702X	81	555
553	CRCW040249K9FKED	102	556
554	RK73H1HTTC23R2F	166	557
555	CRCW040224R9FKED	102	558
556	RK73H1ETTP5602F	166	559
557	CX2520DB32000D0GEJZ1	123	560
558	KSZ9021RN	118	561
559	MIC921BC5-TR	118	562
560	BAJ0BC0FP-E2	86	563
561	BSP170PH6327XTSA1	146	564
562	PRTR5V0U2F,115	120	565
563	7S-25.000MAHE-T	150	566
564	PDS5100H-13	32	567
565	SMBT70A-13-F	32	568
566	SI5351C-A-GM	91	569
567	KSZ8051MNLI-TR	118	570
568	LTC2801CDE#PBF	138	571
569	TLA-7T201LF-T	97	572
570	RS1J-E3/61T	155	573
571	TPS3809J25DBVR	131	574
572	DDZ12BSF-7	32	575
573	0ZCD0050FF2C	167	576
574	ECS-73-20-5PDN-TR	168	577
575	TL-5101/S	169	578
576	TPS71750DSET	131	579
577	AD7986BCPZ	129	580
578	Q3-0.005-00-101	170	581
579	425F35B024M0000	156	582
580	TPS71701DCKR	131	583
581	TPS2490DGSR	131	584
582	LTC4260IUH#PBF	138	585
583	SN74LVC1G79DCKR	131	586
584	AGLN010V5-UCG36	165	587
585	TLE2426CDR	131	588
586	LMV225TL/NOPB	131	589
587	LP2985AIM5-5.0/NOPB	131	590
588	LP38798SD-ADJ/NOPB	131	591
589	LT3014BES5#TRMPBF	138	592
590	ADA4841-2YRMZ	129	593
591	GLFR1608T101M-LR	97	594
592	LP2985AIM5-2.5/NOPB	131	595
593	LT1964ES5-BYP#TRMPBF	138	596
594	XC6SLX9-3TQG144C	171	597
595	REF3325AIDCKT	131	598
596	MMBT3906LT1G	125	599
597	TVS8501V5MUT5G	125	600
598	TP2510N8-G	118	601
599	ESDA8V2-1J	121	602
600	BS170FTA	32	603
601	MX3AWT-A1-R250-000CE5	143	604
602	UCLAMP0571P.TNT	89	605
603	ESDA7P60-1U1M	121	606
604	ZXCT1107QSA-7	32	607
605	B220A-13-F	32	608
606	SRN6045-330M	19	609
607	LT1964ES5-5#TRMPBF	138	610
608	TPS259260DRCT	131	611
609	ADA4807-1ARJZ-R2	129	612
610	ADA4096-2ARMZ	129	613
611	XTR111AIDRCT	131	614
612	TPS71721DCKT	131	615
613	ESD9X12ST5G	125	616
614	TPS71719DCKT	131	617
615	MMBF5461	125	618
616	TPS71712DCKR	131	619
617	0ZCJ0005FF2E	167	620
618	2N7002-7-F	32	621
619	TC33X-2-103E	19	622
620	SBR0560S1-7	32	623
621	CFSH05-20L TR	172	624
622	TPS71718DCKR	131	625
623	TPS71715DCKR	131	626
624	D12V0M1U2S9-7	32	627
625	TPS71733DCKR	131	628
626	MMBT6429LT1G	125	629
627	NSR0140P2T5G	125	630
628	ERJ-3EKF13R0V	81	631
629	ERJ-3EKF17R4V	81	632
630	ERJ-PA3F16R0V	81	633
631	ERJ-PA3F18R0V	81	634
632	ERJ-3EKF18R7V	81	635
633	ERJ-3EKF19R1V	81	636
634	ERJ-3EKF22R0V	81	637
635	ERJ-3EKF22R6V	81	638
636	ERJ-3EKF24R0V	81	639
637	ERJ-3EKF26R1V	81	640
638	ERJ-3EKF28R0V	81	641
639	ERJ-3EKF68R0V	81	642
640	ERJ-P6WF36R0V	81	643
641	ERJ-3EKF3320V	81	644
642	ERJ-3EKF4320V	81	645
643	ERJ-3EKF5110V	81	646
644	ERJ-3EKF5230V	81	647
645	RK73H1JTTD6980F	166	648
646	CRCW0603715RFKEA	102	649
647	RC0603FR-07732RL	115	650
648	RT0603BRD07750RL	115	651
649	CRCW0603768RFKEA	102	652
650	CRCW0603787RFKEA	102	653
651	CRCW0603806RFKEA	102	654
652	ERJ-3GEYJ821V	81	655
653	RT0603BRD07820RL	115	656
654	CRCW0603820RFKEA	102	657
655	RG1608P-8450-B-T5	94	658
656	PCF0603R-1K33BT1	173	659
657	ERJ-3EKF1651V	81	660
658	CRCW06031K69FKEA	102	661
659	RT0603BRD072K32L	115	662
660	RG1608P-2671-B-T5	94	663
661	ERJ-3EKF3001V	81	664
662	ERJ-3EKF7151V	81	665
663	ERJ-3EKF7321V	81	666
664	ERJ-3EKF7501V	81	667
665	ERJ-3EKF7681V	81	668
666	ERJ-3EKF7871V	81	669
667	PCF0603R-8K06BT1	173	670
668	ERJ-3EKF8061V	81	671
669	ERJ-3EKF8201V	81	672
670	ERJ-3EKF8451V	81	673
671	RT0603BRD0713K3L	115	674
672	ERJ-2RKF1402X	81	675
673	ERJ-3EKF4022V	81	676
674	CRCW060340K2FKEA	102	677
675	ERJ-3EKF4222V	81	678
676	ERJ-3EKF4422V	81	679
677	111	54	680
\.


--
-- Data for Name: mrp_system_manufacturingorder; Type: TABLE DATA; Schema: public; Owner: mrp
--

COPY public.mrp_system_manufacturingorder (id, date_created, number) FROM stdin;
3	2019-01-23 21:10:15.373751-07	MO00001
4	2019-01-28 15:52:43.733184-07	test1
\.


--
-- Data for Name: mrp_system_moproduct; Type: TABLE DATA; Schema: public; Owner: mrp
--

COPY public.mrp_system_moproduct (id, amount, manufacturing_order_id, product_id) FROM stdin;
3	4	3	5
4	2	4	7
5	1	4	6
\.


--
-- Data for Name: mrp_system_mrpsystem; Type: TABLE DATA; Schema: public; Owner: mrp
--

COPY public.mrp_system_mrpsystem (id, name) FROM stdin;
\.


--
-- Data for Name: mrp_system_part; Type: TABLE DATA; Schema: public; Owner: mrp
--

COPY public.mrp_system_part (id, description, char1, char2, "partType_id", datasheet, "engimusingPartNumber", char3, char4, char5, char6, char7, char8, char9, char10, char11, char12, char13, char14, char15, char16, char17, char18, char19, char20, char21, char22, char23, char24, char25, char26, char27, char28, char29, char30, char31, char32, char33, char34, char35) FROM stdin;
315	4.99 kOhms 1% 0.1W, 1/10W Chip Resistor 0603 (1608 Metric) Automotive AEC-Q200 Thick Film	ERJ	Cut Tape (CT)	75	documents/AOA0000C304.pdf	CRS000039	Active	4.99 kOhms	1%	0.1W, 1/10W	Thick Film	Automotive AEC-Q200	100ppm/C	-55C ~ 155C	0603 (1608 Metric)	0603	0.063" L x 0.031" W (1.60mm x 0.80mm)	0.022" (0.55mm)	2	-																			
294	4.99 Ohms 1% 0.063W, 1/16W Chip Resistor 0603 (1608 Metric)  Thin Film	CPF, Neohm	Tape & Reel (TR)	75		CRS000018	Active	4.99 Ohms	1%	0.063W, 1/16W	Thin Film	-	50ppm/C	-55C ~ 155C	0603 (1608 Metric)	0603	0.061" L x 0.031" W (1.55mm x 0.80mm)	0.022" (0.55mm)	2	-																			
316	6.49 kOhms 1% 0.1W, 1/10W Chip Resistor 0603 (1608 Metric) Automotive AEC-Q200 Thick Film	ERJ	Tape & Reel (TR)	75	documents/AOA0000C304.pdf	CRS000040	Active	6.49 kOhms	1%	0.1W, 1/10W	Thick Film	Automotive AEC-Q200	100ppm/C	-55C ~ 155C	0603 (1608 Metric)	0603	0.063" L x 0.031" W (1.60mm x 0.80mm)	0.022" (0.55mm)	2	-																			
300	75 Ohms 1% 0.1W, 1/10W Chip Resistor 0603 (1608 Metric) Moisture Resistant Thick Film	RC	Tape & Reel (TR)	75	documents/PYu-RC_Group_51_RoHS_L_10.pdf	CRS000024	Active	75 Ohms	1%	0.1W, 1/10W	Thick Film	Moisture Resistant	100ppm/C	-55C ~ 155C	0603 (1608 Metric)	0603	0.063" L x 0.031" W (1.60mm x 0.80mm)	0.022" (0.55mm)	2	-																			
96	Green 569nm LED Indication - Discrete 2.1V 0603 (1608 Metric)	-		16	documents/LTST-C191GKT.pdf	LED000001	Green	Standard	Colorless	Clear	12mcd	Rectangle with Flat Top	1.10mm x 0.80mm	2.1V	20mA	130		569nm	565nm	-	1.60mm L x 0.80mm W	0.55mm	Surface Mount	0603 (1608 Metric)															
309	2.67 kOhms 1% 0.1W, 1/10W Chip Resistor 0603 (1608 Metric) Automotive AEC-Q200 Thick Film	ERJ	Tape & Reel (TR)	75	documents/AOA0000C304.pdf	CRS000033	Active	2.67 kOhms	1%	0.1W, 1/10W	Thick Film	Automotive AEC-Q200	100ppm/C	-55C ~ 155C	0603 (1608 Metric)	0603	0.063" L x 0.031" W (1.60mm x 0.80mm)	0.022" (0.55mm)	2	-																			
366	2.49 MOhms 1% 0.1W, 1/10W Chip Resistor 0603 (1608 Metric)  Thick Film	9C	Tape & Reel (TR)	75	documents/ProdSelectGuide202014_Final.pdf	CRS000079	Obsolete	2.49 MOhms	1%	0.1W, 1/10W	Thick Film	-	100ppm/C	-55C ~ 155C	0603 (1608 Metric)	0603	0.063" L x 0.031" W (1.60mm x 0.80mm)	0.022" (0.55mm)	2	-																			
313	4.7 kOhms 1% 0.1W, 1/10W Chip Resistor 0603 (1608 Metric) Automotive AEC-Q200 Thick Film	ERJ	Cut Tape (CT)	75	documents/AOA0000C304.pdf	CRS000037	Active	4.7 kOhms	1%	0.1W, 1/10W	Thick Film	Automotive AEC-Q200	100ppm/C	-55C ~ 155C	0603 (1608 Metric)	0603	0.063" L x 0.031" W (1.60mm x 0.80mm)	0.022" (0.55mm)	2	-																			
314	4.87 kOhms 1% 0.1W, 1/10W Chip Resistor 0603 (1608 Metric) Automotive AEC-Q200 Thick Film	ERJ	Cut Tape (CT)	75	documents/AOA0000C304.pdf	CRS000038	Active	4.87 kOhms	1%	0.1W, 1/10W	Thick Film	Automotive AEC-Q200	100ppm/C	-55C ~ 155C	0603 (1608 Metric)	0603	0.063" L x 0.031" W (1.60mm x 0.80mm)	0.022" (0.55mm)	2	-																			
325	15.4 kOhms 1% 0.1W, 1/10W Chip Resistor 0603 (1608 Metric) Automotive AEC-Q200 Thick Film	ERJ	Tape & Reel (TR)	75	documents/AOA0000C304.pdf	CRS000049	Active	15.4 kOhms	1%	0.1W, 1/10W	Thick Film	Automotive AEC-Q200	100ppm/C	-55C ~ 155C	0603 (1608 Metric)	0603	0.063" L x 0.031" W (1.60mm x 0.80mm)	0.022" (0.55mm)	2	-																			
94	Linear Voltage Regulator IC Positive Fixed 1 Output 3.3V 250mA SOT-23-3	-	Positive	24		LDO000001	Fixed	1	6V	3.3V	-	0.35V @ 250mA	250mA	4A		44dB (100Hz)	-	Over Current, Over Temperature, Short Circuit	-40C ~ 125C	Surface Mount	TO-236-3, SC-59, SOT-23-3																		
597	IC FPGA 102 I/O 144TQFP	Spartan-6 LX	Active	96	documents/ds162.pdf	EFF000003	9152	589824	102		1.14V ~ 1.26V	Surface Mount	0C ~ 85C (TJ)	144-LQFP	144-TQFP (20x20)	XC6SLX9																							
367	3.6 MOhms 5% 0.1W, 1/10W Chip Resistor 0603 (1608 Metric) Automotive AEC-Q200 Thick Film	ERJ	Cut Tape (CT)	75		CRS000080	Active	3.6 MOhms	5%	0.1W, 1/10W	Thick Film	Automotive AEC-Q200	-400/ +150ppm/C	-55C ~ 155C	0603 (1608 Metric)	0603	0.063" L x 0.031" W (1.60mm x 0.80mm)	0.022" (0.55mm)	2	-																			
331	43 kOhms 1% 0.1W, 1/10W Chip Resistor 0603 (1608 Metric)  Thick Film	9C	Tape & Reel (TR)	75	documents/ProdSelectGuide202014_Final.pdf	CRS000055	Obsolete	43 kOhms	1%	0.1W, 1/10W	Thick Film	-	100ppm/C	-55C ~ 155C	0603 (1608 Metric)	0603	0.063" L x 0.031" W (1.60mm x 0.80mm)	0.022" (0.55mm)	2	-																			
565	TVS DIODE 5.5V 6XSON SOT886	Automotive, AEC-Q101	Steering (Rail to Rail)	9	documents/PRTR5V0U2F_PRTR5V0U2K.pdf	TVS000003	2		5.5V (Max)	6V	-	-	-	Yes	Automotive	1pF @ 1MHz	-40C ~ 85C (TA)	Surface Mount	6-XFDFN																				
380	Bipolar (BJT) Transistor NPN 40V 200mA 300MHz 300mW Surface Mount SOT-23-3	Automotive, AEC-Q101		14	documents/MMBT3904.pdf	BJT000002	NPN	200mA	40V	300mV @ 5mA, 50mA	50nA (ICBO)	100 @ 10mA, 1V	300mW	300MHz	-55C ~ 150C (TJ)	Surface Mount	TO-236-3, SC-59, SOT-23-3																						
646	511 Ohms 1% 0.1W, 1/10W Chip Resistor 0603 (1608 Metric) Automotive AEC-Q200 Thick Film	ERJ	Cut Tape (CT)	75	documents/AOA0000C304.pdf	CRS000200	Active	511 Ohms	1%	0.1W, 1/10W	Thick Film	Automotive AEC-Q200	100ppm/C	-55C ~ 155C	0603 (1608 Metric)	0603	0.063" L x 0.031" W (1.60mm x 0.80mm)	0.022" (0.55mm)	2	-																			
567	Diode Schottky 100V 5A Surface Mount PowerDI 5	-	Schottky	7	documents/ds30471.pdf	CR000008	100V	5A	710mV @ 5A	Fast Recovery =< 500ns, > 200mA (Io)		3.5A @ 100V	-	Surface Mount	PowerDI 5																								
645	432 Ohms 1% 0.1W, 1/10W Chip Resistor 0603 (1608 Metric) Automotive AEC-Q200 Thick Film	ERJ	Cut Tape (CT)	75	documents/AOA0000C304.pdf	CRS000199	Active	432 Ohms	1%	0.1W, 1/10W	Thick Film	Automotive AEC-Q200	100ppm/C	-55C ~ 155C	0603 (1608 Metric)	0603	0.063" L x 0.031" W (1.60mm x 0.80mm)	0.022" (0.55mm)	2	-																			
599	Bipolar (BJT) Transistor PNP 40V 200mA 250MHz 300mW Surface Mount SOT-23-3 (TO-236)	-		14		BJT000006	PNP	200mA	40V	400mV @ 5mA, 50mA	-	100 @ 10mA, 1V	300mW	250MHz	-55C ~ 150C (TJ)	Surface Mount	TO-236-3, SC-59, SOT-23-3																						
667	7.5 kOhms 1% 0.1W, 1/10W Chip Resistor 0603 (1608 Metric) Automotive AEC-Q200 Thick Film	ERJ	Cut Tape (CT)	75	documents/AOA0000C304.pdf	CRS000221	Active	7.5 kOhms	1%	0.1W, 1/10W	Thick Film	Automotive AEC-Q200	100ppm/C	-55C ~ 155C	0603 (1608 Metric)	0603	0.063" L x 0.031" W (1.60mm x 0.80mm)	0.022" (0.55mm)	2	-																			
257	3.3F 10% 16V Ceramic Capacitor X5R 0603 (1608 Metric)	C	Cut Tape (CT)	73	documents/mlcc_commercial_general_en.pdf	CCA000007	Active	3.3F	10%	16V	X5R	-55C ~ 85C	Low ESL	-	General Purpose	-	Surface Mount, MLCC	0603 (1608 Metric)	0.063" L x 0.031" W (1.60mm x 0.80mm)	-	0.035" (0.90mm)	-	-																
317	6.81 kOhms 1% 0.1W, 1/10W Chip Resistor 0603 (1608 Metric) Automotive AEC-Q200 Thick Film	ERJ	Tape & Reel (TR)	75	documents/AOA0000C304.pdf	CRS000041	Active	6.81 kOhms	1%	0.1W, 1/10W	Thick Film	Automotive AEC-Q200	100ppm/C	-55C ~ 155C	0603 (1608 Metric)	0603	0.063" L x 0.031" W (1.60mm x 0.80mm)	0.022" (0.55mm)	2	-																			
338	7.5pF 0.5pF 50V Ceramic Capacitor C0G, NP0 0603 (1608 Metric)	CL	Digi-Reel	73		CCA000018	Active	7.5pF	0.5pF	50V	C0G, NP0	-55C ~ 125C	-	-	General Purpose		Surface Mount, MLCC	0603 (1608 Metric)	0.063" L x 0.031" W (1.60mm x 0.80mm)	-	0.035" (0.90mm)	-	-																
295	3 Ohms 5% 0.1W, 1/10W Chip Resistor 0603 (1608 Metric) Automotive AEC-Q200 Thick Film	CRCW	Tape & Reel (TR)	75	documents/dcrcwe3.pdf	CRS000019	Active	3 Ohms	5%	0.1W, 1/10W	Thick Film	Automotive AEC-Q200	200ppm/C	-55C ~ 155C	0603 (1608 Metric)	0603	0.063" L x 0.033" W (1.60mm x 0.85mm)	0.020" (0.50mm)	2	-																			
301	330 Ohms 1% 0.1W, 1/10W Chip Resistor 0603 (1608 Metric)  Thick Film	9C	Tape & Reel (TR)	75	documents/ProdSelectGuide202014_Final.pdf	CRS000025	Obsolete	330 Ohms	1%	0.1W, 1/10W	Thick Film	-	100ppm/C	-55C ~ 155C	0603 (1608 Metric)	0603	0.063" L x 0.031" W (1.60mm x 0.80mm)	0.022" (0.55mm)	2	-																			
327	20 kOhms 1% 0.1W, 1/10W Chip Resistor 0603 (1608 Metric)  Thick Film	9C	Tape & Reel (TR)	75	documents/ProdSelectGuide202014_Final.pdf	CRS000051	Obsolete	20 kOhms	1%	0.1W, 1/10W	Thick Film	-	100ppm/C	-55C ~ 155C	0603 (1608 Metric)	0603	0.063" L x 0.031" W (1.60mm x 0.80mm)	0.022" (0.55mm)	2	-																			
90	TVS DIODE 6V 18V SOD523	-	Zener	9	documents/PESD5ZX_SER.pdf	TVS000001	1		6V (Max)	6.8V	18V	10A (8/20s)	180W	No	Ethernet	78pF @ 1MHz	-65C ~ 150C (TA)	Surface Mount	SC-79, SOD-523																				
341	47pF 5% 100V Ceramic Capacitor C0G, NP0 0603 (1608 Metric)	CL	Tape & Reel (TR)	73		CCA000021	Active	47pF	5%	100V	C0G, NP0	-55C ~ 125C	-	-	General Purpose		Surface Mount, MLCC	0603 (1608 Metric)	0.063" L x 0.031" W (1.60mm x 0.80mm)	-	0.035" (0.90mm)	-	-																
102	Diode Standard 100V 200mA Surface Mount SOD-80	-	Standard	7	documents/FDLL4148.pdf	CR000001	100V	200mA	1V @ 10mA	Small Signal =< 200mA (Io), Any Speed	4ns	5A @ 75V	4pF @ 0V, 1MHz	Surface Mount	DO-213AC, MINI-MELF, SOD-80																								
107	3 Position Wire to Board Terminal Block Horizontal with Board 0.197" (5.00mm) Through Hole	COMBICON PT	Box	28	documents/1935174.pdf	TBWB000002	Active	1	3	0.197" (5.00mm)	Horizontal with Board	18A	300V	12-26 AWG	Through Hole	Screw	Interlocking (Side)	Green	-	Polyamide (PA), Nylon	-	-	-	0.35-0.4 Nm (3.1-3.5 Lb-In)	M2.6														
106	2 Position Wire to Board Terminal Block Horizontal with Board 0.197" (5.00mm) Through Hole	COMBICON PT	Bulk	28	documents/1935161.pdf	TBWB000001	Active	1	2	0.197" (5.00mm)	Horizontal with Board	18A	300V	12-26 AWG	Through Hole	Screw	Interlocking (Side)	Green	-	Polyamide (PA), Nylon	-	-	-	0.35-0.4 Nm (3.1-3.5 Lb-In)	M2.6														
368	3.83 MOhms 1% 0.1W, 1/10W Chip Resistor 0603 (1608 Metric)  Thick Film	CRCW-C	Tape & Reel (TR)	75	documents/crcwce3.pdf	CRS000081	Active	3.83 MOhms	1%	0.1W, 1/10W	Thick Film	-	100ppm/C	-55C ~ 155C	0603 (1608 Metric)	0603	0.063" L x 0.031" W (1.60mm x 0.80mm)	0.022" (0.55mm)	2	-																			
103	Color Sensor 16 b Gain Control, Interrupt, Sleep Mode 6-SMD Module	-	Active	26	documents/TCS3472_DS000390_2-00.pdf	CSE000001	IC	16 b	Gain Control, Interrupt, Sleep Mode	2.7V ~ 3.6V	330A @ 3V	-30C ~ 70C	6-SMD Module																										
104	Color Sensor  Auto Power Down 8-SOIC (0.154", 3.90mm Width)	-	Active	26	documents/TCS3200210.pdf	CSE000002	Frequency	-	Auto Power Down	2.7V ~ 5.5V	2mA @ 5V	-40C ~ 85C	8-SOIC (0.154", 3.90mm Width)																										
105	Solid State Relay SPST-NO (1 Form A) 8-SMD (0.300", 7.62mm), 7 Leads	AQ-H	Tube	27	documents/semi_eng_aqh.pdf	SSR000001	Active	Surface Mount	SPST-NO (1 Form A)	AC, Zero Cross	1.21VDC	0V ~ 600V	1.2A	Gull Wing	8-SMD (0.300", 7.62mm), 7 Leads	8-SMD																							
263	470pF 10% 500V Ceramic Capacitor C0G, NP0 1206 (3216 Metric)	C	Cut Tape (CT)	73	documents/C1206C471KCGACAUTO.pdf	CCA000013	Active	470pF	10%	500V	C0G, NP0	-55C ~ 125C	Low ESL, High Voltage	AEC-Q200	Automotive	-	Surface Mount, MLCC	1206 (3216 Metric)	0.126" L x 0.063" W (3.20mm x 1.60mm)	-	0.043" (1.10mm)	-	-																
256	2.2F 10% 10V Ceramic Capacitor X7R 0603 (1608 Metric)	M	Cut Tape (CT)	73	documents/LMK107B7225KA-T.pdf	CCA000006	Active	2.2F	10%	10V	X7R	-55C ~ 125C	-	-	General Purpose		Surface Mount, MLCC	0603 (1608 Metric)	0.063" L x 0.031" W (1.60mm x 0.80mm)	-	0.035" (0.90mm)	-	-																
481	Inverter IC 2 Channel  6-SOT	74LVC	Cut Tape (CT)	89		LGA000002	Active	Inverter	2	2	-	1.65 V ~ 5.5 V	10A	32mA, 32mA	0.7 V ~ 0.8 V	1.7 V ~ 2 V	3.2ns @ 5V, 50pF	-40C ~ 125C	Surface Mount	6-SOT	SOT-563, SOT-666	74LVC2G04																	
260	1500pF 5% 50V Ceramic Capacitor C0G, NP0 0603 (1608 Metric)	GRM	Cut Tape (CT)	73		CCA000010	Active	1500pF	5%	50V	C0G, NP0	-55C ~ 125C	-	-	General Purpose		Surface Mount, MLCC	0603 (1608 Metric)	0.063" L x 0.031" W (1.60mm x 0.80mm)	-	0.035" (0.90mm)	-	-																
264	0.1F 10% 25V Ceramic Capacitor X7R 0402 (1005 Metric)	CL	Cut Tape (CT)	73		CCA000014	Active	0.1F	10%	25V	X7R	-55C ~ 125C	-	-	General Purpose		Surface Mount, MLCC	0402 (1005 Metric)	0.039" L x 0.020" W (1.00mm x 0.50mm)	-	0.022" (0.55mm)	-	-																
265	22F 10% 6.3V Ceramic Capacitor X5R 0805 (2012 Metric)	CL	Cut Tape (CT)	73		CCA000015	Active	22F	10%	6.3V	X5R	-55C ~ 85C	Low Profile	-	General Purpose		Surface Mount, MLCC	0805 (2012 Metric)	0.079" L x 0.049" W (2.00mm x 1.25mm)	-	0.037" (0.95mm)	-	-																
266	10F 10% 16V Ceramic Capacitor X5R 0805 (2012 Metric)	CL	Cut Tape (CT)	73		CCA000016	Active	10F	10%	16V	X5R	-55C ~ 85C	-	-	General Purpose		Surface Mount, MLCC	0805 (2012 Metric)	0.079" L x 0.049" W (2.00mm x 1.25mm)	-	0.055" (1.40mm)	-	-																
600	TVS DIODE 5V 11.5V 2UDFN	Automotive, AEC-Q101	Zener	9		TVS000005	1		5V (Max)	6V	11.5V	70A (8/20s)	-	No	Automotive	16pF @ 1MHz	-65C ~ 150C (TJ)	Surface Mount	2-UDFN																				
142	Current Sensor 25A 1 Channel Hall Effect, Open Loop Bidirectional 16-SOIC (0.295", 7.50mm Width)	-	Cut Tape (CT)	40		CSE000003	Last Time Buy	AC/DC	Hall Effect, Open Loop	25A	1	Ratiometric, Voltage	18.5mV/A	DC ~ 120kHz	0.25%	2.9%	3 V ~ 3.6 V	4s	11mA	-40C ~ 125C	Bidirectional	Surface Mount	16-SOIC (0.295", 7.50mm Width)	16-SOIC															
140	Current Sensor 12.5A 1 Channel Hall Effect, Open Loop Bidirectional 8-SOIC (0.154", 3.90mm Width)	-	Cut Tape (CT)	40		CSE000001	Active	AC/DC	Hall Effect, Open Loop	12.5A	1	Ratiometric, Voltage	110mV/A	DC ~ 100kHz	1%	5%	3 V ~ 5.5 V	4.6s	5.5mA	-40C ~ 85C	Bidirectional	Surface Mount	8-SOIC (0.154", 3.90mm Width)	8-SOIC															
141	Current Sensor 12.5A 1 Channel Hall Effect, Open Loop Bidirectional 16-SOIC (0.295", 7.50mm Width)	-	Cut Tape (CT)	40		CSE000002	Last Time Buy	AC/DC	Hall Effect, Open Loop	12.5A	1	Ratiometric, Voltage	37mV/A	DC ~ 120kHz	0.25%	2.7%	3 V ~ 3.6 V	4s	11mA	-40C ~ 125C	Bidirectional	Surface Mount	16-SOIC (0.295", 7.50mm Width)	16-SOIC															
172	Solid State Relay SPST-NO (1 Form A) 4-SOP (0.150", 3.81mm)	CPC, OptoMOS	Cut Tape (CT)	27	documents/CPC1002N.pdf	SSR000002	Active	Surface Mount	SPST-NO (1 Form A)	DC	1.2VDC	0V ~ 60V	700mA	Gull Wing	4-SOP (0.150", 3.81mm)	4-SOP (2.54mm)																							
128	Tactile Switch SPST-NO Top Actuated Surface Mount	LS8J	Cut Tape (CT)	33	documents/LS8_Series_e.pdf	TSW000001	Obsolete	SPST-NO	Off-Mom	0.02A @ 12VDC	Oval Button	Surface Mount	2.50mm	-	Top Actuated	SMD (SMT) Tab	4.90mm x 3.20mm	Non-Illuminated	-	-	180gf	-	-	-	-	0.20mm	50,000 Cycles												
205	Optical Sensor Ambient 540nm Current 6-UFDFN Exposed Pad	-	Cut Tape (CT)	41		OSA000002	Active	Ambient	540nm	No	Current	2 V ~ 5.5 V	-40C ~ 85C	Surface Mount	6-UFDFN Exposed Pad	6-DFN (1.6x1.6)																							
566	25MHz 30ppm Crystal 12pF 80 Ohms 4-SMD, No Lead	7S	MHz Crystal	13	documents/7s.pdf	XTAL000004	25MHz	30ppm	30ppm	12pF	80 Ohms	Fundamental	-40C ~ 85C	-	0.098" L x 0.079" W (2.50mm x 2.00mm)	0.033" (0.85mm)	Surface Mount	4-SMD, No Lead																					
110	ARM Cortex-M4F Wonder Gecko Microcontroller IC 32-Bit 48MHz 256KB (256K x 8) FLASH 64-QFN (9x9)	Wonder Gecko	Cut Tape (CT)	30	documents/Support20Documents2fTechnicalDocs2fEFM32WG840.pdf	MPU000001	Active	ARM Cortex-M4F	32-Bit	48MHz	IC, IrDA, SmartCard, SPI, UART/USART	Brown-out Detect/Reset, DMA, IS, LCD, POR, PWM, WDT	56	256KB (256K x 8)	FLASH	-	32K x 8	1.85 V ~ 3.8 V	A/D 8x12b; D/A 2x12b	Internal	-40C ~ 85C (TA)	64-VFQFN Exposed Pad	64-QFN (9x9)																
111	ARM Cortex-M0+ Zero Gecko Microcontroller IC 32-Bit 24MHz 32KB (32K x 8) FLASH 24-QFN (5x5)	Zero Gecko	Cut Tape (CT)	30	documents/EFM32ZG108.pdf	MPU000002	Active	ARM Cortex-M0+	32-Bit	24MHz	IC, IrDA, SmartCard, SPI, UART/USART	Brown-out Detect/Reset, DMA, IS, POR, PWM, WDT	17	32KB (32K x 8)	FLASH	-	4K x 8	1.85 V ~ 3.8 V	-	Internal	-40C ~ 85C (TA)	24-VQFN Exposed Pad	24-QFN (5x5)																
602	TVS DIODE 5V 20V SOD323	ESDA, TRANSIL	Zener	9	documents/en.CD00233088.pdf	TVS000006	1		5V	8.2V	20V	25A (8/20s)	500W	No	General Purpose	210pF @ 1MHz	-40C ~ 125C (TJ)	Surface Mount	SC-76, SOD-323																				
137	Connector Header Through Hole, Right Angle 6 position 0.079" (2.00mm)	DF11	Tube	38		RCH000001	Active	Header	Male Pin	0.079" (2.00mm)	6	2	0.079" (2.00mm)	All	Board to Board or Cable	Shrouded - 4 Wall	Through Hole, Right Angle	Solder	Detent Lock	0.118" (3.00mm)	0.118" (3.00mm)	-	0.197" (5.00mm)	Square	Tin	39.4in (1.00m)	Tin	Brass	Polyamide (PA), Nylon	-	-40C ~ 85C	-	UL94 V-0	Black	2A	250V	-	-	-
131	1/1 Transceiver Full RS232 12-LFCSP-WQ (3x3)	-	Cut Tape (CT)	34	documents/ADM3101E.pdf	IDR000001	Active	Transceiver	RS232	1/1	Full	400mV	460Kbps	3 V ~ 5.5 V	-40C ~ 85C	Surface Mount	12-WFQFN Exposed Pad, CSP	12-LFCSP-WQ (3x3)	ADM3101																				
122	Polymeric PTC Resettable Fuse 6V 1.1A Ih Surface Mount 0805 (2012 Metric), Concave	POLY-FUSE, LoRho	Polymeric	12	documents/littelfuse_ptc_lorho_datasheet.pdf.pdf	FUSE000001	6V	50A	1.1A	1.8A	300ms	30 mOhms	130 mOhms		-40C ~ 85C	-	0.083" L x 0.053" W (2.10mm x 1.35mm)	-	0.030" (0.75mm)	Surface Mount	0805 (2012 Metric), Concave																		
123	Ceramic PTC Resettable Fuse 20V 44mA Ih Surface Mount 0805 (2012 Metric)	POSISTOR, PRG	Ceramic	12		FUSE000002	20V	1.1A	44mA	91mA				22 Ohms	-20C ~ 60C	-	0.079" L x 0.049" W (2.00mm x 1.25mm)	-	0.057" (1.45mm)	Surface Mount	0805 (2012 Metric)																		
125	FERRITE BEAD 600 OHM 0805 1LN	MI		11	documents/MI0805K601R-10.pdf	BEAD000001	Power Line	1	600 Ohms @ 100MHz	1.5A	100 mOhm	-	-40C ~ 125C	0.043" (1.10mm)	0.079" L x 0.049" W (2.00mm x 1.25mm)	Surface Mount	0805 (2012 Metric)																						
138	Connector Header Through Hole, Right Angle 4 position 0.079" (2.00mm)	DF11	Tube	38		RCH000002	Active	Header	Male Pin	0.079" (2.00mm)	4	2	0.079" (2.00mm)	All	Board to Board or Cable	Shrouded - 4 Wall	Through Hole, Right Angle	Solder	Detent Lock	0.118" (3.00mm)	0.118" (3.00mm)	-	0.197" (5.00mm)	Square	Tin	39.4in (1.00m)	Tin	Brass	Polyamide (PA), Nylon	-	-40C ~ 85C	-	UL94 V-0	Black	2A	250V	-	-	-
132	USB Bridge, USB to UART USB 2.0 UART Interface 16-SSOP	USBmadeEZ-UART, FT-X, X-Chip	Cut Tape (CT)	35	documents/DS_FT230X.pdf	ICO000001	Active	USB	Bridge, USB to UART	UART	USB 2.0	3.3 V ~ 5 V	8mA	-40C ~ 85C	16-SSOP (0.154", 3.90mm Width)	16-SSOP																							
133	USB - mini B USB 2.0 Receptacle Connector 5 Position Surface Mount, Right Angle	-	Tape & Reel (TR)	36		UDH000001	Active	USB - mini B	5	Receptacle	USB 2.0	Surface Mount, Right Angle	Horizontal	Solder	Board Guide, Solder Retention	-	-40C ~ 85C	1	1A	30VAC	5000	Shielded	Gold	Steel (SUS304)	UL94 V-0	Black													
136	Temperature Sensor Digital, Local -40C ~ 125C 11 b SOT-563	-	Cut Tape (CT)	37		TSA000001	Active	Digital, Local	-40C ~ 125C	-	IC/SMBus	1.4 V ~ 3.6 V	11 b	One-Shot, Output Switch, Shutdown Mode	2C (3C)	-25C ~ 85C (-40C ~ 125C)	-55C ~ 150C	Surface Mount	SOT-563, SOT-666	SOT-563																			
139	Bipolar Motor Driver DMOS Logic 28-QFN (5x5)	-	Cut Tape (CT)	39		PMD000001	Active	Bipolar	-	Driver - Fully Integrated, Control and Power Stage	Half Bridge (4)	Logic	DMOS	1, 1/2, 1/4, 1/8, 1/16	General Purpose	2A	3 V ~ 5.5 V	8 V ~ 35 V	-20C ~ 150C (TJ)	Surface Mount	28-VFQFN Exposed Pad	28-QFN (5x5)	A4988																
144	Accelerometer X, Y, Z Axis 2g, 4g, 8g 6.25Hz ~ 400Hz 16-LGA (3x3.25)	-	Cut Tape (CT)	42	documents/ADXL362.pdf	MSA000001	Active	Digital	X, Y, Z	2g, 4g, 8g	1 (2g) ~ 4 (8g)	-	6.25Hz ~ 400Hz	SPI	1.6 V ~ 3.5 V	Sleep Mode, Temperature Sensor	-40C ~ 85C (TA)	Surface Mount	16-TFLGA	16-LGA (3x3.25)	ADXL362																		
143	Optical Sensor Ambient 625nm IC 8-SMD Module	-	Cut Tape (CT)	41	documents/TMD2771_DS000177_2-00.pdf	OSA000001	Obsolete	Ambient	625nm	Yes	IC	2.6 V ~ 3.6 V	-30C ~ 85C	Surface Mount	8-SMD Module	Module																							
145	10k Ohm 1 Gang Linear Surface Mount Potentiometer None 1 Turn Carbon 0.05W, 1/20W Gull Wing	Pro Audio PRS11S	Tube	43	documents/PRS11S.pdf	RPR000001	Active	10k	20%	0.05W, 1/20W	None	1.000000	Linear	1	Top Adjustment	-	300	Carbon	Gull Wing	Flatted	0.787" (20.00mm)	0.236" (6.00mm)	-	Surface Mount	Rectangular - 0.512" x 0.461" Face x 0.283" H (13.00mm x 11.70mm x 7.20mm)														
150	Infrared (IR) Emitter 940nm 1.2V 65mA 0.2mW/sr @ 20mA 120 0805 (2012 Metric)	-	Cut Tape (CT)	46	documents/201407052112560322.pdf	IUV000001	Active	Infrared (IR)	65mA	0.2mW/sr @ 20mA	940nm	1.2V	120	Top View	-25C ~ 85C (TA)	Surface Mount	0805 (2012 Metric)																						
146	Tactile Switch SPST-NO Top Actuated Surface Mount	RACON 8	Cut Tape (CT)	33	documents/Racon_PCB_Tactile_Switches_Cat.pdf	TSW000002	Active	SPST-NO	Off-Mom	0.1A @ 42VAC/DC	Standard	Surface Mount	5.00mm	-	Top Actuated	Gull Wing	8.40mm x 8.40mm	Non-Illuminated	-	-	330gf	-	-	-40C ~ 80C	-	0.34mm	1,000,000 Cycles												
155	Magnetoresistive Sensor X, Y, Z Axis 10-DFN (2x2)	-	Cut Tape (CT)	51	documents/MAG3110.pdf	MSL000001	Obsolete	Magnetoresistive	X, Y, Z	IC	1mT	1.9 V ~ 3.6 V	900A (Typ)	-	-	-	-40C ~ 85C (TA)	Temperature Compensated	10-VFDFN	10-DFN (2x2)																			
147	Molded Body Reed Switch SPST-NO 15 ~ 30AT Operate Range 10W 500mA (AC/DC) 140V Surface Mount	CT10	Cut Tape (CT)	44	documents/CT10_series_reed_relay_datasheet1.pdf	MRS000001	Active	Molded Body	SPST-NO	15 ~ 30AT	-	500mA (AC/DC)	140V	200V	10W	Surface Mount	Gull Wing	0.640" (16.26mm)	0.458" L x 0.095" W x 0.115" H (11.63mm x 2.41mm x 2.92mm)	0.115" (2.92mm)	-40C ~ 125C	500mA (DC)																	
160	10 Position Receptacle Connector 0.079" (2.00mm) Through Hole Tin	DF11	Bag	53		RCH000001	Active	Receptacle	Female Socket	Board to Board or Cable	10	All	0.079" (2.00mm)	2	0.079" (2.00mm)	Through Hole	Press-Fit, Solder	Friction Lock	Tin	78.7in (2.00m)	Black	0.244" (6.20mm)	0.118" (3.00mm)	-30C ~ 85C	UL94 V-0	Tin	7.8mm, 8.45mm	-	-	2A	250V	General Purpose	Polyamide (PA), Nylon	Square	Brass	78.7in (2.00m)			
148	Buzzers Transducer, Externally Driven Piezo 3V 3mA 4kHz 70dB @ 3V, 10cm Surface Mount Solder Pads	CMT	Cut Tape (CT)	45	documents/cmt-1603-smt.pdf	ABA000001	Active	Transducer, Externally Driven	Peak-Peak Signal	3V	25V (Max)	4kHz	Piezo	Single Tone	-	70dB @ 3V, 10cm	3mA	Side	-30C ~ 70C	-	-	Surface Mount	Solder Pads	0.630" L x 0.630" W (16.00mm x 16.00mm)	0.110" (2.80mm)														
152	Bridge Rectifier Single Phase Standard 800V Surface Mount 4-SOIC	-	Cut Tape (CT)	48	documents/MB8S.pdf	DBR000001	Active	Single Phase	Standard	800V	500mA	1V @ 500mA	5A @ 800V	-55C ~ 150C (TJ)	Surface Mount	TO-269AA, 4-BESOP	4-SOIC	MB8																					
158	Connector Header Through Hole, Right Angle 10 position 0.079" (2.00mm)	DF11	Tube	38		RCH000003	Active	Header	Male Pin	0.079" (2.00mm)	10	2	0.079" (2.00mm)	All	Board to Board or Cable	Shrouded - 4 Wall	Through Hole, Right Angle	Solder	Detent Lock	0.118" (3.00mm)	0.118" (3.00mm)	-	0.197" (5.00mm)	Square	Tin	39.4in (1.00m)	Tin	Brass	Polyamide (PA), Nylon	-	-40C ~ 85C	-	UL94 V-0	Black	2A	250V	-	-	-
156	Pressure Sensor 7.25 PSI ~ 16.68 PSI (50 kPa ~ 115 kPa) Absolute  10 b 8-TLGA	-	Active	52	documents/MPL115A1.pdf	PST000001	Board Mount	Absolute	7.25 PSI ~ 16.68 PSI (50 kPa ~ 115 kPa)	SPI	10 b	0.145 PSI (1 kPa)	2.375 V ~ 5.5 V	-	No Port	Shutdown Mode, Standby Mode	SMD (SMT) Tab	145.04 PSI (1000 kPa)	-40C ~ 105C	8-TLGA	8-LGA (5x3)																		
149	Diode Schottky 30V 200mA (DC) Surface Mount SOT-23-3	-	Schottky	7	documents/bat54srs.pdf	CR000002	30V	200mA (DC)	400mV @ 10mA	Small Signal =< 200mA (Io), Any Speed	5ns	4A @ 25V	7.5pF @ 1V, 1MHz	Surface Mount	TO-236-3, SC-59, SOT-23-3																								
153	Reflective Optical Sensor 0.197" (5mm) 4-SMD, Gull Wing	-	Cut Tape (CT)	49	documents/QRE1113.pdf	OSR000001	Active	0.197" (5mm)	Reflective	30V	20mA	50mA	Phototransistor	20s, 20s	Surface Mount	4-SMD, Gull Wing	-40C ~ 85C																						
154	FLASH Memory IC 16Mb (512 Bytes x 4096 pages) SPI 85MHz  8-SOIC	-	Cut Tape (CT)	50	documents/doc8782.pdf	MEM000001	Active	Non-Volatile	FLASH	FLASH	16Mb (512 Bytes x 4096 pages)	85MHz	8s, 4ms	SPI	2.3 V ~ 3.6 V	-40C ~ 85C (TC)	Surface Mount	8-SOIC (0.154", 3.90mm Width)	8-SOIC																				
159	Connector Header Through Hole 10 position 0.079" (2.00mm)	DF11	Tube	38		RCH000004	Active	Header	Male Pin	0.079" (2.00mm)	10	2	0.079" (2.00mm)	All	Board to Board or Cable	Shrouded - 4 Wall	Through Hole	Solder	Detent Lock	0.118" (3.00mm)	0.118" (3.00mm)	0.299" (7.60mm)	0.260" (6.60mm)	Square	Tin	39.4in (1.00m)	Tin	Brass	Polyamide (PA), Nylon	-	-30C ~ 85C	-	UL94 V-0	Black	2A	250V	7.55, 7.8mm, 8.9mm	-	-
157	Pressure Sensor 7.25 PSI ~ 15.95 PSI (50 kPa ~ 110 kPa) Absolute  24 b 8-TLGA	-	Active	52	documents/MPL3115A2.pdf	PST000002	Board Mount	Absolute	7.25 PSI ~ 15.95 PSI (50 kPa ~ 110 kPa)	IC	24 b	0.058 PSI (0.4 kPa)	1.95 V ~ 3.6 V	-	No Port	Temperature Compensated	SMD (SMT) Tab	72.52 PSI (500 kPa)	-40C ~ 85C	8-TLGA	8-LGA																		
161	Connector Header Through Hole, Right Angle 12 position 0.079" (2.00mm)	DF11	Tube	38		RCH000005	Active	Header	Male Pin	0.079" (2.00mm)	12	2	0.079" (2.00mm)	All	Board to Board or Cable	Shrouded - 4 Wall	Through Hole, Right Angle	Solder	Detent Lock	0.118" (3.00mm)	0.118" (3.00mm)	-	0.197" (5.00mm)	Square	Tin	39.4in (1.00m)	Tin	Brass	Polyamide (PA), Nylon	-	-40C ~ 85C	-	UL94 V-0	Black	2A	250V	-	-	-
162	Connector Header Through Hole 12 position 0.079" (2.00mm)	DF11	Tube	38		RCH000006	Active	Header	Male Pin	0.079" (2.00mm)	12	2	0.079" (2.00mm)	All	Board to Board or Cable	Shrouded - 4 Wall	Through Hole	Solder	Detent Lock	0.118" (3.00mm)	0.118" (3.00mm)	0.299" (7.60mm)	0.260" (6.60mm)	Square	Tin	39.4in (1.00m)	Tin	Brass	Polyamide (PA), Nylon	-	-30C ~ 85C	-	UL94 V-0	Black	2A	250V	7.55, 7.8mm, 8.9mm	-	-
163	Connector Header Through Hole 24 position 0.079" (2.00mm)	DF11	Tube	38		RCH000007	Active	Header	Male Pin	0.079" (2.00mm)	24	2	0.079" (2.00mm)	All	Board to Board or Cable	Shrouded - 4 Wall	Through Hole	Solder	Detent Lock	0.118" (3.00mm)	0.118" (3.00mm)	0.299" (7.60mm)	0.260" (6.60mm)	Square	Tin	39.4in (1.00m)	Tin	Brass	Polyamide (PA), Nylon	-	-30C ~ 85C	-	UL94 V-0	Black	2A	250V	7.55, 7.8mm, 8.9mm	-	-
151	Mosfet Array 2 P-Channel (Dual) 20V 2.3A 700mW Surface Mount SuperSOT-6	PowerTrench	Cut Tape (CT)	47	documents/FDC6312P-D.pdf	TFM000001	Active	2 P-Channel (Dual)	Logic Level Gate	20V	2.3A	115 mOhm @ 2.3A, 4.5V	1.5V @ 250A	7nC @ 4.5V	467pF @ 10V	700mW	-55C ~ 150C (TJ)	Surface Mount	SOT-23-6 Thin, TSOT-23-6	SuperSOT-6																			
164	Connector Header Through Hole 4 position 0.079" (2.00mm)	DF11	Tube	38		RCH000008	Active	Header	Male Pin	0.079" (2.00mm)	4	2	0.079" (2.00mm)	All	Board to Board or Cable	Shrouded - 4 Wall	Through Hole	Solder	Detent Lock	0.118" (3.00mm)	0.118" (3.00mm)	0.299" (7.60mm)	0.260" (6.60mm)	Square	Tin	39.4in (1.00m)	Tin	Brass	Polyamide (PA), Nylon	-	-30C ~ 85C	-	UL94 V-0	Black	2A	250V	7.55, 7.8mm, 8.9mm	-	-
165	Connector Header Through Hole 6 position 0.079" (2.00mm)	DF11	Tube	38		RCH000009	Active	Header	Male Pin	0.079" (2.00mm)	6	2	0.079" (2.00mm)	All	Board to Board or Cable	Shrouded - 4 Wall	Through Hole	Solder	Detent Lock	0.118" (3.00mm)	0.118" (3.00mm)	0.299" (7.60mm)	0.260" (6.60mm)	Square	Tin	39.4in (1.00m)	Tin	Brass	Polyamide (PA), Nylon	-	-30C ~ 85C	-	UL94 V-0	Black	2A	250V	7.55, 7.8mm, 8.9mm	-	-
179	10 Position Socket Connector 0.079" (2.00mm) Through Hole Gold	831	Bulk	53		RCH000002	Active	Socket	Female Socket	Board to Board	10	All	0.079" (2.00mm)	1	-	Through Hole	Solder	Push-Pull	Gold	Flash	Black	0.165" (4.20mm)	0.125" (3.18mm)	-55C ~ 125C	UL94 V-0	Tin	-	-	-	3A	-	-	Liquid Crystal Polymer (LCP), Glass Filled	Circular	Beryllium Copper	-			
166	Connector Header Through Hole, Right Angle 8 position 0.079" (2.00mm)	DF11	Tube	38		RCH000010	Active	Header	Male Pin	0.079" (2.00mm)	8	2	0.079" (2.00mm)	All	Board to Board or Cable	Shrouded - 4 Wall	Through Hole, Right Angle	Solder	Detent Lock	0.118" (3.00mm)	0.118" (3.00mm)	-	0.197" (5.00mm)	Square	Tin	39.4in (1.00m)	Tin	Brass	Polyamide (PA), Nylon	-	-40C ~ 85C	-	UL94 V-0	Black	2A	250V	-	-	-
175	Digital Potentiometer 10k Ohm 1 Circuit 128 Taps IC Interface SC-70-6	-	Cut Tape (CT)	57		DAD000001	Active	Linear	Potentiometer	1	128	10k	IC	Volatile	1.8 V ~ 5.5 V	-	20%	150 ppm/C	155	-40C ~ 125C	6-TSSOP, SC-88, SOT-363	SC-70-6	MCP4018																
167	Connector Header Through Hole 8 position 0.079" (2.00mm)	DF11	Tube	38		RCH000011	Active	Header	Male Pin	0.079" (2.00mm)	8	2	0.079" (2.00mm)	All	Board to Board or Cable	Shrouded - 4 Wall	Through Hole	Solder	Detent Lock	0.118" (3.00mm)	0.118" (3.00mm)	0.299" (7.60mm)	0.260" (6.60mm)	Square	Tin	39.4in (1.00m)	Tin	Brass	Polyamide (PA), Nylon	-	-30C ~ 85C	-	UL94 V-0	Black	2A	250V	7.55, 7.8mm, 8.9mm	-	-
168	Connector Header Surface Mount 10 position 0.079" (2.00mm)	DF11	Tube	38		RCH000012	Active	Header	Male Pin	0.079" (2.00mm)	10	2	0.079" (2.00mm)	All	Board to Board or Cable	Shrouded - 4 Wall	Surface Mount	Solder	Detent Lock	-	-	-	0.283" (7.19mm)	Circular	Tin	39.4in (1.00m)	Tin	Brass	Polyamide (PA), Nylon	Board Guide, Solder Retention	-30C ~ 85C	-	UL94 V-0	Beige	2A	250V	8.2mm, 8.45mm, 9.55mm	-	-
169	12 Position Connector Plug, Outer Shroud Contacts Surface Mount Gold	DF40	Cut Tape (CT)	54		RCA000001	Active	Plug, Outer Shroud Contacts	12	0.016" (0.40mm)	2	Surface Mount	Solder Retention	Gold	-	1.5mm, 2mm, 2.5mm, 3mm, 3.5mm, 4mm	0.045" (1.14mm)																						
170	12 Position Connector Receptacle, Center Strip Contacts Surface Mount Gold	DF40	Cut Tape (CT)	54		RCA000002	Active	Receptacle, Center Strip Contacts	12	0.016" (0.40mm)	2	Surface Mount	-	Gold	-	2mm	0.077" (1.95mm)																						
173	Buck-Boost Switching Regulator IC Positive Programmable 2.5V 1 Output 200mA 16-TFSOP (0.118", 3.00mm Width) Exposed Pad	-	Tube	56		PVR000001	Active	Step-Up/Step-Down	Positive	Buck-Boost	Programmable	1	1.92V	15V	2.5V	15V	200mA	1.2MHz	Yes	-40C ~ 125C (TJ)	Surface Mount	16-TFSOP (0.118", 3.00mm Width) Exposed Pad	16-MSOP-EP	LTC3129															
171	10 (8 + 2) Position Card Connector Secure Digital - microSD Surface Mount, Right Angle Gold	DM3	Cut Tape (CT)	55		MCP000001	Active	Secure Digital - microSD	10 (8 + 2)	Connector and Ejector	Push In, Push Out	-	Surface Mount, Right Angle	Switch	0.072" (1.83mm)	Reverse - Bottom	Gold	-																					
176	RF TXRX MOD BLUETOOTH TRACE ANT	-	Tray	58		RTM000001	Active	Bluetooth	Bluetooth v4.1	GFSK	2.4GHz	1Mbps	7.5dBm	-92.5dBm	AIO, PIO, SPI, UART	Integrated, Trace	-	64kB Flash	3 V ~ 3.6 V	16mA	16mA	Surface Mount	-30C ~ 85C	22-SMD Module															
568	TVS DIODE 70V 100V SMB	-	Zener	9	documents/ds30213.pdf	TVS000004	1		70V	44.8V	100V	5.3A	600W	No	General Purpose	290pF @ 1MHz	-55C ~ 150C (TJ)	Surface Mount	DO-214AA, SMB																				
178	2 Position Wire to Board Terminal Block Horizontal with Board 0.250" (6.35mm) Through Hole	OSTT7	Bulk	28	documents/OSTT7XX0150.pdf	TBWB000003	Active	1	2	0.250" (6.35mm)	Horizontal with Board	30A	300V	10-24 AWG	Through Hole	Screw - Rising Cage Clamp	Interlocking (Side)	Green	-30C ~ 105C	Thermoplastic	Brass	Brass	Steel - Zinc Plated	1.0 Nm (8.9 Lb-In)	M3														
177	I/O Expander 16 IC, SMBus 400kHz 24-TSSOP	Agile	Cut Tape (CT)	59	documents/PCAL6416A.pdf	IIO000001	Active	16	IC, SMBus	Yes	POR	Open Drain, Push-Pull	10mA, 25mA	400kHz	1.65 V ~ 5.5 V	-40C ~ 85C	Surface Mount	24-TSSOP (0.173", 4.40mm Width)	24-TSSOP	PCAL6416A																			
180	Buck Switching Regulator IC Positive Adjustable 1V 1 Output 500mA SOT-23-6	-	Cut Tape (CT)	56	documents/bd9g101g-e.pdf	PVR000002	Active	Step-Down	Positive	Buck	Adjustable	1	6V	42V	1V	29.4V	500mA	1.5MHz	No	-40C ~ 105C (TA)	Surface Mount	SOT-23-6	6-SSOP	BD9G101															
182	ARM Cortex-M3 Tiny Gecko Microcontroller IC 32-Bit 32MHz 32KB (32K x 8) FLASH 24-QFN (5x5)	Tiny Gecko	Cut Tape (CT)	30	documents/efm32tg-datasheet.pdf	MPU000003	Active	ARM Cortex-M3	32-Bit	32MHz	EBI/EMI, IC, IrDA, SmartCard, SPI, UART/USART	Brown-out Detect/Reset, DMA, POR, PWM, WDT	17	32KB (32K x 8)	FLASH	-	4K x 8	1.85 V ~ 3.8 V	A/D 2x12b; D/A 1x12b	Internal	-40C ~ 85C (TA)	24-VQFN Exposed Pad	24-QFN (5x5)																
318	9.09 kOhms 1% 0.1W, 1/10W Chip Resistor 0603 (1608 Metric) Automotive AEC-Q200 Thick Film	ERJ	Tape & Reel (TR)	75	documents/AOA0000C304.pdf	CRS000042	Active	9.09 kOhms	1%	0.1W, 1/10W	Thick Film	Automotive AEC-Q200	100ppm/C	-55C ~ 155C	0603 (1608 Metric)	0603	0.063" L x 0.031" W (1.60mm x 0.80mm)	0.022" (0.55mm)	2	-																			
181	SENSOR OPTO TRANS IMM REFL SMD	-	Cut Tape (CT)	60	documents/RPI-1031.pdf	MST000001	Obsolete	90	NPN	Surface Mount	-25C ~ 85C	5V	30mA	6-SMD																									
206	Current Monitor Regulator High-Side 10mA SOT-23-5	-	Digi-Reel	65	documents/ZXCT1010.pdf	PCR000001	Active	Current Monitor	High-Side	1%	2.5 V ~ 20 V	10mA	-40C ~ 85C	Surface Mount	SC-74A, SOT-753	SOT-23-5	ZXCT1010																						
183	ARM Cortex-M3 Tiny Gecko Microcontroller IC 32-Bit 32MHz 32KB (32K x 8) FLASH 48-TQFP (7x7)	Tiny Gecko	Cut Tape (CT)	30	documents/Support20Documents2fTechnicalDocs2fEFM32TG222.pdf	MPU000004	Active	ARM Cortex-M3	32-Bit	32MHz	IC, IrDA, SmartCard, SPI, UART/USART	Brown-out Detect/Reset, DMA, IS, POR, PWM, WDT	37	32KB (32K x 8)	FLASH	-	4K x 8	1.85 V ~ 3.8 V	A/D 4x12b; D/A 1x12b	Internal	-40C ~ 85C (TA)	48-TQFP	48-TQFP (7x7)																
198	Red, Green, Blue (RGB)  LED Indication - Discrete 2V Red, 2.2V Green, 3.5V Blue 4-SMD, J-Lead	-		16		LED000004	Red, Green, Blue (RGB)	Common Anode	Colorless	Clear	80mcd Red, 60mcd Green, 60mcd Blue	Round with Flat Top	2.40mm Dia	2V Red, 2.2V Green, 3.5V Blue	20mA Red, 20mA Green, 20mA Blue	120		-	636nm Red, 574nm Green, 430nm Blue	-	3.20mm L x 2.70mm W	1.87mm	Surface Mount	4-SMD, J-Lead															
199	2.2nH Unshielded Multilayer Inductor 300mA 160 mOhm Max 0402 (1005 Metric)	-	Multilayer	10	documents/RF_Ceramic_Chip_Inductors.pdf	IND000003	Ceramic	2.2nH	0.3nH	300mA	-	Unshielded	160 mOhm Max	8 @ 100MHz	12GHz	-	-40C ~ 100C	100MHz		Surface Mount	0402 (1005 Metric)																		
184	ARM Cortex-M0+ Zero Gecko Microcontroller IC 32-Bit 24MHz 32KB (32K x 8) FLASH 48-TQFP (7x7)	Zero Gecko	Cut Tape (CT)	30	documents/Support20Documents2fTechnicalDocs2fEFM32ZG222.pdf	MPU000005	Active	ARM Cortex-M0+	32-Bit	24MHz	EBI/EMI, IC, IrDA, SmartCard, SPI, UART/USART	Brown-out Detect/Reset, DMA, IS, POR, PWM, WDT	37	32KB (32K x 8)	FLASH	-	4K x 8	1.85 V ~ 3.8 V	A/D 4x12b; D/A 1x12b	Internal	-40C ~ 85C (TA)	48-TQFP	48-TQFP (7x7)																
189	10 Position Header Connector 0.100" (2.54mm) Through Hole Gold	SFH11	Tray	53	documents/PAGE12320.10020SFH1120SERIES20FEMALE20HDR20ST20RA.pdf	RCH000003	Active	Header	Female Socket	Board to Board	10	All	0.100" (2.54mm)	2	0.100" (2.54mm)	Through Hole	Solder	Push-Pull	Gold	Flash	Black	0.335" (8.51mm)	0.126" (3.20mm)	-40C ~ 105C	UL94 V-0	Gold	-	-	Polarizing Key	3A	-	-	Polybutylene Terephthalate (PBT)	Square	Brass	Flash			
185	Reflective Optical Sensor 19.7" (50cm) 1.6' Non-Metallic 8-WDFN Exposed Pad	-	Cut Tape (CT)	61	documents/Si1102.pdf	OSR000001	Active	19.7" (50cm) 1.6'	Reflective	Non-Metallic	-	-	Surface Mount	400mA	2.2 V ~ 5.25 V	8-WDFN Exposed Pad	Low Power																						
186	Gyroscope X (Pitch), Y (Roll), Z (Yaw) 250, 500, 2000 100Hz ~ 800Hz IC, SPI 16-LGA (4x4)	-	Cut Tape (CT)	62	documents/en.l3gd20_l3g4200d_marketing_pres.pdf	MSG000001	Obsolete	Digital	X (Pitch), Y (Roll), Z (Yaw)	250, 500, 2000	8.75 ~ 70	-	100Hz ~ 800Hz	IC, SPI	2.4 V ~ 3.6 V	6.1mA	Adjustable Bandwidth, Selectable Scale, Sleep Mode, Temperature Sensor	-40C ~ 85C (TA)	16-TFLGA																				
190	20 Position Header Connector 0.100" (2.54mm) Through Hole Gold	SFH11	Tray	53	documents/PAGE12320.10020SFH1120SERIES20FEMALE20HDR20ST20RA.pdf	RCH000004	Active	Header	Female Socket	Board to Board	20	All	0.100" (2.54mm)	2	0.100" (2.54mm)	Through Hole	Solder	Push-Pull	Gold	Flash	Black	0.335" (8.51mm)	0.126" (3.20mm)	-40C ~ 105C	UL94 V-0	Gold	-	-	Polarizing Key	3A	-	-	Polybutylene Terephthalate (PBT)	Square	Brass	Flash			
187	Accelerometer, Magnetometer, 3 Axis Sensor IC Output	-	Cut Tape (CT)	63	documents/LSM303DLM.pdf	MSI000001	Obsolete	Accelerometer, Magnetometer, 3 Axis	IC	-40C ~ 85C (TA)	28-VFLGA Module	28-LGA (5x5)	Surface Mount																										
193	10H Shielded Wirewound Inductor 840mA 216 mOhm Max Nonstandard	NR	Wirewound	10	documents/wound04_e.pdf	IND000002	Ferrite	10H	20%	840mA	1.2A	Shielded	216 mOhm Max	-	24MHz	-	-25C ~ 120C	100kHz		Surface Mount	Nonstandard																		
188	Diode Schottky 60V 2A Surface Mount SMA	Q Automotive	Schottky	7	documents/en.DM00031459.pdf	CR000003	60V	2A	600mV @ 2A	Fast Recovery =< 500ns, > 200mA (Io)		100A @ 60V	-	Surface Mount	DO-214AC, SMA																								
191	40 Position Header Connector 0.100" (2.54mm) Through Hole Gold	SFH11	Tray	53	documents/PAGE12320.10020SFH1120SERIES20FEMALE20HDR20ST20RA.pdf	RCH000005	Active	Header	Female Socket	Board to Board	40	All	0.100" (2.54mm)	2	0.100" (2.54mm)	Through Hole	Solder	Push-Pull	Gold	Flash	Black	0.335" (8.51mm)	0.126" (3.20mm)	-40C ~ 105C	UL94 V-0	Gold	-	-	Polarizing Key	3A	-	-	Polybutylene Terephthalate (PBT)	Square	Brass	Flash			
194	Buck-Boost Switching Regulator IC Positive Adjustable 1.2V 1 Output 900mA (Switch) 10-WFDFN Exposed Pad	-	Cut Tape (CT)	56		PVR000003	Active	Step-Up/Step-Down	Positive	Buck-Boost	Adjustable	1	1.8V	5.5V	1.2V	5.5V	900mA (Switch)	2.4MHz	Yes	-40C ~ 85C (TA)	Surface Mount	10-WFDFN Exposed Pad	10-SON (2.5x2.5)	TPS63030															
200	General Purpose Amplifier 1 Circuit Rail-to-Rail SOT-23-5	MicroAmplifier		17		AMP000001	General Purpose	1	Rail-to-Rail	0.8 V/s	1MHz		0.2pA	200V	150A	15mA	2.5 V ~ 5.5 V	-40C ~ 85C	Surface Mount	SC-74A, SOT-753																			
195	Motor Driver Power MOSFET Parallel 24-SSOP	-	Cut Tape (CT)	39		PMD000002	Active	-	Brushed DC	Driver - Fully Integrated, Control and Power Stage	Half Bridge (4)	Parallel	Power MOSFET	-	General Purpose	1A	2.7 V ~ 5.5 V	2.5 V ~ 13.5 V	-20C ~ 85C (TA)	Surface Mount	24-LSSOP (0.220", 5.60mm Width)	24-SSOP	TB6612																
201	Red  LED Indication - Discrete 1.72V 2-SMD, No Lead	-		16	documents/LNJ210C6RRA20Side20View.pdf	LED000005	Red	Standard	Colorless	Clear	8mcd	Rectangle with Flat Top	2.00mm x 0.70mm	1.72V	10mA	-		-	660nm	-	2.20mm L x 1.20mm W	1.00mm	Surface Mount, Right Angle	2-SMD, No Lead															
203	Digital Potentiometer 100k Ohm 1 Circuit 128 Taps IC Interface SC-70-6	-	Cut Tape (CT)	57		DAD000002	Active	Linear	Potentiometer	1	128	100k	IC	Volatile	1.8 V ~ 5.5 V	-	20%	150 ppm/C	155	-40C ~ 125C	6-TSSOP, SC-88, SOT-363	SC-70-6	MCP4018																
204	Digital Potentiometer 5k Ohm 1 Circuit 128 Taps IC Interface SC-70-6	-	Cut Tape (CT)	57		DAD000003	Active	Linear	Potentiometer	1	128	5k	IC	Volatile	1.8 V ~ 5.5 V	-	20%	150 ppm/C	155	-40C ~ 125C	6-TSSOP, SC-88, SOT-363	SC-70-6	MCP4018																
207	3.3H Shielded Wirewound Inductor 870mA 170 mOhm Max Nonstandard	VLF	Wirewound	10	documents/vlf3010a.pdf	IND000004	Ferrite	3.3H	20%	870mA	870mA	Shielded	170 mOhm Max	-	-	-	-40C ~ 105C	100kHz		Surface Mount	Nonstandard																		
208	Tactile Switch SPST-NO Side Actuated Surface Mount, Right Angle	EVQP7	Cut Tape (CT)	33	documents/EVQP_7_3EVQ9P7.pdf	TSW000003	Obsolete	SPST-NO	Off-Mom	0.05A @ 12VDC	Rectangular Button	Surface Mount, Right Angle	-	-	Side Actuated	Gull Wing	4.70mm x 2.90mm	Non-Illuminated	-	-	220gf	-	-	-20C ~ 70C	-	0.20mm	100,000 Cycles												
296	10 Ohms 1% 0.1W, 1/10W Chip Resistor 0603 (1608 Metric) Automotive AEC-Q200 Thick Film	ERJ	Tape & Reel (TR)	75	documents/AOA0000C304.pdf	CRS000020	Active	10 Ohms	1%	0.1W, 1/10W	Thick Film	Automotive AEC-Q200	100ppm/C	-55C ~ 155C	0603 (1608 Metric)	0603	0.063" L x 0.031" W (1.60mm x 0.80mm)	0.022" (0.55mm)	2	-																			
369	10 MOhms 1% 0.125W, 1/8W Chip Resistor 0603 (1608 Metric) Anti-Sulfur Thin Film	MCT - Professional	Cut Tape (CT)	75	documents/mcx0x0xpro.pdf	CRS000082	Active	10 MOhms	1%	0.125W, 1/8W	Thin Film	Anti-Sulfur	50ppm/C	-55C ~ 155C	0603 (1608 Metric)	0603	0.061" L x 0.033" W (1.55mm x 0.85mm)	0.022" (0.55mm)	2	-																			
319	11 kOhms 1% 0.1W, 1/10W Chip Resistor 0603 (1608 Metric) Automotive AEC-Q200 Thick Film	ERJ	Tape & Reel (TR)	75	documents/AOA0000C304.pdf	CRS000043	Active	11 kOhms	1%	0.1W, 1/10W	Thick Film	Automotive AEC-Q200	100ppm/C	-55C ~ 155C	0603 (1608 Metric)	0603	0.063" L x 0.031" W (1.60mm x 0.80mm)	0.022" (0.55mm)	2	-																			
339	7.5pF 0.25pF 50V Ceramic Capacitor C0G, NP0 0603 (1608 Metric)	GRM	Tape & Reel (TR)	73		CCA000019	Obsolete	7.5pF	0.25pF	50V	C0G, NP0	-55C ~ 125C	-	-	General Purpose		Surface Mount, MLCC	0603 (1608 Metric)	0.063" L x 0.031" W (1.60mm x 0.80mm)	-	0.035" (0.90mm)	-	-																
270	255 Ohms 1% 0.1W, 1/10W Chip Resistor 0603 (1608 Metric) Automotive AEC-Q200 Thick Film	ERJ	Cut Tape (CT)	75	documents/AOA0000C304.pdf	CRS000001	Active	255 Ohms	1%	0.1W, 1/10W	Thick Film	Automotive AEC-Q200	100ppm/C	-55C ~ 155C	0603 (1608 Metric)	0603	0.063" L x 0.031" W (1.60mm x 0.80mm)	0.022" (0.55mm)	2	-																			
302	402 Ohms 1% 0.1W, 1/10W Chip Resistor 0603 (1608 Metric) Automotive AEC-Q200 Thick Film	ERJ	Tape & Reel (TR)	75	documents/AOA0000C304.pdf	CRS000026	Active	402 Ohms	1%	0.1W, 1/10W	Thick Film	Automotive AEC-Q200	100ppm/C	-55C ~ 155C	0603 (1608 Metric)	0603	0.063" L x 0.031" W (1.60mm x 0.80mm)	0.022" (0.55mm)	2	-																			
303	499 Ohms 1% 0.1W, 1/10W Chip Resistor 0603 (1608 Metric) Automotive AEC-Q200 Thick Film	ERJ	Tape & Reel (TR)	75	documents/AOA0000C304.pdf	CRS000027	Active	499 Ohms	1%	0.1W, 1/10W	Thick Film	Automotive AEC-Q200	100ppm/C	-55C ~ 155C	0603 (1608 Metric)	0603	0.063" L x 0.031" W (1.60mm x 0.80mm)	0.022" (0.55mm)	2	-																			
322	13 kOhms 1% 0.1W, 1/10W Chip Resistor 0603 (1608 Metric) Automotive AEC-Q200 Thick Film	ERJ	Tape & Reel (TR)	75	documents/AOA0000C304.pdf	CRS000046	Active	13 kOhms	1%	0.1W, 1/10W	Thick Film	Automotive AEC-Q200	100ppm/C	-55C ~ 155C	0603 (1608 Metric)	0603	0.063" L x 0.031" W (1.60mm x 0.80mm)	0.022" (0.55mm)	2	-																			
310	3.57 kOhms 1% 0.1W, 1/10W Chip Resistor 0603 (1608 Metric) Automotive AEC-Q200 Thick Film	ERJ	Cut Tape (CT)	75	documents/AOA0000C304.pdf	CRS000034	Active	3.57 kOhms	1%	0.1W, 1/10W	Thick Film	Automotive AEC-Q200	100ppm/C	-55C ~ 155C	0603 (1608 Metric)	0603	0.063" L x 0.031" W (1.60mm x 0.80mm)	0.022" (0.55mm)	2	-																			
311	3.9 kOhms 1% 0.1W, 1/10W Chip Resistor 0603 (1608 Metric) Moisture Resistant Thick Film	RC	Tape & Reel (TR)	75	documents/PYu-RC_Group_51_RoHS_L_10.pdf	CRS000035	Active	3.9 kOhms	1%	0.1W, 1/10W	Thick Film	Moisture Resistant	100ppm/C	-55C ~ 155C	0603 (1608 Metric)	0603	0.063" L x 0.031" W (1.60mm x 0.80mm)	0.022" (0.55mm)	2	-																			
381	RF Mosfet N-Channel JFET      TO-236AB (SOT23)	-	Digi-Reel	79	documents/BF862.pdf	TFM000001	Obsolete	N-Channel JFET	-	-	25mA	-	-	20V	TO-236-3, SC-59, SOT-23-3	TO-236AB (SOT23)	BF862																						
342	100pF 5% 50V Ceramic Capacitor C0G, NP0 0603 (1608 Metric)	CL	Tape & Reel (TR)	73		CCA000022	Active	100pF	5%	50V	C0G, NP0	-55C ~ 125C	-	-	General Purpose		Surface Mount, MLCC	0603 (1608 Metric)	0.063" L x 0.031" W (1.60mm x 0.80mm)	-	0.035" (0.90mm)	-	-																
328	22 kOhms 1% 0.1W, 1/10W Chip Resistor 0603 (1608 Metric)  Thick Film	MCR	Tape & Reel (TR)	75	documents/mcr_g.pdf	CRS000052	Discontinued at Digi-Key	22 kOhms	1%	0.1W, 1/10W	Thick Film	-	100ppm/C	-55C ~ 155C	0603 (1608 Metric)	0603	0.063" L x 0.031" W (1.60mm x 0.80mm)	0.022" (0.55mm)	2	-																			
332	43.2 kOhms 1% 0.1W, 1/10W Chip Resistor 0603 (1608 Metric) Automotive AEC-Q200 Thick Film	ERJ	Tape & Reel (TR)	75	documents/AOA0000C304.pdf	CRS000056	Active	43.2 kOhms	1%	0.1W, 1/10W	Thick Film	Automotive AEC-Q200	100ppm/C	-55C ~ 155C	0603 (1608 Metric)	0603	0.063" L x 0.031" W (1.60mm x 0.80mm)	0.022" (0.55mm)	2	-																			
412	499 Ohms 1% 0.05W, 1/20W Chip Resistor 0201 (0603 Metric)  Thick Film	ERJ	Digi-Reel	75	documents/ERJ-GRE_Series_Rev_Oct_2014.pdf	CRS000099	Discontinued at Digi-Key	499 Ohms	1%	0.05W, 1/20W	Thick Film	-	200ppm/C	-55C ~ 125C	0201 (0603 Metric)	0201	0.024" L x 0.012" W (0.60mm x 0.30mm)	0.010" (0.26mm)	2	-																			
396	0.22F 10% 25V Ceramic Capacitor X7R 0603 (1608 Metric)	M	Tape & Reel (TR)	73	documents/mlcc_all_e.pdf	CCA000031	Active	0.22F	10%	25V	X7R	-55C ~ 125C	-	-	General Purpose		Surface Mount, MLCC	0603 (1608 Metric)	0.063" L x 0.031" W (1.60mm x 0.80mm)	-	0.035" (0.90mm)	-	-																
345	5600pF 5% 25V Ceramic Capacitor C0G, NP0 0603 (1608 Metric)	C	Digi-Reel	73	documents/mlcc_commercial_general_en.pdf	CCA000024	Not For New Designs	5600pF	5%	25V	C0G, NP0	-55C ~ 125C	Low ESL	-	General Purpose	-	Surface Mount, MLCC	0603 (1608 Metric)	0.063" L x 0.031" W (1.60mm x 0.80mm)	-	0.035" (0.90mm)	-	-																
382	Bipolar (BJT) Transistor PNP 12V 4A 310MHz 1.25W Surface Mount SOT-23-3	-		14	documents/ZXTP25012EFH.pdf	BJT000003	PNP	4A	12V	210mV @ 400mA, 4A	50nA (ICBO)	500 @ 10mA, 2V	1.25W	310MHz	-55C ~ 150C (TJ)	Surface Mount	TO-236-3, SC-59, SOT-23-3																						
569	IC CLK GENERATOR 200MHZ 20QFN	MultiSynth	Tray	98	documents/Si5351A_B_C.pdf	CTC000001	Obsolete	Clock Generator	Yes	Clock, Crystal	LVCMOS	1	2:8	No/No	200MHz	Yes/No	1.71V ~ 3.6V	-40C ~ 85C	Surface Mount	20-VFQFN Exposed Pad	20-QFN (4x4)	SI5351																	
570	1/1 Transceiver Full MII 32-QFN (5x5)	-	Cut Tape (CT)	34	documents/KSZ8051MNL_RNL.pdf	IDR000005	Obsolete	Transceiver	MII	1/1	Full		-	1.8V, 2.5V, 3.3V	-40C ~ 85C	Surface Mount	32-VFQFN Exposed Pad	32-QFN (5x5)	KSZ8051																				
601	P-Channel 100V 480mA (Tj) 1.6W (Ta) Surface Mount TO-243AA (SOT-89)	-		15		FET000004	P-Channel	MOSFET (Metal Oxide)	100V	480mA (Tj)		3.5 Ohm @ 750mA, 10V	2.4V @ 1mA		20V	125pF @ 25V	-	1.6W (Ta)	-55C ~ 150C (TJ)	Surface Mount	TO-243AA																		
218	20 Position Rectangular Housing Connector Receptacle Black 0.079" (2.00mm)	DF11	Bag	67		RCH000007	Active	Receptacle	Female Socket	20	0.079" (2.00mm)	2	0.079" (2.00mm)	Free Hanging (In-Line)	Crimp	-	Black	-	Contacts Not Included																				
209	Tactile Switch SPST-NO Side Actuated Surface Mount, Right Angle	EVQP7	Cut Tape (CT)	33	documents/sw_lt_eng_3529s_side.pdf	TSW000004	Active	SPST-NO	Off-Mom	0.05A @ 12VDC	Rectangular Button	Surface Mount, Right Angle	-	-	Side Actuated	J Lead	4.30mm x 2.90mm	Non-Illuminated	-	-	220gf	-	Board Guide	-20C ~ 70C	-	0.20mm	100,000 Cycles												
219	10 Position Adapter Connector Plug, Male Pins To Plug, Male Pins 0.079" (2.00mm)	DF11	Active	68		RCA000001	Plug, Male Pins	Plug, Male Pins	10	0.079" (2.00mm)	2	0.079" (2.00mm)	Panel Mount, Snap-In																										
220	10 Position Rectangular Housing Connector Plug Black 0.079" (2.00mm)	DF11	Bag	67		RCH000008	Active	Plug	Male Pin	10	0.079" (2.00mm)	2	0.079" (2.00mm)	Panel Mount, Snap-In	Crimp	-	Black	-	Contacts Not Included																				
212	4 Position Rectangular Housing Connector Receptacle Black 0.079" (2.00mm)	DF11	Bag	67		RCH000001	Active	Receptacle	Female Socket	4	0.079" (2.00mm)	2	0.079" (2.00mm)	Free Hanging (In-Line)	Crimp	-	Black	-	Contacts Not Included																				
213	10 Position Rectangular Housing Connector Receptacle Black 0.079" (2.00mm)	DF11	Bag	67		RCH000002	Active	Receptacle	Female Socket	10	0.079" (2.00mm)	2	0.079" (2.00mm)	Free Hanging (In-Line)	Crimp	-	Black	-	Contacts Not Included																				
221	14 Position Rectangular Housing Connector Receptacle Black 0.079" (2.00mm)	DF11	Bag	67		RCH000009	Active	Receptacle	Female Socket	14	0.079" (2.00mm)	2	0.079" (2.00mm)	Free Hanging (In-Line)	Crimp	-	Black	-	Contacts Not Included																				
214	8 Position Rectangular Housing Connector Receptacle Black 0.079" (2.00mm)	DF11	Bag	67		RCH000003	Active	Receptacle	Female Socket	8	0.079" (2.00mm)	2	0.079" (2.00mm)	Free Hanging (In-Line)	Crimp	-	Black	-	Contacts Not Included																				
215	6 Position Rectangular Housing Connector Receptacle Black 0.079" (2.00mm)	DF11	Bag	67		RCH000004	Active	Receptacle	Female Socket	6	0.079" (2.00mm)	2	0.079" (2.00mm)	Free Hanging (In-Line)	Crimp	-	Black	-	Contacts Not Included																				
216	16 Position Rectangular Housing Connector Receptacle Black 0.079" (2.00mm)	DF11	Bag	67		RCH000005	Active	Receptacle	Female Socket	16	0.079" (2.00mm)	2	0.079" (2.00mm)	Free Hanging (In-Line)	Crimp	-	Black	-	Contacts Not Included																				
217	24 Position Rectangular Housing Connector Receptacle Black 0.079" (2.00mm)	DF11	Bag	67		RCH000006	Active	Receptacle	Female Socket	24	0.079" (2.00mm)	2	0.079" (2.00mm)	Free Hanging (In-Line)	Crimp	-	Black	-	Contacts Not Included																				
222	Connector Header Through Hole, Right Angle 16 position 0.079" (2.00mm)	DF11	Tube	38		RCH000013	Active	Header	Male Pin	0.079" (2.00mm)	16	2	0.079" (2.00mm)	All	Board to Board or Cable	Shrouded - 4 Wall	Through Hole, Right Angle	Solder	Detent Lock	0.118" (3.00mm)	0.118" (3.00mm)	-	0.197" (5.00mm)	Square	Tin	39.4in (1.00m)	Tin	Brass	Polyamide (PA), Nylon	-	-40C ~ 85C	-	UL94 V-0	Black	2A	250V	-	-	-
223	24 Position Receptacle Connector 0.079" (2.00mm) Through Hole Tin	DF11	Tray	53		RCH000006	Active	Receptacle	Female Socket	Board to Board or Cable	24	All	0.079" (2.00mm)	2	0.079" (2.00mm)	Through Hole	Press-Fit, Solder	Friction Lock	Tin	78.7in (2.00m)	Black	0.244" (6.20mm)	0.118" (3.00mm)	-30C ~ 85C	UL94 V-0	Tin	7.8mm, 8.45mm	-	-	2A	250V	General Purpose	Polyamide (PA), Nylon	Square	Brass	78.7in (2.00m)			
224	Connector Header Through Hole, Right Angle 14 position 0.079" (2.00mm)	DF11	Tube	38		RCH000014	Active	Header	Male Pin	0.079" (2.00mm)	14	2	0.079" (2.00mm)	All	Board to Board or Cable	Shrouded - 4 Wall	Through Hole, Right Angle	Solder	Detent Lock	0.118" (3.00mm)	0.118" (3.00mm)	-	0.197" (5.00mm)	Square	Tin	39.4in (1.00m)	Tin	Brass	Polyamide (PA), Nylon	-	-40C ~ 85C	-	UL94 V-0	Black	2A	250V	-	-	-
572	TRANSFORMER LAN 10/100/1000 T	TLA	Cut Tape (CT)	99	documents/TLAALT_Rev.July2012.pdf	PTR000001	Obsolete	LAN 10/100/1000 Base-T	350H	-	1CT:1CT	Surface Mount	0.630" L x 0.335" W (16.00mm x 8.50mm)	0.087" (2.20mm)	0C ~ 70C																								
225	Connector Header Surface Mount 24 position 0.079" (2.00mm)	DF11	Tube	38		RCH000015	Active	Header	Male Pin	0.079" (2.00mm)	24	2	0.079" (2.00mm)	All	Board to Board or Cable	Shrouded - 4 Wall	Surface Mount	Solder	Detent Lock	-	-	-	0.283" (7.19mm)	Circular	Tin	39.4in (1.00m)	Tin	Brass	Polyamide (PA), Nylon	Board Guide, Solder Retention	-30C ~ 85C	-	UL94 V-0	Beige	2A	250V	8.2mm, 8.45mm, 9.55mm	-	-
226	24 Position Receptacle Connector 0.079" (2.00mm) Surface Mount Tin	DF11	Cut Tape (CT)	53		RCH000007	Active	Receptacle	Female Socket	Board to Board or Cable	24	All	0.079" (2.00mm)	2	0.079" (2.00mm)	Surface Mount	Solder	Friction Lock	Tin	39.4in (1.00m)	Beige	0.234" (5.95mm)	-	-30C ~ 85C	UL94 V-0	Tin	7.55mm, 8.2mm	-	Pick and Place, Solder Retention	2A	250V	General Purpose	Polyamide (PA), Nylon	Square	Phosphor Bronze	78.7in (2.00m)			
227	Connector Header Surface Mount 14 position 0.079" (2.00mm)	Milli-Grid 87332	Tube	38	documents/87332-20.pdf	RCH000016	Obsolete	Header	Male Pin	0.079" (2.00mm)	14	2	0.079" (2.00mm)	All	Board to Cable/Wire	Shrouded - 4 Wall	Surface Mount	Solder	Latch Holder	0.141" (3.60mm)	-	-	0.252" (6.40mm)	Square	Gold	15.0in (0.38m)	Tin-Lead	Phosphor Bronze	Polyamide (PA46), Nylon 4/6, Glass Filled	Board Guide, Keying Slot	-	-	UL94 V-0	Black	-	-	-	74.8in (1.90m)	Automotive, General Purpose, Telecommunications
252	33pF 5% 50V Ceramic Capacitor C0G, NP0 0201 (0603 Metric)	C	Cut Tape (CT)	73	documents/mlcc_commercial_general_en.pdf	CCA000002	Not For New Designs	33pF	5%	50V	C0G, NP0	-55C ~ 125C	Low ESL	-	General Purpose	-	Surface Mount, MLCC	0201 (0603 Metric)	0.024" L x 0.012" W (0.60mm x 0.30mm)	-	0.013" (0.33mm)	-	-																
253	10000pF 10% 25V Ceramic Capacitor X7R 0402 (1005 Metric)	GRM	Cut Tape (CT)	73		CCA000003	Not For New Designs	10000pF	10%	25V	X7R	-55C ~ 125C	-	-	General Purpose		Surface Mount, MLCC	0402 (1005 Metric)	0.039" L x 0.020" W (1.00mm x 0.50mm)	-	0.022" (0.55mm)	-	-																
254	2700pF 10% 50V Ceramic Capacitor X7R 0402 (1005 Metric)	C	Cut Tape (CT)	73	documents/C0402C272K5RACTU.pdf	CCA000004	Active	2700pF	10%	50V	X7R	-55C ~ 125C	-	-	General Purpose	-	Surface Mount, MLCC	0402 (1005 Metric)	0.039" L x 0.020" W (1.00mm x 0.50mm)	-	0.022" (0.55mm)	-	-																
233	TVS DIODE 12V 25V SOD523	-	Zener	9		TVS000002	1		12V (Max)	14.1V	25V	9.6A (8/20s)	240W	No	General Purpose	55pF @ 1MHz	-55C ~ 150C (TJ)	Surface Mount	SC-79, SOD-523																				
234	LED Lighting XLamp MX-3 White, Cool 6500K 3.7V 350mA 120 2-SMD, Gull Wing Exposed Pad	XLamp MX-3	Cut Tape (CT)	71	documents/XLampMX3.pdf	LLW000001	Active	White, Cool	6500K	-	111 lm (107 lm ~ 114 lm)	350mA	3.7V	86 lm/W	75 (Typ)	500mA	120	Surface Mount	2-SMD, Gull Wing Exposed Pad	SMD	0.197" L x 0.197" W (5.00mm x 5.00mm)	0.058" (1.48mm)	11C/W	MX3AWT															
230	Power Barrel Connector Jack 2.50mm ID (0.098"), 5.50mm OD (0.217") Surface Mount, Right Angle	-	Tape & Reel (TR)	69	documents/pj-002bh-smt-tr.pdf	BPC000001	Active	Jack	Male	2.50mm ID (0.098"), 5.50mm OD (0.217")	0.098" (2.50mm ID), 0.256" (6.50mm OD)	2 Conductors, 3 Contacts	Single Switch, Normally Closed	Surface Mount, Right Angle	-	Solder	Unshielded	Board Guide, Solder Retention	-	24VDC	5A	0.350" (8.90mm)	-	Silver	-	-25C ~ 85C	-	Polyamide (PA6T), Nylon 6T	Brass, Copper Alloy	-	Black	UL94 V-0							
241	4 Position Adapter Connector Plug, Male Pins To Plug, Male Pins 0.079" (2.00mm)	DF11	Active	68		RCA000002	Plug, Male Pins	Plug, Male Pins	4	0.079" (2.00mm)	2	0.079" (2.00mm)	Panel Mount, Snap-In																										
235	LED Lighting XLamp MX-3 White, Neutral 4000K 3.7V 350mA 120 2-SMD, Gull Wing Exposed Pad	XLamp MX-3	Tape & Reel (TR)	71	documents/XLampMX3.pdf	LLW000002	Active	White, Neutral	4000K	-	104 lm (100 lm ~ 107 lm)	350mA	3.7V	80 lm/W	80 (Typ)	500mA	120	Surface Mount	2-SMD, Gull Wing Exposed Pad	SMD	0.197" L x 0.197" W (5.00mm x 5.00mm)	0.058" (1.48mm)	11C/W	MX3AWT															
231	10 Position Receptacle Connector 0.079" (2.00mm) Surface Mount Tin	DF11	Tube	53	documents/DF11Z-xxDS-2V20_Spec_Dwg.pdf	RCH000008	Active	Receptacle	Female Socket	Board to Board or Cable	10	All	0.079" (2.00mm)	2	0.079" (2.00mm)	Surface Mount	Solder	Friction Lock	Tin	39.4in (1.00m)	Beige	0.234" (5.95mm)	-	-30C ~ 85C	UL94 V-0	Tin	7.55mm, 8.2mm	-	Board Guide, Solder Retention	2A	250V	General Purpose	Polyamide (PA), Nylon	Square	Phosphor Bronze	78.7in (2.00m)			
232	LED Driver IC 1 Output DC DC Regulator Step-Down (Buck) Analog, PWM Dimming 1A (Switch) SOT-25	-	Cut Tape (CT)	70	documents/AL8805.pdf	PLD000001	Active	DC DC Regulator	Step-Down (Buck)	Yes	1	6V	36V	-	1A (Switch)	1MHz	Analog, PWM	-	-40C ~ 125C (TJ)	Surface Mount	SC-74A, SOT-753	SOT-25	AL8805																
242	6 Position Adapter Connector Plug, Male Pins To Plug, Male Pins 0.079" (2.00mm)	DF11	Active	68		RCA000003	Plug, Male Pins	Plug, Male Pins	6	0.079" (2.00mm)	2	0.079" (2.00mm)	Panel Mount, Snap-In																										
236	Pushbutton Switch SPST-NO Standard Panel Mount, Rear	J-188	Standard	20	documents/40-3429-0020.pdf	SWPB000001	SPST-NO	Off-Mom	2A (DC)		14V	Round, Plunger	Black	-	-	Quick Connect - 0.110" (2.8mm)	-	-	-	-	Panel Mount, Rear																		
243	8 Position Adapter Connector Plug, Male Pins To Plug, Male Pins 0.079" (2.00mm)	DF11	Active	68		RCA000004	Plug, Male Pins	Plug, Male Pins	8	0.079" (2.00mm)	2	0.079" (2.00mm)	Panel Mount, Snap-In																										
237	Pushbutton Switch SPST-NO Standard Panel Mount, Rear	J-188	Standard	20	documents/40-1673-01.pdf	SWPB000002	SPST-NO	Off-Mom	4A (DC)		14V	Round, Plunger	Red	-	-	Quick Connect - 0.110" (2.8mm)	-	-	-	-	Panel Mount, Rear																		
238	4 Position Rectangular Housing Connector Plug Black 0.079" (2.00mm)	DF11	Bag	67		RCH000010	Active	Plug	Male Pin	4	0.079" (2.00mm)	2	0.079" (2.00mm)	Panel Mount, Snap-In	Crimp	-	Black	-	Contacts Not Included																				
244	32 Position Rectangular Housing Connector Receptacle Black 0.079" (2.00mm)	DF11	Bag	67		RCH000013	Active	Receptacle	Female Socket	32	0.079" (2.00mm)	2	0.079" (2.00mm)	Free Hanging (In-Line)	Crimp	-	Black	-	Contacts Not Included																				
239	6 Position Rectangular Housing Connector Plug Black 0.079" (2.00mm)	DF11	Bag	67		RCH000011	Active	Plug	Male Pin	6	0.079" (2.00mm)	2	0.079" (2.00mm)	Panel Mount, Snap-In	Crimp	-	Black	-	Contacts Not Included																				
240	12 Position Rectangular Housing Connector Plug Black 0.079" (2.00mm)	DF11	Bag	67		RCH000012	Active	Plug	Male Pin	12	0.079" (2.00mm)	2	0.079" (2.00mm)	Panel Mount, Snap-In	Crimp	-	Black	-	Contacts Not Included																				
245	Connector Header Through Hole 32 position 0.079" (2.00mm)	DF11	Bag	38		RCH000017	Active	Header	Male Pin	0.079" (2.00mm)	32	2	0.079" (2.00mm)	All	Board to Board or Cable	Shrouded - 4 Wall	Through Hole	Solder	Detent Lock	0.118" (3.00mm)	0.118" (3.00mm)	0.299" (7.60mm)	0.260" (6.60mm)	Square	Gold	8.00in (0.203m)	-	Brass	Polyamide (PA), Nylon	-	-30C ~ 85C	-	UL94 V-0	Black	2A	250V	7.55, 7.8mm, 8.9mm	-	-
246	Socket Contact Tin 24-28 AWG Crimp 	DF11	Bulk	72		RCC000001	Active	-	Socket	Crimp	24-28 AWG	Tin	-																										
247	Pin Contact Gold 24-28 AWG Crimp 	DF11	Bulk	72		RCC000002	Active	-	Pin	Crimp	24-28 AWG	Gold	-																										
248	ARM Cortex-M0+ Tiny Gecko 1 Microcontroller IC 32-Bit 48MHz 128KB (128K x 8) FLASH 64-TQFP (10x10)	Tiny Gecko 1	Tray	30	documents/efm32tg11-datasheet.pdf	MPU000006	Discontinued at Digi-Key	ARM Cortex-M0+	32-Bit	48MHz	CANbus, IC, IrDA, LINbus, SmartCard, SPI, UART/USART	Brown-out Detect/Reset, DMA, IS, LCD, POR, PWM, WDT	53	128KB (128K x 8)	FLASH	-	32K x 8	1.8 V ~ 3.8 V	A/D 12bit SAR; D/A 12bit	Internal	-40C ~ 85C (TA)	64-TQFP	64-TQFP (10x10)																
249	Connector Header Through Hole 12 position 0.079" (2.00mm)	DF11	Bag	38		RCH000018	Active	Header	Male Pin	0.079" (2.00mm)	12	2	0.079" (2.00mm)	All	Board to Board or Cable	Shrouded - 4 Wall	Through Hole	Solder	Detent Lock	0.118" (3.00mm)	0.118" (3.00mm)	0.299" (7.60mm)	0.260" (6.60mm)	Square	Tin	-	Tin	Brass	Polyamide (PA), Nylon	-	-30C ~ 85C	-	UL94 V-0	Gray	2A	250V	7.55, 7.8mm, 8.9mm	-	-
250	12 Position Receptacle Connector 0.079" (2.00mm) Through Hole Tin	DF11	Bag	53		RCH000009	Active	Receptacle	Female Socket	Board to Board or Cable	12	All	0.079" (2.00mm)	2	0.079" (2.00mm)	Through Hole	Press-Fit, Solder	Friction Lock	Tin	78.7in (2.00m)	Black	0.244" (6.20mm)	0.118" (3.00mm)	-30C ~ 85C	UL94 V-0	Tin	7.8mm, 8.45mm	-	-	2A	250V	General Purpose	Polyamide (PA), Nylon	Square	Brass	78.7in (2.00m)			
251	1.8pF 0.25pF 25V Ceramic Capacitor C0G, NP0 0201 (0603 Metric)	C	Cut Tape (CT)	73	documents/C_Series_GeneralAppl_B11.pdf	CCA000001	Obsolete	1.8pF	0.25pF	25V	C0G, NP0	-55C ~ 125C	-	-	General Purpose	-	Surface Mount, MLCC	0201 (0603 Metric)	0.024" L x 0.012" W (0.60mm x 0.30mm)	-	0.013" (0.33mm)	-	-																
255	1F 10% 16V Ceramic Capacitor X7R 0603 (1608 Metric)	M	Cut Tape (CT)	73		CCA000005	Active	1F	10%	16V	X7R	-55C ~ 125C	-	-	General Purpose		Surface Mount, MLCC	0603 (1608 Metric)	0.063" L x 0.031" W (1.60mm x 0.80mm)	-	0.035" (0.90mm)	-	-																
271	4.7 kOhms 1% 0.1W, 1/10W Chip Resistor 0603 (1608 Metric) Moisture Resistant Thick Film	RC	Cut Tape (CT)	75	documents/PYu-RC_Group_51_RoHS_L_10.pdf	CRS000002	Active	4.7 kOhms	1%	0.1W, 1/10W	Thick Film	Moisture Resistant	100ppm/C	-55C ~ 155C	0603 (1608 Metric)	0603	0.063" L x 0.031" W (1.60mm x 0.80mm)	0.022" (0.55mm)	2	-																			
258	4.7F 10% 6.3V Ceramic Capacitor X5R 0603 (1608 Metric)	M	Cut Tape (CT)	73	documents/mlcc_all_e.pdf	CCA000008	Active	4.7F	10%	6.3V	X5R	-55C ~ 85C	-	-	General Purpose		Surface Mount, MLCC	0603 (1608 Metric)	0.063" L x 0.031" W (1.60mm x 0.80mm)	-	0.035" (0.90mm)	-	-																
571	1/1 Transceiver Half RS232 12-DFN (4x3)	-	Tube	34		IDR000006	Active	Transceiver	RS232	1/1	Half	400mV	250kbps	1.8V ~ 5.5V	0C ~ 70C	Surface Mount	12-WFDFN Exposed Pad	12-DFN (4x3)	LTC2801																				
261	2700pF 5% 50V Ceramic Capacitor C0G, NP0 0603 (1608 Metric)	GRM	Cut Tape (CT)	73		CCA000011	Active	2700pF	5%	50V	C0G, NP0	-55C ~ 125C	-	-	General Purpose		Surface Mount, MLCC	0603 (1608 Metric)	0.063" L x 0.031" W (1.60mm x 0.80mm)	-	0.035" (0.90mm)	-	-																
262	4700pF 5% 25V Ceramic Capacitor C0G, NP0 0603 (1608 Metric)	C	Cut Tape (CT)	73	documents/mlcc_commercial_general_en.pdf	CCA000012	Not For New Designs	4700pF	5%	25V	C0G, NP0	-55C ~ 125C	Low ESL	-	General Purpose	-	Surface Mount, MLCC	0603 (1608 Metric)	0.063" L x 0.031" W (1.60mm x 0.80mm)	-	0.035" (0.90mm)	-	-																
267	Connector Header Surface Mount 8 position 0.079" (2.00mm)	DF11	Cut Tape (CT)	38		RCH000019	Active	Header	Male Pin	0.079" (2.00mm)	8	2	0.079" (2.00mm)	All	Board to Board or Cable	Shrouded - 4 Wall	Surface Mount	Solder	Detent Lock	-	-	-	0.283" (7.19mm)	Circular	Gold	8.00in (0.203m)	-	Brass	Polyamide (PA), Nylon	Board Guide, Solder Retention	-30C ~ 85C	-	UL94 V-0	Beige	2A	250V	8.2mm, 8.45mm, 9.55mm	-	-
268	10 Position FFC, FPC Connector Contacts, Bottom 0.020" (0.50mm) Surface Mount, Right Angle	6288, Kyocera	Cut Tape (CT)	74	documents/6288.pdf	FFF000001	Active	FFC, FPC	Surface Mount, Right Angle	Contacts, Bottom	10	0.020" (0.50mm)	Solder	0.30mm	0.079" (2.00mm)	Flip Lock	Tabbed	Copper Alloy	Gold	Plastic	-	Solder Retention, Zero Insertion Force (ZIF)	50V	-40C ~ 105C	-	0.4A	3.90in (0.099m)	-	-	-									
272	680 Ohms 1% 0.1W, 1/10W Chip Resistor 0603 (1608 Metric) Automotive AEC-Q200 Thick Film	ERJ	Cut Tape (CT)	75	documents/AOA0000C304.pdf	CRS000003	Active	680 Ohms	1%	0.1W, 1/10W	Thick Film	Automotive AEC-Q200	100ppm/C	-55C ~ 155C	0603 (1608 Metric)	0603	0.063" L x 0.031" W (1.60mm x 0.80mm)	0.022" (0.55mm)	2	-																			
269	2/2 Transceiver Full RS232 16-TSSOP	-	Cut Tape (CT)	34	documents/en.CD00002253.pdf	IDR000002	Active	Transceiver	RS232	2/2	Full	300mV	400kbps	3 V ~ 5.5 V	0C ~ 70C	Surface Mount	16-TSSOP (0.173", 4.40mm Width)	16-TSSOP	ST3232																				
573	Diode Standard 600V 1A Surface Mount DO-214AC (SMA)	-	Standard	7	documents/rs1a.pdf	CR000009	600V	1A	1.3V @ 1A	Fast Recovery =< 500ns, > 200mA (Io)	250ns	5A @ 600V	7pF @ 4V, 1MHz	Surface Mount	DO-214AC, SMA																								
273	6.8 kOhms 1% 0.125W, 1/8W Chip Resistor 0603 (1608 Metric) Anti-Sulfur Thin Film	MCT - Professional	Cut Tape (CT)	75	documents/mcx0x0xpro.pdf	CRS000004	Active	6.8 kOhms	1%	0.125W, 1/8W	Thin Film	Anti-Sulfur	50ppm/C	-55C ~ 155C	0603 (1608 Metric)	0603	0.061" L x 0.033" W (1.55mm x 0.85mm)	0.022" (0.55mm)	2	-																			
276	590 Ohms 1% 0.1W, 1/10W Chip Resistor 0603 (1608 Metric) Moisture Resistant Thick Film	RC	Cut Tape (CT)	75	documents/PYu-RC_Group_51_RoHS_L_10.pdf	CRS000007	Active	590 Ohms	1%	0.1W, 1/10W	Thick Film	Moisture Resistant	100ppm/C	-55C ~ 155C	0603 (1608 Metric)	0603	0.063" L x 0.031" W (1.60mm x 0.80mm)	0.022" (0.55mm)	2	-																			
320	11.8 kOhms 1% 0.1W, 1/10W Chip Resistor 0603 (1608 Metric) Automotive AEC-Q200 Thick Film	ERJ	Tape & Reel (TR)	75	documents/AOA0000C304.pdf	CRS000044	Active	11.8 kOhms	1%	0.1W, 1/10W	Thick Film	Automotive AEC-Q200	100ppm/C	-55C ~ 155C	0603 (1608 Metric)	0603	0.063" L x 0.031" W (1.60mm x 0.80mm)	0.022" (0.55mm)	2	-																			
275	3 kOhms 1% 0.1W, 1/10W Chip Resistor 0603 (1608 Metric) Automotive AEC-Q200 Thick Film	RMCF	Cut Tape (CT)	75	documents/SEI-RMCF_RMCP.pdf	CRS000006	Active	3 kOhms	1%	0.1W, 1/10W	Thick Film	Automotive AEC-Q200	100ppm/C	-55C ~ 155C	0603 (1608 Metric)	0603	0.061" L x 0.031" W (1.55mm x 0.80mm)	0.022" (0.55mm)	2	-																			
277	4.7 kOhms 1% 0.25W, 1/4W Chip Resistor 0603 (1608 Metric) Pulse Withstanding Thick Film	CRGP	Cut Tape (CT)	75		CRS000008	Active	4.7 kOhms	1%	0.25W, 1/4W	Thick Film	Pulse Withstanding	100ppm/C	-55C ~ 155C	0603 (1608 Metric)	0603	0.063" L x 0.031" W (1.60mm x 0.80mm)	0.022" (0.55mm)	2	-																			
279	6.8 kOhms 1% 0.1W, 1/10W Chip Resistor 0603 (1608 Metric) Automotive AEC-Q200, Moisture Resistant Thick Film	AC	Cut Tape (CT)	75	documents/yageodocoutput	CRS000010	Active	6.8 kOhms	1%	0.1W, 1/10W	Thick Film	Automotive AEC-Q200, Moisture Resistant	100ppm/C	-55C ~ 155C	0603 (1608 Metric)	0603	0.063" L x 0.031" W (1.60mm x 0.80mm)	0.022" (0.55mm)	2	-																			
594	100H Shielded Wirewound Inductor 80mA 5.5 Ohm 0603 (1608 Metric)	GLFR	Wirewound	10	documents/GLFR20Series.pdf	IND000008	-	100H	20%	80mA	15mA	Shielded	5.5 Ohm	-	-	-	-40C ~ 105C			Surface Mount	0603 (1608 Metric)																		
603	N-Channel 60V 150A (Ta) 330mW (Ta) Surface Mount SOT-23-3	-		15	documents/BS170F.PDF	FET000005	N-Channel	MOSFET (Metal Oxide)	60V	150A (Ta)		5 Ohm @ 200mA, 10V	3V @ 1mA		20V	60pF @ 10V	-	330mW (Ta)	-55C ~ 150C (TJ)	Surface Mount	TO-236-3, SC-59, SOT-23-3																		
280	10 mOhms 1% 0.25W, 1/4W Chip Resistor 0603 (1608 Metric) Current Sense Thick Film	ERJ	Cut Tape (CT)	75	documents/ERJM0320Spec.pdf	CRS000011	Obsolete	10 mOhms	1%	0.25W, 1/4W	Thick Film	Current Sense	100ppm/C	-55C ~ 155C	0603 (1608 Metric)	0603	0.063" L x 0.031" W (1.60mm x 0.80mm)	0.018" (0.45mm)	2	-																			
281	150 Ohms 5% 5W Chip Resistor 5329 (13573 Metric), J-Lead Flame Retardant Coating, Safety Wirewound	SMW, CGS	Cut Tape (CT)	75		CRS000012	Active	150 Ohms	5%	5W	Wirewound	Flame Retardant Coating, Safety	200ppm/C	-80C ~ 280C	5329 (13573 Metric), J-Lead	SMD	0.531" L x 0.287" W (13.50mm x 7.30mm)	0.280" (7.10mm)	2	-																			
259	360pF 5% 50V Ceramic Capacitor C0G, NP0 0603 (1608 Metric)	GRM	Cut Tape (CT)	73		CCA000009	Not For New Designs	360pF	5%	50V	C0G, NP0	-55C ~ 125C	-	-	General Purpose		Surface Mount, MLCC	0603 (1608 Metric)	0.063" L x 0.031" W (1.60mm x 0.80mm)	-	0.035" (0.90mm)	-	-																
282	1 Ohms 1% 0.05W, 1/20W Chip Resistor 0201 (0603 Metric)  Thick Film	RMCF	Cut Tape (CT)	75	documents/SEI-RMCF_RMCP.pdf	CRS000013	Active	1 Ohms	1%	0.05W, 1/20W	Thick Film	-	400ppm/C	-55C ~ 125C	0201 (0603 Metric)	0201	0.024" L x 0.012" W (0.60mm x 0.30mm)	0.010" (0.26mm)	2	-																			
284	220 Ohms 1% 0.1W, 1/10W Chip Resistor 0603 (1608 Metric) Automotive AEC-Q200 Thick Film	ERJ	Cut Tape (CT)	75	documents/AOA0000C304.pdf	CRS000015	Active	220 Ohms	1%	0.1W, 1/10W	Thick Film	Automotive AEC-Q200	100ppm/C	-55C ~ 155C	0603 (1608 Metric)	0603	0.063" L x 0.031" W (1.60mm x 0.80mm)	0.022" (0.55mm)	2	-																			
291	150 mOhms 1% 0.1W, 1/10W Chip Resistor 0603 (1608 Metric) Automotive AEC-Q200, Current Sense Thick Film	ERJ	Digi-Reel	75	documents/AOA0000C313.pdf	CRS000016	Active	150 mOhms	1%	0.1W, 1/10W	Thick Film	Automotive AEC-Q200, Current Sense	300ppm/C	-55C ~ 125C	0603 (1608 Metric)	0603	0.063" L x 0.031" W (1.60mm x 0.80mm)	0.022" (0.55mm)	2	-																			
292	0 Ohms Jumper 0.1W, 1/10W Chip Resistor 0603 (1608 Metric) Automotive AEC-Q200 Thick Film	MCR	Tape & Reel (TR)	75		CRS000017	Discontinued at Digi-Key	0 Ohms	Jumper	0.1W, 1/10W	Thick Film	Automotive AEC-Q200	-	-55C ~ 155C	0603 (1608 Metric)	0603	0.063" L x 0.031" W (1.60mm x 0.80mm)	0.022" (0.55mm)	2	-																			
321	12.7 kOhms 1% 0.1W, 1/10W Chip Resistor 0603 (1608 Metric) Automotive AEC-Q200 Thick Film	ERJ	Tape & Reel (TR)	75	documents/AOA0000C304.pdf	CRS000045	Active	12.7 kOhms	1%	0.1W, 1/10W	Thick Film	Automotive AEC-Q200	100ppm/C	-55C ~ 155C	0603 (1608 Metric)	0603	0.063" L x 0.031" W (1.60mm x 0.80mm)	0.022" (0.55mm)	2	-																			
297	22 Ohms 1% 0.1W, 1/10W Chip Resistor 0603 (1608 Metric) Automotive AEC-Q200 Thick Film	CRCW	Tape & Reel (TR)	75	documents/dcrcwe3.pdf	CRS000021	Active	22 Ohms	1%	0.1W, 1/10W	Thick Film	Automotive AEC-Q200	100ppm/C	-55C ~ 155C	0603 (1608 Metric)	0603	0.063" L x 0.033" W (1.60mm x 0.85mm)	0.020" (0.50mm)	2	-																			
304	1.27 kOhms 1% 0.1W, 1/10W Chip Resistor 0603 (1608 Metric) Automotive AEC-Q200 Thick Film	ERJ	Tape & Reel (TR)	75	documents/AOA0000C304.pdf	CRS000028	Active	1.27 kOhms	1%	0.1W, 1/10W	Thick Film	Automotive AEC-Q200	100ppm/C	-55C ~ 155C	0603 (1608 Metric)	0603	0.063" L x 0.031" W (1.60mm x 0.80mm)	0.022" (0.55mm)	2	-																			
323	14.3 kOhms 1% 0.1W, 1/10W Chip Resistor 0603 (1608 Metric) Automotive AEC-Q200 Thick Film	ERJ	Tape & Reel (TR)	75	documents/AOA0000C304.pdf	CRS000047	Active	14.3 kOhms	1%	0.1W, 1/10W	Thick Film	Automotive AEC-Q200	100ppm/C	-55C ~ 155C	0603 (1608 Metric)	0603	0.063" L x 0.031" W (1.60mm x 0.80mm)	0.022" (0.55mm)	2	-																			
308	2 kOhms 1% 0.1W, 1/10W Chip Resistor 0603 (1608 Metric) Automotive AEC-Q200 Thick Film	ERJ	Tape & Reel (TR)	75	documents/AOA0000C304.pdf	CRS000032	Active	2 kOhms	1%	0.1W, 1/10W	Thick Film	Automotive AEC-Q200	100ppm/C	-55C ~ 155C	0603 (1608 Metric)	0603	0.063" L x 0.031" W (1.60mm x 0.80mm)	0.022" (0.55mm)	2	-																			
312	4.02 kOhms 1% 0.1W, 1/10W Chip Resistor 0603 (1608 Metric) Automotive AEC-Q200 Thick Film	ERJ	Tape & Reel (TR)	75	documents/AOA0000C304.pdf	CRS000036	Active	4.02 kOhms	1%	0.1W, 1/10W	Thick Film	Automotive AEC-Q200	100ppm/C	-55C ~ 155C	0603 (1608 Metric)	0603	0.063" L x 0.031" W (1.60mm x 0.80mm)	0.022" (0.55mm)	2	-																			
337	1.8pF 0.1pF 250V Ceramic Capacitor C0G, NP0 0603 (1608 Metric)	ERB	Digi-Reel	73	documents/ERB20Series20Caps.pdf	CCA000017	Obsolete	1.8pF	0.1pF	250V	C0G, NP0	-55C ~ 125C	High Q, Low Loss	-	RF, Microwave, High Frequency		Surface Mount, MLCC	0603 (1608 Metric)	0.063" L x 0.031" W (1.60mm x 0.80mm)	-	0.035" (0.90mm)	-	-																
329	24.9 Ohms 1% 0.1W, 1/10W Chip Resistor 0603 (1608 Metric) Automotive AEC-Q200 Thick Film	ERJ	Tape & Reel (TR)	75	documents/AOA0000C304.pdf	CRS000053	Active	24.9 Ohms	1%	0.1W, 1/10W	Thick Film	Automotive AEC-Q200	100ppm/C	-55C ~ 155C	0603 (1608 Metric)	0603	0.063" L x 0.031" W (1.60mm x 0.80mm)	0.022" (0.55mm)	2	-																			
333	49.9 kOhms 1% 0.1W, 1/10W Chip Resistor 0603 (1608 Metric) Moisture Resistant Thick Film	RC	Tape & Reel (TR)	75	documents/PYu-RC_Group_51_RoHS_L_10.pdf	CRS000057	Active	49.9 kOhms	1%	0.1W, 1/10W	Thick Film	Moisture Resistant	100ppm/C	-55C ~ 155C	0603 (1608 Metric)	0603	0.063" L x 0.031" W (1.60mm x 0.80mm)	0.022" (0.55mm)	2	-																			
371	1 Ohms 1% 0.125W, 1/8W Chip Resistor 0805 (2012 Metric) Moisture Resistant Thick Film	RC	Tape & Reel (TR)	75		CRS000084	Active	1 Ohms	1%	0.125W, 1/8W	Thick Film	Moisture Resistant	300ppm/C	-55C ~ 155C	0805 (2012 Metric)	0805	0.079" L x 0.049" W (2.00mm x 1.25mm)	0.026" (0.65mm)	2	-																			
340	33pF 5% 50V Ceramic Capacitor C0G, NP0 0603 (1608 Metric)	GRM	Tape & Reel (TR)	73		CCA000020	Not For New Designs	33pF	5%	50V	C0G, NP0	-55C ~ 125C	-	-	General Purpose		Surface Mount, MLCC	0603 (1608 Metric)	0.063" L x 0.031" W (1.60mm x 0.80mm)	-	0.035" (0.90mm)	-	-																
604	LED Lighting XLamp MX-3 White, Neutral 4000K 3.7V 350mA 120 2-SMD, Gull Wing Exposed Pad	XLamp MX-3	Tape & Reel (TR)	71	documents/XLampMX3.pdf	LLW000003	Active	White, Neutral	4000K	-	104 lm (100 lm ~ 107 lm)	350mA	3.7V	80 lm/W	80 (Typ)	500mA	120	Surface Mount	2-SMD, Gull Wing Exposed Pad	SMD	0.197" L x 0.197" W (5.00mm x 5.00mm)	0.058" (1.48mm)	11C/W	MX3AWT															
343	220pF 5% 50V Ceramic Capacitor C0G, NP0 0603 (1608 Metric)	VJ	Tape & Reel (TR)	73	documents/vjw1bcbascomseries.pdf	CCA000023	Active	220pF	5%	50V	C0G, NP0	-55C ~ 125C	-	-	General Purpose		Surface Mount, MLCC	0603 (1608 Metric)	0.063" L x 0.031" W (1.60mm x 0.80mm)	-	0.035" (0.90mm)	-	-																
383	Bipolar (BJT) Transistor PNP 12V 4.5A 310MHz 2.4W Surface Mount SOT-89-3	-		14	documents/ZXTP25012EZ.pdf	BJT000004	PNP	4.5A	12V	285mV @ 450mA, 4.5A	50nA (ICBO)	500 @ 10mA, 2V	2.4W	310MHz	-55C ~ 150C (TJ)	Surface Mount	TO-243AA																						
647	523 Ohms 1% 0.1W, 1/10W Chip Resistor 0603 (1608 Metric) Automotive AEC-Q200 Thick Film	ERJ	Cut Tape (CT)	75	documents/AOA0000C304.pdf	CRS000201	Active	523 Ohms	1%	0.1W, 1/10W	Thick Film	Automotive AEC-Q200	100ppm/C	-55C ~ 155C	0603 (1608 Metric)	0603	0.063" L x 0.031" W (1.60mm x 0.80mm)	0.022" (0.55mm)	2	-																			
283	1 kOhms 1% 0.05W, 1/20W Chip Resistor 0201 (0603 Metric) Moisture Resistant Thick Film	RC	Cut Tape (CT)	75	documents/PYu-RC_Group_51_RoHS_L_10.pdf	CRS000014	Active	1 kOhms	1%	0.05W, 1/20W	Thick Film	Moisture Resistant	200ppm/C	-55C ~ 125C	0201 (0603 Metric)	0201	0.024" L x 0.012" W (0.60mm x 0.30mm)	0.010" (0.26mm)	2	-																			
370	0 Ohms Jumper 0.125W, 1/8W Chip Resistor 0805 (2012 Metric) Moisture Resistant Thick Film	RC	Tape & Reel (TR)	75	documents/PYu-RC_Group_51_RoHS_L_10.pdf	CRS000083	Active	0 Ohms	Jumper	0.125W, 1/8W	Thick Film	Moisture Resistant	-	-55C ~ 155C	0805 (2012 Metric)	0805	0.079" L x 0.049" W (2.00mm x 1.25mm)	0.024" (0.60mm)	2	-																			
324	14.7 kOhms 1% 0.1W, 1/10W Chip Resistor 0603 (1608 Metric) Automotive AEC-Q200 Thick Film	ERJ	Cut Tape (CT)	75	documents/AOA0000C304.pdf	CRS000048	Active	14.7 kOhms	1%	0.1W, 1/10W	Thick Film	Automotive AEC-Q200	100ppm/C	-55C ~ 155C	0603 (1608 Metric)	0603	0.063" L x 0.031" W (1.60mm x 0.80mm)	0.022" (0.55mm)	2	-																			
298	49.9 Ohms 1% 0.1W, 1/10W Chip Resistor 0603 (1608 Metric) Automotive AEC-Q200 Thick Film	ERJ	Tape & Reel (TR)	75	documents/AOA0000C304.pdf	CRS000022	Active	49.9 Ohms	1%	0.1W, 1/10W	Thick Film	Automotive AEC-Q200	100ppm/C	-55C ~ 155C	0603 (1608 Metric)	0603	0.063" L x 0.031" W (1.60mm x 0.80mm)	0.022" (0.55mm)	2	-																			
299	52.3 Ohms 1% 0.1W, 1/10W Chip Resistor 0603 (1608 Metric) Automotive AEC-Q200 Thick Film	ERJ	Tape & Reel (TR)	75	documents/AOA0000C304.pdf	CRS000023	Active	52.3 Ohms	1%	0.1W, 1/10W	Thick Film	Automotive AEC-Q200	100ppm/C	-55C ~ 155C	0603 (1608 Metric)	0603	0.063" L x 0.031" W (1.60mm x 0.80mm)	0.022" (0.55mm)	2	-																			
305	1.5 kOhms 1% 0.1W, 1/10W Chip Resistor 0603 (1608 Metric) Automotive AEC-Q200 Thick Film	ERJ	Tape & Reel (TR)	75	documents/AOA0000C304.pdf	CRS000029	Active	1.5 kOhms	1%	0.1W, 1/10W	Thick Film	Automotive AEC-Q200	100ppm/C	-55C ~ 155C	0603 (1608 Metric)	0603	0.063" L x 0.031" W (1.60mm x 0.80mm)	0.022" (0.55mm)	2	-																			
326	200 Ohms 1% 0.1W, 1/10W Chip Resistor 0603 (1608 Metric) Automotive AEC-Q200 Thick Film	ERJ	Cut Tape (CT)	75	documents/AOA0000C304.pdf	CRS000050	Active	200 Ohms	1%	0.1W, 1/10W	Thick Film	Automotive AEC-Q200	100ppm/C	-55C ~ 155C	0603 (1608 Metric)	0603	0.063" L x 0.031" W (1.60mm x 0.80mm)	0.022" (0.55mm)	2	-																			
306	1.58 kOhms 1% 0.1W, 1/10W Chip Resistor 0603 (1608 Metric) Automotive AEC-Q200 Thick Film	ERJ	Tape & Reel (TR)	75	documents/AOA0000C304.pdf	CRS000030	Active	1.58 kOhms	1%	0.1W, 1/10W	Thick Film	Automotive AEC-Q200	100ppm/C	-55C ~ 155C	0603 (1608 Metric)	0603	0.063" L x 0.031" W (1.60mm x 0.80mm)	0.022" (0.55mm)	2	-																			
413	1 kOhms 1% 0.05W, 1/20W Chip Resistor 0201 (0603 Metric)  Thick Film	ERJ	Digi-Reel	75	documents/ERJ-GRE_Series_Rev_Oct_2014.pdf	CRS000100	Discontinued at Digi-Key	1 kOhms	1%	0.05W, 1/20W	Thick Film	-	200ppm/C	-55C ~ 125C	0201 (0603 Metric)	0201	0.024" L x 0.012" W (0.60mm x 0.30mm)	0.010" (0.26mm)	2	-																			
384	1F Isolated Capacitor 2 Array 16V X5R 0504 (1410 Metric)	ECJ	Digi-Reel	80	documents/ECJU_2-Array.pdf	CNA000001	Obsolete	1F	20%	16V	Ceramic	2	Isolated	X5R	-	Surface Mount	0504 (1410 Metric)	0.054" L x 0.039" W (1.37mm x 1.00mm)	0.032" (0.80mm)																				
307	1.74 kOhms 1% 0.1W, 1/10W Chip Resistor 0603 (1608 Metric) Automotive AEC-Q200 Thick Film	ERJ	Tape & Reel (TR)	75	documents/AOA0000C304.pdf	CRS000031	Active	1.74 kOhms	1%	0.1W, 1/10W	Thick Film	Automotive AEC-Q200	100ppm/C	-55C ~ 155C	0603 (1608 Metric)	0603	0.063" L x 0.031" W (1.60mm x 0.80mm)	0.022" (0.55mm)	2	-																			
330	36 kOhms 1% 0.1W, 1/10W Chip Resistor 0603 (1608 Metric)  Thick Film	9C	Tape & Reel (TR)	75	documents/ProdSelectGuide202014_Final.pdf	CRS000054	Obsolete	36 kOhms	1%	0.1W, 1/10W	Thick Film	-	100ppm/C	-55C ~ 155C	0603 (1608 Metric)	0603	0.063" L x 0.031" W (1.60mm x 0.80mm)	0.022" (0.55mm)	2	-																			
430	10 Ohms 1% 0.1W, 1/10W Chip Resistor 0402 (1005 Metric) Automotive AEC-Q200 Thick Film	ERJ	Tape & Reel (TR)	75	documents/AOA0000C304.pdf	CRS000117	Active	10 Ohms	1%	0.1W, 1/10W	Thick Film	Automotive AEC-Q200	100ppm/C	-55C ~ 155C	0402 (1005 Metric)	0402	0.039" L x 0.020" W (1.00mm x 0.50mm)	0.016" (0.40mm)	2	-																			
334	75 kOhms 1% 0.1W, 1/10W Chip Resistor 0603 (1608 Metric) Automotive AEC-Q200 Thick Film	ERJ	Tape & Reel (TR)	75	documents/AOA0000C304.pdf	CRS000058	Active	75 kOhms	1%	0.1W, 1/10W	Thick Film	Automotive AEC-Q200	100ppm/C	-55C ~ 155C	0603 (1608 Metric)	0603	0.063" L x 0.031" W (1.60mm x 0.80mm)	0.022" (0.55mm)	2	-																			
397	4.7F 20% 10V Ceramic Capacitor X5R 0603 (1608 Metric)	WCAP-CSGP	Tape & Reel (TR)	73	documents/885012106012.pdf	CCA000032	Active	4.7F	20%	10V	X5R	-55C ~ 85C	-	-	General Purpose		Surface Mount, MLCC	0603 (1608 Metric)	0.063" L x 0.031" W (1.60mm x 0.80mm)	-	0.037" (0.95mm)	-	-																
387	FERRITE BEAD 600 OHM 0603 1LN	MMZ		11	documents/beads_commercial_signal_mmz1608_en.pdf	BEAD000003	Signal Line	1	600 Ohms @ 100MHz	500mA	400 mOhm	-	-55C ~ 125C	0.030" (0.75mm)	0.063" L x 0.032" W (1.60mm x 0.80mm)	Surface Mount	0603 (1608 Metric)																						
210	Bipolar (BJT) Transistor PNP 60V 600mA 200MHz 300mW Surface Mount SOT-23-3	Automotive, AEC-Q101		14	documents/MMBT2907A_Rev2016.pdf	BJT000001	PNP	600mA	60V	1.6V @ 50mA, 500mA	10nA (ICBO)	100 @ 150mA, 10V	300mW	200MHz	-55C ~ 150C (TJ)	Surface Mount	TO-236-3, SC-59, SOT-23-3																						
457	ARM Cortex-M4F Wonder Gecko Microcontroller IC 32-Bit 48MHz 256KB (256K x 8) FLASH 100-LQFP (14x14)	Wonder Gecko	Cut Tape (CT)	30	documents/Support20Documents2fTechnicalDocs2fEFM32WG980.pdf	MPU000008	Active	ARM Cortex-M4F	32-Bit	48MHz	EBI/EMI, IC, IrDA, SmartCard, SPI, UART/USART	Brown-out Detect/Reset, DMA, IS, POR, PWM, WDT	81	256KB (256K x 8)	FLASH	-	32K x 8	1.85 V ~ 3.8 V	A/D 8x12b; D/A 2x12b	Internal	-40C ~ 85C (TA)	100-LQFP	100-LQFP (14x14)																
458	4MHz XO (Standard) LVCMOS Oscillator 3.3V Enable/Disable 4-SMD, No Lead	CWX823	Cut Tape (CT)	64	documents/sm126.pdf	OSC000004	Active	Crystal	XO (Standard)	4MHz	Enable/Disable	LVCMOS	3.3V	50ppm	-20C ~ 70C	30mA	-	Surface Mount	4-SMD, No Lead	0.276" L x 0.197" W (7.00mm x 5.00mm)	0.051" (1.30mm)	-																	
482	66.5 kOhms 1% 0.1W, 1/10W Chip Resistor 0603 (1608 Metric) Automotive AEC-Q200 Thick Film	MCR	Cut Tape (CT)	75		CRS000128	Discontinued at Digi-Key	66.5 kOhms	1%	0.1W, 1/10W	Thick Film	Automotive AEC-Q200	100ppm/C	-55C ~ 155C	0603 (1608 Metric)	0603	0.063" L x 0.031" W (1.60mm x 0.80mm)	0.022" (0.55mm)	2	-																			
335	76.8 kOhms 1% 0.1W, 1/10W Chip Resistor 0603 (1608 Metric) Automotive AEC-Q200 Thick Film	ERJ	Tape & Reel (TR)	75	documents/AOA0000C304.pdf	CRS000059	Active	76.8 kOhms	1%	0.1W, 1/10W	Thick Film	Automotive AEC-Q200	100ppm/C	-55C ~ 155C	0603 (1608 Metric)	0603	0.063" L x 0.031" W (1.60mm x 0.80mm)	0.022" (0.55mm)	2	-																			
431	27 Ohms 1% 0.1W, 1/10W Chip Resistor 0402 (1005 Metric) Automotive AEC-Q200 Thick Film	ERJ	Digi-Reel	75	documents/AOA0000C304.pdf	CRS000118	Active	27 Ohms	1%	0.1W, 1/10W	Thick Film	Automotive AEC-Q200	100ppm/C	-55C ~ 155C	0402 (1005 Metric)	0402	0.039" L x 0.020" W (1.00mm x 0.50mm)	0.016" (0.40mm)	2	-																			
372	23.7 Ohms 1% 0.125W, 1/8W Chip Resistor 0805 (2012 Metric) Automotive AEC-Q200 Thick Film	ERJ	Tape & Reel (TR)	75	documents/AOA0000C304.pdf	CRS000085	Active	23.7 Ohms	1%	0.125W, 1/8W	Thick Film	Automotive AEC-Q200	100ppm/C	-55C ~ 155C	0805 (2012 Metric)	0805	0.079" L x 0.049" W (2.00mm x 1.25mm)	0.028" (0.70mm)	2	-																			
385	1F 10% 100V Ceramic Capacitor X7R 1206 (3216 Metric)	M	Digi-Reel	73		CCA000027	Active	1F	10%	100V	X7R	-55C ~ 125C	High Voltage	-	General Purpose		Surface Mount, MLCC	1206 (3216 Metric)	0.126" L x 0.063" W (3.20mm x 1.60mm)	-	0.071" (1.80mm)	-	-																
495	324 kOhms 1% 0.1W, 1/10W Chip Resistor 0402 (1005 Metric) Automotive AEC-Q200 Thick Film	ERJ	Digi-Reel	75	documents/AOA0000C304.pdf	CRS000140	Active	324 kOhms	1%	0.1W, 1/10W	Thick Film	Automotive AEC-Q200	100ppm/C	-55C ~ 155C	0402 (1005 Metric)	0402	0.039" L x 0.020" W (1.00mm x 0.50mm)	0.016" (0.40mm)	2	-																			
446	Programmable Gain Amplifier 1 Circuit Rail-to-Rail 20-TSSOP	-		17	documents/PGA112367.pdf	AMP000002	Programmable Gain	1	Rail-to-Rail	8 V/s		10MHz	1.5nA	75V	330A	60mA	2.2 V ~ 5.5 V	-40C ~ 125C	Surface Mount	20-TSSOP (0.173", 4.40mm Width)																			
398	3300pF 10% 50V Ceramic Capacitor X7R 0805 (2012 Metric)	C	Tape & Reel (TR)	73	documents/C0805C332K5RACTU.pdf	CCA000033	Active	3300pF	10%	50V	X7R	-55C ~ 125C	Low ESL	-	General Purpose	-	Surface Mount, MLCC	0805 (2012 Metric)	0.079" L x 0.049" W (2.00mm x 1.25mm)	-	0.035" (0.88mm)	-	-																
483	Digital Switch Latch Open Drain Hall Effect TSOT-3	-	Cut Tape (CT)	90	documents/mlx92212-datasheet-melexis.pdf	MSS000001	Active	Latch	Hall Effect	South Pole	3.8mT Trip, -3.8mT Release	25C	2.5 V ~ 5.5 V	3.2mA	20mA	Open Drain	-	-40C ~ 150C (TA)	TO-236-3, SC-59, SOT-23-3	TSOT-3																			
414	2 kOhms 1% 0.05W, 1/20W Chip Resistor 0201 (0603 Metric)  Thick Film	ERJ	Digi-Reel	75	documents/ERJ-GRE_Series_Rev_Oct_2014.pdf	CRS000101	Discontinued at Digi-Key	2 kOhms	1%	0.05W, 1/20W	Thick Film	-	200ppm/C	-55C ~ 125C	0201 (0603 Metric)	0201	0.024" L x 0.012" W (0.60mm x 0.30mm)	0.010" (0.26mm)	2	-																			
448	32.768kHz 10ppm Crystal 12.5pF 70 kOhms 2-SMD, No Lead	9HT10	kHz Crystal (Tuning Fork)	13	documents/9ht10.pdf	XTAL000001	32.768kHz	-	10ppm	12.5pF	70 kOhms	Fundamental	-40C ~ 85C	-	0.126" L x 0.059" W (3.20mm x 1.50mm)	0.033" (0.85mm)	Surface Mount	2-SMD, No Lead																					
415	2.2 kOhms 1% 0.05W, 1/20W Chip Resistor 0201 (0603 Metric)  Thick Film	ERJ	Digi-Reel	75	documents/ERJ-GRE_Series_Rev_Oct_2014.pdf	CRS000102	Discontinued at Digi-Key	2.2 kOhms	1%	0.05W, 1/20W	Thick Film	-	200ppm/C	-55C ~ 125C	0201 (0603 Metric)	0201	0.024" L x 0.012" W (0.60mm x 0.30mm)	0.010" (0.26mm)	2	-																			
488	3.6 MOhms 1% 0.063W, 1/16W Chip Resistor 0402 (1005 Metric) Moisture Resistant Thick Film	RC	Tape & Reel (TR)	75	documents/PYu-RC_Group_51_RoHS_L_10.pdf	CRS000133	Active	3.6 MOhms	1%	0.063W, 1/16W	Thick Film	Moisture Resistant	100ppm/C	-55C ~ 155C	0402 (1005 Metric)	0402	0.039" L x 0.020" W (1.00mm x 0.50mm)	0.016" (0.40mm)	2	-																			
487	1.1 MOhms 1% 0.063W, 1/16W Chip Resistor 0402 (1005 Metric) Automotive AEC-Q200 Thick Film	CRCW	Digi-Reel	75	documents/dcrcwe3.pdf	CRS000132	Active	1.1 MOhms	1%	0.063W, 1/16W	Thick Film	Automotive AEC-Q200	100ppm/C	-55C ~ 155C	0402 (1005 Metric)	0402	0.039" L x 0.020" W (1.00mm x 0.50mm)	0.016" (0.40mm)	2	-																			
449	48MHz 10ppm Crystal 10pF 40 Ohms 4-SMD, No Lead	NX2520SA	MHz Crystal	13	documents/NX2520SA_16-48MHZ.pdf	XTAL000002	48MHz	10ppm	10ppm	10pF	40 Ohms	Fundamental	-10C ~ 60C	-	0.098" L x 0.079" W (2.50mm x 2.00mm)	0.026" (0.65mm)	Surface Mount	4-SMD, No Lead																					
459	Buck Switching Regulator IC Positive Fixed 5V 1 Output 500mA 8-PowerSOIC (0.154", 3.90mm Width)	SIMPLE SWITCHER	Cut Tape (CT)	56		PVR000005	Active	Step-Down	Positive	Buck	Fixed	1	4.5V	42V	5V	-	500mA	500kHz	No	-40C ~ 125C (TJ)	Surface Mount	8-PowerSOIC (0.154", 3.90mm Width)	8-SO PowerPad	LM22674															
285	Diode Array 1 Pair Common Cathode Schottky 70V 70mA (DC) Surface Mount TO-236-3, SC-59, SOT-23-3	-	Cut Tape (CT)	76	documents/bas70_bas170series.pdf	DRA000001	Active	1 Pair Common Cathode	Schottky	70V	70mA (DC)	1V @ 15mA	Small Signal =< 200mA (Io), Any Speed	100ps	100nA @ 50V	150C (Max)	Surface Mount	TO-236-3, SC-59, SOT-23-3	SOT-23-3	BAS70-05																			
498	22pF 5% 50V Ceramic Capacitor C0G, NP0 0402 (1005 Metric)	CC	Cut Tape (CT)	73	documents/UPY-GP_NP0_16V-to-50V_16.pdf	CCA000036	Active	22pF	5%	50V	C0G, NP0	-55C ~ 125C	-	-	General Purpose	-	Surface Mount, MLCC	0402 (1005 Metric)	0.039" L x 0.020" W (1.00mm x 0.50mm)	-	0.022" (0.55mm)	-	-																
574	Supervisor Push-Pull, Totem Pole 1 Channel SOT-23-3	-	Cut Tape (CT)	100		PSU000001	Active	Simple Reset/Power-On Reset	1	Push-Pull, Totem Pole	Active Low	120ms Minimum	2.25V	-40C ~ 85C (TA)	Surface Mount	TO-236-3, SC-59, SOT-23-3	SOT-23-3	TPS3809J25																					
499	Natural PC Test Point Brass, Tin Plating Surface Mount Mounting Type	S1751, EZ BoardWare	Cut Tape (CT)	91	documents/S1751R.pdf	TPO000001	Active	PC Test Point	Surface Mount	Natural	0.128" L x 0.065" W (3.25mm x 1.65mm)	0.079" (2.00mm)	Tin	No Insulation	Brass																								
386	FERRITE BEAD 1 KOHM 0805 1LN	MPZ		11	documents/beads_commercial_power_mpz2012_en.pdf	BEAD000002	Power Line	1	1 kOhms @ 100MHz	1.5A	150 mOhm	-	-55C ~ 125C	0.041" (1.05mm)	0.079" L x 0.049" W (2.00mm x 1.25mm)	Surface Mount	0805 (2012 Metric)																						
605	TVS DIODE 5V 15V SGP1610N2	Automotive, AEC-Q100, uClamp	Zener	9	documents/uClamp0571P-3671P.pdf	TVS000007	1		5V (Max)	6V	15V	80A	-	No	Automotive	675pF @ 1MHz	-40C ~ 125C (TJ)	Surface Mount	2-UDFN																				
336	90.9 kOhms 0.5% 0.063W, 1/16W Chip Resistor 0402 (1005 Metric)  Thin Film	RR	Digi-Reel	75	documents/n_catalog_partition05_en.pdf	CRS000060	Active	90.9 kOhms	0.5%	0.063W, 1/16W	Thin Film	-	25ppm/C	-55C ~ 125C	0402 (1005 Metric)	-	0.039" L x 0.020" W (1.00mm x 0.50mm)	0.016" (0.40mm)	2	-																			
418	191 kOhms 1% 0.05W, 1/20W Chip Resistor 0201 (0603 Metric)  Thick Film	ERJ	Digi-Reel	75	documents/ERJ-GRE_Series_Rev_Oct_2014.pdf	CRS000105	Discontinued at Digi-Key	191 kOhms	1%	0.05W, 1/20W	Thick Film	-	200ppm/C	-55C ~ 125C	0201 (0603 Metric)	0201	0.024" L x 0.012" W (0.60mm x 0.30mm)	0.010" (0.26mm)	2	-																			
373	274 Ohms 1% 0.125W, 1/8W Chip Resistor 0805 (2012 Metric)  Thick Film	MCR	Tape & Reel (TR)	75	documents/MCR1020new20series.pdf	CRS000086	Discontinued at Digi-Key	274 Ohms	1%	0.125W, 1/8W	Thick Film	-	100ppm/C	-55C ~ 155C	0805 (2012 Metric)	0805	0.079" L x 0.049" W (2.00mm x 1.25mm)	0.026" (0.65mm)	2	-																			
447	Battery Battery Monitor IC  10-DFN (3x2)	OptimGauge	Cut Tape (CT)	85	documents/en.DM00066800.pdf	PBM000001	Active	Battery Monitor	-	-	-	IC	-40C ~ 85C (TA)	10-UFDFN	10-DFN (3x2)																								
388	FERRITE BEAD 1 KOHM 0402 1LN	MMZ		11	documents/beads_commercial_signal_mmz1005_en.pdf	BEAD000004	Signal Line	1	1 kOhms @ 100MHz	200mA	700 mOhm	-	-55C ~ 125C	0.022" (0.55mm)	0.039" L x 0.020" W (1.00mm x 0.50mm)	Surface Mount	0402 (1005 Metric)																						
432	33 Ohms 1% 0.1W, 1/10W Chip Resistor 0402 (1005 Metric) Automotive AEC-Q200 Thick Film	ERJ	Digi-Reel	75	documents/AOA0000C304.pdf	CRS000119	Active	33 Ohms	1%	0.1W, 1/10W	Thick Film	Automotive AEC-Q200	100ppm/C	-55C ~ 155C	0402 (1005 Metric)	0402	0.039" L x 0.020" W (1.00mm x 0.50mm)	0.016" (0.40mm)	2	-																			
399	0.1F 10% 25V Ceramic Capacitor X7R 0805 (2012 Metric)	ECJ	Tape & Reel (TR)	73	documents/ECJ_General.pdf	CCA000034	Obsolete	0.1F	10%	25V	X7R	-55C ~ 125C	-	-	General Purpose	-	Surface Mount, MLCC	0805 (2012 Metric)	0.079" L x 0.049" W (2.00mm x 1.25mm)	-	0.037" (0.95mm)	-	-																
401	1 Ohms 5% 0.05W, 1/20W Chip Resistor 0201 (0603 Metric)  Thick Film	ERJ	Digi-Reel	75	documents/ERJ20525.pdf	CRS000088	Discontinued at Digi-Key	1 Ohms	5%	0.05W, 1/20W	Thick Film	-	-100/ +600ppm/C	-55C ~ 125C	0201 (0603 Metric)	0201	0.024" L x 0.012" W (0.60mm x 0.30mm)	0.010" (0.26mm)	2	-																			
461	ARM Cortex-M3 SAM3S Microcontroller IC 32-Bit 64MHz 512KB (512K x 8) FLASH 64-LQFP (10x10)	SAM3S	Tray	30	documents/SAM3S8SD8.pdf	MPU000010	Active	ARM Cortex-M3	32-Bit	64MHz	IC, IrDA, Memory Card, SPI, SSC, UART/USART, USB	Brown-out Detect/Reset, DMA, IS, POR, PWM, WDT	47	512KB (512K x 8)	FLASH	-	64K x 8	1.62 V ~ 3.6 V	A/D 10x10/12b; D/A 2x12b	Internal	-40C ~ 85C (TA)	64-LQFP	64-LQFP (10x10)																
416	4.7 kOhms 1% 0.05W, 1/20W Chip Resistor 0201 (0603 Metric)  Thick Film	ERJ	Digi-Reel	75	documents/ERJ-GRE_Series_Rev_Oct_2014.pdf	CRS000103	Discontinued at Digi-Key	4.7 kOhms	1%	0.05W, 1/20W	Thick Film	-	200ppm/C	-55C ~ 125C	0201 (0603 Metric)	0201	0.024" L x 0.012" W (0.60mm x 0.30mm)	0.010" (0.26mm)	2	-																			
433	52.3 Ohms 1% 0.1W, 1/10W Chip Resistor 0402 (1005 Metric) Automotive AEC-Q200 Thick Film	ERJ	Digi-Reel	75	documents/AOA0000C304.pdf	CRS000120	Active	52.3 Ohms	1%	0.1W, 1/10W	Thick Film	Automotive AEC-Q200	100ppm/C	-55C ~ 155C	0402 (1005 Metric)	0402	0.039" L x 0.020" W (1.00mm x 0.50mm)	0.016" (0.40mm)	2	-																			
460	ARM Cortex-M4 Kinetis K60 Microcontroller IC 32-Bit 100MHz 512KB (512K x 8) FLASH 100-LQFP (14x14)	Kinetis K60	Tray	30	documents/K60P100M100SF2.pdf	MPU000009	Not For New Designs	ARM Cortex-M4	32-Bit	100MHz	CANbus, EBI/EMI, Ethernet, IC, IrDA, SD, SPI, UART/USART, USB, USB OTG	DMA, IS, LVD, POR, PWM, WDT	66	512KB (512K x 8)	FLASH	-	128K x 8	1.71 V ~ 3.6 V	A/D 33x16b; D/A 1x12b	Internal	-40C ~ 105C (TA)	100-LQFP	100-LQFP (14x14)																
174	Blue, Green, Orange 470nm Blue, 525nm Green, 605nm Orange LED Indication - Discrete 3.5V Blue, 3.5V Green, 2V Orange 4-SMD, No Lead	-		16	documents/LTST-C19FD1WT.pdf	LED000003	Blue, Green, Orange	Common Anode	White	Diffused	104mcd Blue, 261mcd Green, 113mcd Orange	Rectangle with Flat Top	-	3.5V Blue, 3.5V Green, 2V Orange	20mA Blue, 20mA Green, 20mA Orange	130		470nm Blue, 525nm Green, 605nm Orange	468nm Blue, 520nm Green, 611nm Orange	-	2.10mm L x 1.60mm W	0.55mm	Surface Mount	4-SMD, No Lead															
434	100 Ohms 1% 0.1W, 1/10W Chip Resistor 0402 (1005 Metric) Automotive AEC-Q200 Thick Film	ERJ	Digi-Reel	75	documents/AOA0000C304.pdf	CRS000121	Active	100 Ohms	1%	0.1W, 1/10W	Thick Film	Automotive AEC-Q200	100ppm/C	-55C ~ 155C	0402 (1005 Metric)	0402	0.039" L x 0.020" W (1.00mm x 0.50mm)	0.016" (0.40mm)	2	-																			
463	ARM Cortex-M3 SAM3S Microcontroller IC 32-Bit 64MHz 64KB (64K x 8) FLASH 64-LQFP (10x10)	SAM3S	Tray	30	documents/SAM3S_Series.pdf	MPU000012	Obsolete	ARM Cortex-M3	32-Bit	64MHz	IC, MMC, SPI, SSC, UART/USART, USB	Brown-out Detect/Reset, DMA, IS, POR, PWM, WDT	47	64KB (64K x 8)	FLASH	-	16K x 8	1.62 V ~ 3.6 V	A/D 10x10/12b; D/A 2x12b	Internal	-40C ~ 85C (TA)	64-LQFP	64-LQFP (10x10)																
462	ARM Cortex-M0 LPC1102 Microcontroller IC 32-Bit 50MHz 32KB (32K x 8) FLASH	LPC1102	Cut Tape (CT)	30	documents/LPC1102_1104.pdf	MPU000011	Active	ARM Cortex-M0	32-Bit	50MHz	SPI, UART/USART	Brown-out Detect/Reset, POR, WDT	11	32KB (32K x 8)	FLASH	-	8K x 8	1.8 V ~ 3.6 V	A/D 5x10b	Internal	-40C ~ 85C (TA)	16-UFBGA, WLCSP																	
192	3.3H Shielded Wirewound Inductor 1.23A 96 mOhm Max Nonstandard	NR	Wirewound	10	documents/wound04_e.pdf	IND000001	Ferrite	3.3H	20%	1.23A	1.21A	Shielded	96 mOhm Max	-	49MHz	-	-25C ~ 120C	100kHz		Surface Mount	Nonstandard																		
489	10 MOhms 1% 0.063W, 1/16W Chip Resistor 0402 (1005 Metric) Automotive AEC-Q200 Thick Film	CRCW	Digi-Reel	75	documents/dcrcwe3.pdf	CRS000134	Active	10 MOhms	1%	0.063W, 1/16W	Thick Film	Automotive AEC-Q200	100ppm/C	-55C ~ 155C	0402 (1005 Metric)	0402	0.039" L x 0.020" W (1.00mm x 0.50mm)	0.016" (0.40mm)	2	-																			
496	10 kOhms 1% 0.063W, 1/16W Chip Resistor 0402 (1005 Metric) Automotive AEC-Q200 Thick Film	CRCW	Tape & Reel (TR)	75	documents/dcrcwe3.pdf	CRS000141	Active	10 kOhms	1%	0.063W, 1/16W	Thick Film	Automotive AEC-Q200	100ppm/C	-55C ~ 155C	0402 (1005 Metric)	0402	0.039" L x 0.020" W (1.00mm x 0.50mm)	0.016" (0.40mm)	2	-																			
575	Zener Diode 11.74V 500mW 3% Surface Mount SOD-323F	-	Cut Tape (CT)	101	documents/ds31987.pdf	DZS000001	Active	11.74V	3%	500mW	30 Ohms	70nA @ 10.9V	900mV @ 10mA	-65C ~ 150C	Surface Mount	SC-90, SOD-323F	SOD-323F	DDZ12																					
441	19.2MHz XO (Standard) LVCMOS Oscillator 1.8 V ~ 3.3 V Standby (Power Down) 4-SMD, No Lead	Pure Silicon ASDMB	Cut Tape (CT)	64	documents/ASDMB.pdf	OSC000003	Active	MEMS	XO (Standard)	19.2MHz	Standby (Power Down)	LVCMOS	1.8 V ~ 3.3 V	10ppm	-40C ~ 85C	16mA	-	Surface Mount	4-SMD, No Lead	0.098" L x 0.079" W (2.50mm x 2.00mm)	0.035" (0.90mm)	15A																	
211	Humidity Temperature Sensor 0 ~ 100% RH IC 4% RH 6s Surface Mount	HumidIcon, HIH-6100	Cut Tape (CT)	66	documents/honeywell-sensing-humidicon-hih6100-series-product-sheet-009059-6-en.pdf	HMS000001	Active	Humidity, Temperature	0 ~ 100% RH	IC	14b	4% RH	6s	-	2.3 V ~ 5.5 V	Surface Mount	-25C ~ 85C	8-SOIC (0.154", 3.90mm Width)	8-SOIC																				
374	470 kOhms 5% 0.125W, 1/8W Chip Resistor 0805 (2012 Metric)  Thick Film	MCR	Tape & Reel (TR)	75	documents/MCR1020new20series.pdf	CRS000087	Discontinued at Digi-Key	470 kOhms	5%	0.125W, 1/8W	Thick Film	-	200ppm/C	-55C ~ 155C	0805 (2012 Metric)	0805	0.079" L x 0.049" W (2.00mm x 1.25mm)	0.026" (0.65mm)	2	-																			
389	Linear Voltage Regulator IC Positive Fixed 1 Output 2.5V 150mA SC-70-5	-	Positive	24		LDO000002	Fixed	1	6.5V	2.5V	-	0.3V @ 150mA	150mA	80A	100A	70dB ~ 45dB (100Hz ~ 1MHz)	Enable	Over Current, Over Temperature, Reverse Polarity, Under Voltage Lockout (UVLO)	-40C ~ 125C	Surface Mount	5-TSSOP, SC-70-5, SOT-353																		
490	14.3 kOhms 1% 0.1W, 1/10W Chip Resistor 0402 (1005 Metric) Automotive AEC-Q200 Thick Film	ERJ	Digi-Reel	75	documents/AOA0000C304.pdf	CRS000135	Active	14.3 kOhms	1%	0.1W, 1/10W	Thick Film	Automotive AEC-Q200	100ppm/C	-55C ~ 155C	0402 (1005 Metric)	0402	0.039" L x 0.020" W (1.00mm x 0.50mm)	0.016" (0.40mm)	2	-																			
390	25MHz XO (Standard) LVCMOS Oscillator 1.8 V ~ 3.3 V Standby (Power Down) 4-SMD, No Lead	Pure Silicon ASDMB	Digi-Reel	64	documents/ASDMB.pdf	OSC000002	Active	MEMS	XO (Standard)	25MHz	Standby (Power Down)	LVCMOS	1.8 V ~ 3.3 V	10ppm	-40C ~ 105C	16mA	-	Surface Mount	4-SMD, No Lead	0.098" L x 0.079" W (2.50mm x 2.00mm)	0.035" (0.90mm)	15A																	
400	4.7F 10% 50V Ceramic Capacitor X5R 0805 (2012 Metric)	CL	Digi-Reel	73		CCA000035	Active	4.7F	10%	50V	X5R	-55C ~ 85C	-	-	General Purpose		Surface Mount, MLCC	0805 (2012 Metric)	0.079" L x 0.049" W (2.00mm x 1.25mm)	-	0.055" (1.40mm)	-	-																
451	Bipolar (BJT) Transistor NPN 400V 8A  80W Surface Mount D2PAK	-		14	documents/en.CD00116674.pdf	BJT000005	NPN	8A	400V	3V @ 1A, 5A	100A	8 @ 5A, 5V	80W	-	150C (TJ)	Surface Mount	TO-263-3, DPak (2 Leads + Tab), TO-263AB																						
419	249 kOhms 1% 0.05W, 1/20W Chip Resistor 0201 (0603 Metric)  Thick Film	ERJ	Digi-Reel	75	documents/ERJ-GRE_Series_Rev_Oct_2014.pdf	CRS000106	Discontinued at Digi-Key	249 kOhms	1%	0.05W, 1/20W	Thick Film	-	200ppm/C	-55C ~ 125C	0201 (0603 Metric)	0201	0.024" L x 0.012" W (0.60mm x 0.30mm)	0.010" (0.26mm)	2	-																			
475	25MHz XO (Standard) HCMOS, TTL Oscillator 3.3V Enable/Disable 4-SMD, No Lead	CB3LV	Cut Tape (CT)	64	documents/008-0256-0.pdf	OSC000005	Active	Crystal	XO (Standard)	25MHz	Enable/Disable	HCMOS, TTL	3.3V	50ppm	-20C ~ 70C	40mA	-	Surface Mount	4-SMD, No Lead	0.276" L x 0.197" W (7.00mm x 5.00mm)	0.071" (1.80mm)	10A																	
435	100 Ohms 1% 0.063W, 1/16W Chip Resistor 0402 (1005 Metric) Moisture Resistant Thick Film	RC	Tape & Reel (TR)	75	documents/PYu-RC_Group_51_RoHS_L_10.pdf	CRS000122	Active	100 Ohms	1%	0.063W, 1/16W	Thick Film	Moisture Resistant	100ppm/C	-55C ~ 155C	0402 (1005 Metric)	0402	0.039" L x 0.020" W (1.00mm x 0.50mm)	0.016" (0.40mm)	2	-																			
476	Inverter IC 1 Channel  SC-70-5	74AUC	Cut Tape (CT)	89		LGA000001	Active	Inverter	1	1	-	0.8 V ~ 2.7 V	10A	9mA, 9mA	0 V ~ 0.7 V	1.7V	1.9ns @ 2.5V, 30pF	-40C ~ 85C	Surface Mount	SC-70-5	5-TSSOP, SC-70-5, SOT-353	74AUC1G04																	
464	100H Shielded Wirewound Inductor 1.888A 175 mOhm Nonstandard	DRA	Wirewound	10	documents/9190a0eb-f996-4faf-a4d6-7b76f954f32d.pdf	IND000006	-	100H	20%	1.888A	3.46A	Shielded	175 mOhm	-	-	AEC-Q200	-40C ~ 165C	100kHz		Surface Mount	Nonstandard																		
484	680 kOhms 1% 0.063W, 1/16W Chip Resistor 0402 (1005 Metric) Moisture Resistant Thick Film	RC	Tape & Reel (TR)	75		CRS000129	Active	680 kOhms	1%	0.063W, 1/16W	Thick Film	Moisture Resistant	100ppm/C	-55C ~ 155C	0402 (1005 Metric)	0402	0.039" L x 0.020" W (1.00mm x 0.50mm)	0.016" (0.40mm)	2	-																			
465	Diode Schottky 250V 40A Through Hole TO-220-2	SWITCHMODE	Schottky	7		CR000005	250V	40A	970mV @ 40A	Fast Recovery =< 500ns, > 200mA (Io)	35ns	30A @ 250V	500pF @ 5V, 1MHz	Through Hole	TO-220-2																								
466	IC FF D-TYPE SNGL 1BIT SOT23-5	74AUC	Cut Tape (CT)	86		LFF000001	Active	Standard	D-Type	Non-Inverted	1	1	275MHz	1.8ns @ 2.5V, 30pF	Positive Edge	9mA, 9mA	0.8 V ~ 2.7 V	10A	2.5pF	-40C ~ 85C (TA)	Surface Mount	SC-74A, SOT-753	74AUC1G79																
491	100 kOhms 1% 0.1W, 1/10W Chip Resistor 0402 (1005 Metric) Automotive AEC-Q200 Thick Film	ERJ	Digi-Reel	75	documents/AOA0000C304.pdf	CRS000136	Active	100 kOhms	1%	0.1W, 1/10W	Thick Film	Automotive AEC-Q200	100ppm/C	-55C ~ 155C	0402 (1005 Metric)	0402	0.039" L x 0.020" W (1.00mm x 0.50mm)	0.016" (0.40mm)	2	-																			
493	191 kOhms 1% 0.063W, 1/16W Chip Resistor 0402 (1005 Metric) Automotive AEC-Q200 Thick Film	CRCW	Digi-Reel	75	documents/dcrcwe3.pdf	CRS000138	Active	191 kOhms	1%	0.063W, 1/16W	Thick Film	Automotive AEC-Q200	100ppm/C	-55C ~ 155C	0402 (1005 Metric)	0402	0.039" L x 0.020" W (1.00mm x 0.50mm)	0.016" (0.40mm)	2	-																			
494	249 kOhms 1% 0.1W, 1/10W Chip Resistor 0402 (1005 Metric) Automotive AEC-Q200 Thick Film	ERJ	Digi-Reel	75	documents/AOA0000C304.pdf	CRS000139	Active	249 kOhms	1%	0.1W, 1/10W	Thick Film	Automotive AEC-Q200	100ppm/C	-55C ~ 155C	0402 (1005 Metric)	0402	0.039" L x 0.020" W (1.00mm x 0.50mm)	0.016" (0.40mm)	2	-																			
576	Polymeric PTC Resettable Fuse 60V 500mA Ih Surface Mount 2920 (7351 Metric)	0ZCD	Polymeric	12	documents/0ZCD.pdf	FUSE000003	60V	10A	500mA	1A	4s	300 mOhms	1.4 Ohms		-40C ~ 85C	-	0.290" L x 0.202" W (7.36mm x 5.12mm)	-	0.061" (1.55mm)	Surface Mount	2920 (7351 Metric)																		
577	7.3728MHz 30ppm Crystal 20pF 60 Ohms HC-49/US	CSM-7	MHz Crystal	13	documents/csm_7.pdf	XTAL000005	7.3728MHz	100ppm	30ppm	20pF	60 Ohms	Fundamental	-40C ~ 85C	-	0.449" L x 0.189" W (11.40mm x 4.80mm)	0.169" (4.30mm)	Surface Mount	HC-49/US																					
606	TVS DIODE 5V 11.6V 1610	ESDA	Zener	9	documents/en.DM00139972.pdf	TVS000008	1		5V	6.4V	11.6V	60A (8/20s)	700W	No	General Purpose	-	-55C ~ 150C (TJ)	Surface Mount	0603 (1610 Metric)																				
346	10000pF 10% 50V Ceramic Capacitor X7R 0603 (1608 Metric)	GRM	Tape & Reel (TR)	73		CCA000025	Last Time Buy	10000pF	10%	50V	X7R	-55C ~ 125C	-	-	General Purpose		Surface Mount, MLCC	0603 (1608 Metric)	0.063" L x 0.031" W (1.60mm x 0.80mm)	-	0.035" (0.90mm)	-	-																
347	0.015F 5% 10V Ceramic Capacitor  0603 (1608 Metric)	CFCAP	Digi-Reel	73	documents/mlcc07_e.pdf	CCA000026	Active	0.015F	5%	10V	-	-55C ~ 125C	Low Distortion	-	RF, Microwave, High Frequency		Surface Mount, MLCC	0603 (1608 Metric)	0.063" L x 0.031" W (1.60mm x 0.80mm)	-	0.035" (0.90mm)	-	-																
436	150 Ohms 1% 0.1W, 1/10W Chip Resistor 0402 (1005 Metric) Automotive AEC-Q200 Thick Film	ERJ	Digi-Reel	75	documents/AOA0000C304.pdf	CRS000123	Active	150 Ohms	1%	0.1W, 1/10W	Thick Film	Automotive AEC-Q200	100ppm/C	-55C ~ 155C	0402 (1005 Metric)	0402	0.039" L x 0.020" W (1.00mm x 0.50mm)	0.016" (0.40mm)	2	-																			
348	100 kOhms 1% 0.1W, 1/10W Chip Resistor 0603 (1608 Metric) Automotive AEC-Q200 Thick Film	ERJ	Tape & Reel (TR)	75	documents/AOA0000C304.pdf	CRS000061	Active	100 kOhms	1%	0.1W, 1/10W	Thick Film	Automotive AEC-Q200	100ppm/C	-55C ~ 155C	0603 (1608 Metric)	0603	0.063" L x 0.031" W (1.60mm x 0.80mm)	0.022" (0.55mm)	2	-																			
598	Series Voltage Reference IC  0.15% 5mA SC-70-3	-	Cut Tape (CT)	83		PVR000005	Active	Series	Fixed	2.5V	5mA	0.15%	30ppm/C	70Vp-p	-	2.7V ~ 5.5V	8.5A	-40C ~ 125C (TA)	Surface Mount	SC-70, SOT-323	SC-70-3	REF3325																	
375	Diode Array 1 Pair Common Cathode Schottky 30V 200mA Surface Mount TO-236-3, SC-59, SOT-23-3	-	Cut Tape (CT)	76	documents/BAT54ACS.pdf	DRA000002	Obsolete	1 Pair Common Cathode	Schottky	30V	200mA	800mV @ 100mA	Small Signal =< 200mA (Io), Any Speed	5ns	2A @ 25V	-55C ~ 150C	Surface Mount	TO-236-3, SC-59, SOT-23-3	SOT-23-3 (TO-236)	BAT54C																			
391	Voltage Level Translator Bidirectional 1 Circuit 1 Channel 24Mbps SC-70-6	-	Digi-Reel	81		LTL000001	Active	Voltage Level	Bidirectional	1	1	1.65V ~ 3.6V	2.3V ~ 5.5V	-	-	Open Drain, Push-Pull	24Mbps	-40C ~ 85C (TA)	Auto-Direction Sensing	Surface Mount	6-TSSOP, SC-88, SOT-363	SC-70-6	TXS0101																
421	1 MOhms 1% 0.05W, 1/20W Chip Resistor 0201 (0603 Metric)  Thick Film	ERJ	Digi-Reel	75	documents/ERJ-GRE_Series_Rev_Oct_2014.pdf	CRS000108	Discontinued at Digi-Key	1 MOhms	1%	0.05W, 1/20W	Thick Film	-	200ppm/C	-55C ~ 125C	0201 (0603 Metric)	0201	0.024" L x 0.012" W (0.60mm x 0.30mm)	0.010" (0.26mm)	2	-																			
402	1 Ohms 5% 0.063W, 1/16W Chip Resistor 0402 (1005 Metric) Moisture Resistant Thick Film	RC	Tape & Reel (TR)	75	documents/PYu-RC_Group_51_RoHS_L_10.pdf	CRS000089	Active	1 Ohms	5%	0.063W, 1/16W	Thick Film	Moisture Resistant	200ppm/C	-55C ~ 155C	0402 (1005 Metric)	0402	0.039" L x 0.020" W (1.00mm x 0.50mm)	0.016" (0.40mm)	2	-																			
470	MSP430 MSP430F2xx Microcontroller IC 16-Bit 16MHz 1KB (1K x 8 + 256B) FLASH 14-TSSOP	MSP430F2xx	Cut Tape (CT)	30		MPU000013	Active	MSP430	16-Bit	16MHz	IC, SPI	Brown-out Detect/Reset, POR, PWM, WDT	10	1KB (1K x 8 + 256B)	FLASH	-	128 x 8	1.8 V ~ 3.6 V	A/D 8x10b	Internal	-40C ~ 85C (TA)	14-TSSOP (0.173", 4.40mm Width)	14-TSSOP																
452	Glass Body Reed Switch SPST-NO 15 ~ 25AT Operate Range 10VA 500mA (AC/DC) 200V Surface Mount	FRB	Cut Tape (CT)	44	documents/ReedSwitch-TechAppInfo.pdf	MRS000002	Discontinued at Digi-Key	Glass Body	SPST-NO	15 ~ 25AT	-	500mA (AC/DC)	200V	200V	10VA	Surface Mount	Gull Wing	0.770" (19.56mm)	0.549" L x 0.100" W x 0.090" H (13.94mm x 2.54mm x 2.29mm)	0.114" (2.90mm)	-40C ~ 125C	1.5A (AC/DC)																	
406	49.9 Ohms 1% 0.05W, 1/20W Chip Resistor 0201 (0603 Metric)  Thick Film	CRCW	Digi-Reel	75	documents/crcw0201e3.pdf	CRS000093	Active	49.9 Ohms	1%	0.05W, 1/20W	Thick Film	-	100ppm/C	-55C ~ 155C	0201 (0603 Metric)	0201	0.024" L x 0.012" W (0.60mm x 0.30mm)	0.011" (0.28mm)	2	-																			
422	10 kOhms 1% 0.05W, 1/20W Chip Resistor 0201 (0603 Metric)  Thick Film	ERJ	Digi-Reel	75	documents/ERJ-GRE_Series_Rev_Oct_2014.pdf	CRS000109	Discontinued at Digi-Key	10 kOhms	1%	0.05W, 1/20W	Thick Film	-	200ppm/C	-55C ~ 125C	0201 (0603 Metric)	0201	0.024" L x 0.012" W (0.60mm x 0.30mm)	0.010" (0.26mm)	2	-																			
442	4 Circuit IC Switch 1:1 1.1 Ohm 16-LFCSP-VQ (4x4)	-	Cut Tape (CT)	82	documents/ADG1611_1612_1613.pdf	IAS000001	Active	SPST - NC	1:1	4	1.1 Ohm	30 mOhm	3.3 V ~ 16 V	3.3 V ~ 8 V	156ns, 87ns	38MHz	170pC	60pF, 60pF	300pA	-110dB @ 1MHz	-40C ~ 125C (TA)	16-VQFN Exposed Pad, CSP	16-LFCSP-VQ (4x4)	ADG1611															
420	324 kOhms 1% 0.05W, 1/20W Chip Resistor 0201 (0603 Metric)  Thick Film	ERJ	Digi-Reel	75	documents/ERJ-GRE_Series_Rev_Oct_2014.pdf	CRS000107	Discontinued at Digi-Key	324 kOhms	1%	0.05W, 1/20W	Thick Film	-	200ppm/C	-55C ~ 125C	0201 (0603 Metric)	0201	0.024" L x 0.012" W (0.60mm x 0.30mm)	0.010" (0.26mm)	2	-																			
424	100 kOhms 1% 0.05W, 1/20W Chip Resistor 0201 (0603 Metric)  Thick Film	CRCW	Digi-Reel	75	documents/crcw0201e3.pdf	CRS000111	Active	100 kOhms	1%	0.05W, 1/20W	Thick Film	-	100ppm/C	-55C ~ 155C	0201 (0603 Metric)	0201	0.024" L x 0.012" W (0.60mm x 0.30mm)	0.011" (0.28mm)	2	-																			
469	USB Bridge, USB to UART USB 2.0 UART Interface 32-QFN (7x7)	-	Tray	35	documents/DS_FT312D.pdf	ICO000002	Active	USB	Bridge, USB to UART	UART	USB 2.0	2.97 V ~ 3.63 V	25mA	-40C ~ 85C	32-VQFN Exposed Pad	32-QFN (7x7)																							
450	Shunt Voltage Reference IC  1% 15mA SOT-23-3	-	Cut Tape (CT)	83		PVR000002	Not For New Designs	Shunt	Fixed	2.5V	15mA	1%	150ppm/C	-	35Vrms	-	-	-40C ~ 85C (TA)	Surface Mount	TO-236-3, SC-59, SOT-23-3	SOT-23-3	LM4040																	
467	Magnetoresistive Sensor X, Y, Z Axis 16-LPCC (3x3)	-	Cut Tape (CT)	51	documents/HMC5983_3_Axis_Compass_IC.pdf	MSL000002	Obsolete	Magnetoresistive	X, Y, Z	IC, SPI	0.8mT	2.16 V ~ 3.6 V	100A (Typ)	-	-	-	-30C ~ 85C (TA)	-	16-LCC	16-LPCC (3x3)																			
453	100H Unshielded Wirewound Inductor 340mA 1.82 Ohm Max 1210 (3225 Metric)	CB, C Type	Wirewound	10		IND000005	Ferrite	100H	10%	340mA	270mA	Unshielded	1.82 Ohm Max	-	6MHz	-	-40C ~ 105C	100kHz		Surface Mount	1210 (3225 Metric)																		
471	RF Detector IC Cellular, CDMA, CDMA2000, EDGE, GSM, GPRS, TDMA, W-CDMA 450MHz ~ 2GHz -30dBm ~ 0dBm 1dB 6-WDFN Exposed Pad	-	Cut Tape (CT)	87		RDE000001	Not For New Designs	450MHz ~ 2GHz	Cellular, CDMA, CDMA2000, EDGE, GSM, GPRS, TDMA, W-CDMA	-30dBm ~ 0dBm	1dB	2.7 V ~ 5 V	8mA	6-WDFN Exposed Pad	6-WSON (2.5x2.2)																								
477	Red 637nm LED Indication - Discrete 1.6V Radial	-		16		LED000008	Red	Standard	Red	Diffused	2mcd	Round with Domed Top	3mm, T-1	1.6V	1mA	60		637nm	645nm	-	-	6.35mm	Through Hole	Radial															
349	100 kOhms 1% 0.1W, 1/10W Chip Resistor 0603 (1608 Metric)  Thick Film	9C	Tape & Reel (TR)	75	documents/ProdSelectGuide202014_Final.pdf	CRS000062	Obsolete	100 kOhms	1%	0.1W, 1/10W	Thick Film	-	100ppm/C	-55C ~ 155C	0603 (1608 Metric)	0603	0.063" L x 0.031" W (1.60mm x 0.80mm)	0.022" (0.55mm)	2	-																			
404	33 Ohms 1% 0.05W, 1/20W Chip Resistor 0201 (0603 Metric)  Thick Film	ERJ	Digi-Reel	75	documents/ERJ-GRE_Series_Rev_Oct_2014.pdf	CRS000091	Discontinued at Digi-Key	33 Ohms	1%	0.05W, 1/20W	Thick Film	-	200ppm/C	-55C ~ 125C	0201 (0603 Metric)	0201	0.024" L x 0.012" W (0.60mm x 0.30mm)	0.010" (0.26mm)	2	-																			
350	121 kOhms 1% 0.1W, 1/10W Chip Resistor 0603 (1608 Metric) Moisture Resistant Thick Film	RC	Tape & Reel (TR)	75	documents/PYu-RC_Group_51_RoHS_L_10.pdf	CRS000063	Active	121 kOhms	1%	0.1W, 1/10W	Thick Film	Moisture Resistant	100ppm/C	-55C ~ 155C	0603 (1608 Metric)	0603	0.063" L x 0.031" W (1.60mm x 0.80mm)	0.022" (0.55mm)	2	-																			
376	Diode Standard 100V 200mA Surface Mount SOT-23-3	-	Standard	7	documents/MMBD4148SE-D.pdf	CR000004	100V	200mA	1V @ 10mA	Small Signal =< 200mA (Io), Any Speed	4ns	5A @ 75V	4pF @ 0V, 1MHz	Surface Mount	TO-236-3, SC-59, SOT-23-3																								
351	137 kOhms 1% 0.1W, 1/10W Chip Resistor 0603 (1608 Metric) Automotive AEC-Q200 Thick Film	ERJ	Tape & Reel (TR)	75	documents/AOA0000C304.pdf	CRS000064	Active	137 kOhms	1%	0.1W, 1/10W	Thick Film	Automotive AEC-Q200	100ppm/C	-55C ~ 155C	0603 (1608 Metric)	0603	0.063" L x 0.031" W (1.60mm x 0.80mm)	0.022" (0.55mm)	2	-																			
352	147 kOhms 1% 0.1W, 1/10W Chip Resistor 0603 (1608 Metric) Automotive AEC-Q200 Thick Film	ERJ	Tape & Reel (TR)	75	documents/AOA0000C304.pdf	CRS000065	Active	147 kOhms	1%	0.1W, 1/10W	Thick Film	Automotive AEC-Q200	100ppm/C	-55C ~ 155C	0603 (1608 Metric)	0603	0.063" L x 0.031" W (1.60mm x 0.80mm)	0.022" (0.55mm)	2	-																			
423	90.9 kOhms 1% 0.05W, 1/20W Chip Resistor 0201 (0603 Metric)  Thick Film	ERJ	Digi-Reel	75	documents/ERJ-GRE_Series_Rev_Oct_2014.pdf	CRS000110	Discontinued at Digi-Key	90.9 kOhms	1%	0.05W, 1/20W	Thick Film	-	200ppm/C	-55C ~ 125C	0201 (0603 Metric)	0201	0.024" L x 0.012" W (0.60mm x 0.30mm)	0.010" (0.26mm)	2	-																			
377	Diode Array 1 Pair Series Connection Standard 100V 200mA Surface Mount TO-236-3, SC-59, SOT-23-3	-	Cut Tape (CT)	76	documents/MMBD4148SE-D.pdf	DRA000003	Active	1 Pair Series Connection	Standard	100V	200mA	1V @ 10mA	Small Signal =< 200mA (Io), Any Speed	4ns	5A @ 75V	-55C ~ 150C	Surface Mount	TO-236-3, SC-59, SOT-23-3	SOT-23-3	MMBD4148SE																			
353	178 kOhms 1% 0.1W, 1/10W Chip Resistor 0603 (1608 Metric) Automotive AEC-Q200 Thick Film	ERJ	Tape & Reel (TR)	75	documents/AOA0000C304.pdf	CRS000066	Active	178 kOhms	1%	0.1W, 1/10W	Thick Film	Automotive AEC-Q200	100ppm/C	-55C ~ 155C	0603 (1608 Metric)	0603	0.063" L x 0.031" W (1.60mm x 0.80mm)	0.022" (0.55mm)	2	-																			
354	191 kOhms 1% 0.1W, 1/10W Chip Resistor 0603 (1608 Metric) Automotive AEC-Q200 Thick Film	ERJ	Tape & Reel (TR)	75	documents/AOA0000C304.pdf	CRS000067	Active	191 kOhms	1%	0.1W, 1/10W	Thick Film	Automotive AEC-Q200	100ppm/C	-55C ~ 155C	0603 (1608 Metric)	0603	0.063" L x 0.031" W (1.60mm x 0.80mm)	0.022" (0.55mm)	2	-																			
405	33 Ohms 5% 0.05W, 1/20W Chip Resistor 0201 (0603 Metric)  Thick Film	ERJ	Digi-Reel	75	documents/ERJ20525.pdf	CRS000092	Discontinued at Digi-Key	33 Ohms	5%	0.05W, 1/20W	Thick Film	-	200ppm/C	-55C ~ 125C	0201 (0603 Metric)	0201	0.024" L x 0.012" W (0.60mm x 0.30mm)	0.010" (0.26mm)	2	-																			
403	10 Ohms 1% 0.05W, 1/20W Chip Resistor 0201 (0603 Metric)  Thick Film	ERJ	Digi-Reel	75	documents/ERJ-GRE_Series_Rev_Oct_2014.pdf	CRS000090	Discontinued at Digi-Key	10 Ohms	1%	0.05W, 1/20W	Thick Film	-	200ppm/C	-55C ~ 125C	0201 (0603 Metric)	0201	0.024" L x 0.012" W (0.60mm x 0.30mm)	0.010" (0.26mm)	2	-																			
443	Charge Pump Switching Regulator IC Positive or Negative Fixed -Vin, 2Vin 1 Output 25mA SC-74A, SOT-753	-	Cut Tape (CT)	56		PVR000004	Active	Ratiometric	Positive or Negative	Charge Pump	Fixed	1	1.8V	5.5V	-Vin, 2Vin	-	25mA	12kHz	No	-40C ~ 85C (TJ)	Surface Mount	SC-74A, SOT-753	SOT-23-5	LM828															
407	100 Ohms 1% 0.05W, 1/20W Chip Resistor 0201 (0603 Metric)  Thick Film	ERJ	Digi-Reel	75	documents/ERJ-GRE_Series_Rev_Oct_2014.pdf	CRS000094	Discontinued at Digi-Key	100 Ohms	1%	0.05W, 1/20W	Thick Film	-	200ppm/C	-55C ~ 125C	0201 (0603 Metric)	0201	0.024" L x 0.012" W (0.60mm x 0.30mm)	0.010" (0.26mm)	2	-																			
437	200 Ohms 1% 0.1W, 1/10W Chip Resistor 0402 (1005 Metric) Automotive AEC-Q200 Thick Film	ERJ	Digi-Reel	75	documents/AOA0000C304.pdf	CRS000124	Active	200 Ohms	1%	0.1W, 1/10W	Thick Film	Automotive AEC-Q200	100ppm/C	-55C ~ 155C	0402 (1005 Metric)	0402	0.039" L x 0.020" W (1.00mm x 0.50mm)	0.016" (0.40mm)	2	-																			
454	ARM Cortex-M3 SAM3S Microcontroller IC 32-Bit 64MHz 64KB (64K x 8) FLASH 64-QFN (9x9)	SAM3S	Tray	30	documents/SAM3S_Series.pdf	MPU000007	Obsolete	ARM Cortex-M3	32-Bit	64MHz	IC, MMC, SPI, SSC, UART/USART, USB	Brown-out Detect/Reset, DMA, IS, POR, PWM, WDT	47	64KB (64K x 8)	FLASH	-	16K x 8	1.62 V ~ 3.6 V	A/D 10x10/12b; D/A 2x12b	Internal	-40C ~ 85C (TA)	64-VFQFN Exposed Pad	64-QFN (9x9)																
438	220 Ohms 1% 0.063W, 1/16W Chip Resistor 0402 (1005 Metric)  Thick Film	MCR	Tape & Reel (TR)	75	documents/mcr_g.pdf	CRS000125	Discontinued at Digi-Key	220 Ohms	1%	0.063W, 1/16W	Thick Film	-	100ppm/C	-55C ~ 155C	0402 (1005 Metric)	0402	0.039" L x 0.020" W (1.00mm x 0.50mm)	0.016" (0.40mm)	2	-																			
468	Accelerometer, Gyroscope, Magnetometer, 3 Axis Sensor IC Output	MotionTracking	Cut Tape (CT)	63	documents/MPU-9150.pdf	MSI000002	Obsolete	Accelerometer, Gyroscope, Magnetometer, 3 Axis	IC	-40C ~ 85C (TA)	24-TFLGA Module	24-LGA (4x4)	Surface Mount																										
392	Temperature Sensor Digital, Local -40C ~ 125C 11 b SOT-563	-	Digi-Reel	37		TSA000002	Active	Digital, Local	-40C ~ 125C	-	IC/SMBus	1.4 V ~ 3.6 V	11 b	One-Shot, Output Switch, Shutdown Mode	2C (3C)	-25C ~ 85C (-40C ~ 125C)	-55C ~ 150C	Surface Mount	SOT-563, SOT-666	SOT-563																			
478	Series Voltage Reference IC  0.15% 5mA SOT-23-3	-	Cut Tape (CT)	83		PVR000003	Active	Series	Fixed	2.048V	5mA	0.15%	30ppm/C	55Vp-p	-	2.248 V ~ 5.5 V	8.5A	-40C ~ 125C (TA)	Surface Mount	TO-236-3, SC-59, SOT-23-3	SOT-23-3																		
355	200 kOhms 1% 0.1W, 1/10W Chip Resistor 0603 (1608 Metric) Automotive AEC-Q200 Thick Film	ERJ	Tape & Reel (TR)	75	documents/AOA0000C304.pdf	CRS000068	Active	200 kOhms	1%	0.1W, 1/10W	Thick Film	Automotive AEC-Q200	100ppm/C	-55C ~ 155C	0603 (1608 Metric)	0603	0.063" L x 0.031" W (1.60mm x 0.80mm)	0.022" (0.55mm)	2	-																			
117	Red  LED Indication - Discrete 1.7V 2-SMD, Z-Bend	-		16		LED000002	Red	Standard	Colorless	Clear	100mcd	Round with Domed Top	1.90mm Dia	1.7V	20mA	25		-	660nm	-	2.50mm L x 2.00mm W	2.90mm	Surface Mount, Bottom Entry	2-SMD, Z-Bend															
356	249 kOhms 1% 0.1W, 1/10W Chip Resistor 0603 (1608 Metric) Automotive AEC-Q200 Thick Film	ERJ	Tape & Reel (TR)	75	documents/AOA0000C304.pdf	CRS000069	Active	249 kOhms	1%	0.1W, 1/10W	Thick Film	Automotive AEC-Q200	100ppm/C	-55C ~ 155C	0603 (1608 Metric)	0603	0.063" L x 0.031" W (1.60mm x 0.80mm)	0.022" (0.55mm)	2	-																			
357	261 kOhms 1% 0.1W, 1/10W Chip Resistor 0603 (1608 Metric) Automotive AEC-Q200 Thick Film	ERJ	Cut Tape (CT)	75	documents/AOA0000C304.pdf	CRS000070	Active	261 kOhms	1%	0.1W, 1/10W	Thick Film	Automotive AEC-Q200	100ppm/C	-55C ~ 155C	0603 (1608 Metric)	0603	0.063" L x 0.031" W (1.60mm x 0.80mm)	0.022" (0.55mm)	2	-																			
393	0.022F 5% 10V Ceramic Capacitor  0603 (1608 Metric)	CFCAP	Digi-Reel	73	documents/mlcc07_e.pdf	CCA000028	Active	0.022F	5%	10V	-	-55C ~ 125C	Low Distortion	-	RF, Microwave, High Frequency		Surface Mount, MLCC	0603 (1608 Metric)	0.063" L x 0.031" W (1.60mm x 0.80mm)	-	0.035" (0.90mm)	-	-																
358	267 kOhms 1% 0.1W, 1/10W Chip Resistor 0603 (1608 Metric) Automotive AEC-Q200 Thick Film	ERJ	Tape & Reel (TR)	75	documents/AOA0000C304.pdf	CRS000071	Active	267 kOhms	1%	0.1W, 1/10W	Thick Film	Automotive AEC-Q200	100ppm/C	-55C ~ 155C	0603 (1608 Metric)	0603	0.063" L x 0.031" W (1.60mm x 0.80mm)	0.022" (0.55mm)	2	-																			
444	Series Voltage Reference IC  0.2% 5mA SOT-23-5	-	Cut Tape (CT)	83		PVR000001	Active	Series	Fixed	3.3V	5mA	0.2%	50ppm/C	20Vp-p	36Vp-p	2 V ~ 12 V	275A	-40C ~ 85C (TA)	Surface Mount	SC-74A, SOT-753	SOT-23-5	LM4120																	
426	10 MOhms 5% 0.05W, 1/20W Chip Resistor 0201 (0603 Metric)  Thick Film	ERJ	Digi-Reel	75	documents/ERJ20525.pdf	CRS000113	Discontinued at Digi-Key	10 MOhms	5%	0.05W, 1/20W	Thick Film	-	-400/ +150ppm/C	-55C ~ 125C	0201 (0603 Metric)	0201	0.024" L x 0.012" W (0.60mm x 0.30mm)	0.010" (0.26mm)	2	-																			
359	324 kOhms 1% 0.1W, 1/10W Chip Resistor 0603 (1608 Metric) Automotive AEC-Q200 Thick Film	ERJ	Tape & Reel (TR)	75	documents/AOA0000C304.pdf	CRS000072	Active	324 kOhms	1%	0.1W, 1/10W	Thick Film	Automotive AEC-Q200	100ppm/C	-55C ~ 155C	0603 (1608 Metric)	0603	0.063" L x 0.031" W (1.60mm x 0.80mm)	0.022" (0.55mm)	2	-																			
408	150 Ohms 1% 0.05W, 1/20W Chip Resistor 0201 (0603 Metric)  Thick Film	ERJ	Digi-Reel	75	documents/ERJ-GRE_Series_Rev_Oct_2014.pdf	CRS000095	Discontinued at Digi-Key	150 Ohms	1%	0.05W, 1/20W	Thick Film	-	200ppm/C	-55C ~ 125C	0201 (0603 Metric)	0201	0.024" L x 0.012" W (0.60mm x 0.30mm)	0.010" (0.26mm)	2	-																			
360	340 kOhms 1% 0.1W, 1/10W Chip Resistor 0603 (1608 Metric) Automotive AEC-Q200 Thick Film	ERJ	Tape & Reel (TR)	75	documents/AOA0000C304.pdf	CRS000073	Active	340 kOhms	1%	0.1W, 1/10W	Thick Film	Automotive AEC-Q200	100ppm/C	-55C ~ 155C	0603 (1608 Metric)	0603	0.063" L x 0.031" W (1.60mm x 0.80mm)	0.022" (0.55mm)	2	-																			
410	316 Ohms 1% 0.05W, 1/20W Chip Resistor 0201 (0603 Metric)  Thick Film	ERJ	Digi-Reel	75	documents/ERJ-GRE_Series_Rev_Oct_2014.pdf	CRS000097	Discontinued at Digi-Key	316 Ohms	1%	0.05W, 1/20W	Thick Film	-	200ppm/C	-55C ~ 125C	0201 (0603 Metric)	0201	0.024" L x 0.012" W (0.60mm x 0.30mm)	0.010" (0.26mm)	2	-																			
428	0 Ohms Jumper 0.063W, 1/16W Chip Resistor 0402 (1005 Metric) Moisture Resistant Thick Film	RC	Tape & Reel (TR)	75	documents/PYu-RC_Group_51_RoHS_L_10.pdf	CRS000115	Active	0 Ohms	Jumper	0.063W, 1/16W	Thick Film	Moisture Resistant	-	-55C ~ 155C	0402 (1005 Metric)	0402	0.039" L x 0.020" W (1.00mm x 0.50mm)	0.016" (0.40mm)	2	-																			
425	1.1 MOhms 5% 0.05W, 1/20W Chip Resistor 0201 (0603 Metric)  Thick Film	ERJ	Digi-Reel	75	documents/ERJ20525.pdf	CRS000112	Discontinued at Digi-Key	1.1 MOhms	5%	0.05W, 1/20W	Thick Film	-	-400/ +150ppm/C	-55C ~ 125C	0201 (0603 Metric)	0201	0.024" L x 0.012" W (0.60mm x 0.30mm)	0.010" (0.26mm)	2	-																			
455	FLASH Memory IC 16Mb (528 Bytes x 4096 pages) SPI 85MHz  8-SOIC	-	Cut Tape (CT)	50	documents/doc8782.pdf	MEM000002	Not For New Designs	Non-Volatile	FLASH	FLASH	16Mb (528 Bytes x 4096 pages)	85MHz	8s, 4ms	SPI	2.5 V ~ 3.6 V	-40C ~ 85C (TC)	Surface Mount	8-SOIC (0.209", 5.30mm Width)	8-SOIC																				
439	402 Ohms 1% 0.1W, 1/10W Chip Resistor 0402 (1005 Metric) Automotive AEC-Q200 Thick Film	ERJ	Digi-Reel	75	documents/AOA0000C304.pdf	CRS000126	Active	402 Ohms	1%	0.1W, 1/10W	Thick Film	Automotive AEC-Q200	100ppm/C	-55C ~ 155C	0402 (1005 Metric)	0402	0.039" L x 0.020" W (1.00mm x 0.50mm)	0.016" (0.40mm)	2	-																			
472	LC (T-Type) EMI Filter 3rd Order Low Pass 1 Channel C = 0.033F 2A 1207 (3218 Metric), 3 PC Pad	ELKE	Cut Tape (CT)	88	documents/AWF0000C30.pdf	ERF000001	Last Time Buy	Low Pass	3rd	LC (T-Type)	1	200kHz (Cutoff)	-	-	2A	C = 0.033F	No	-40C ~ 85C	Data Lines for Mobile Devices	25V	Surface Mount	1207 (3218 Metric), 3 PC Pad	0.126" L x 0.071" W (3.20mm x 1.80mm)	0.087" (2.20mm)															
473	ARM Cortex-M4 Kinetis K60 Microcontroller IC 32-Bit 100MHz 512KB (512K x 8) FLASH 144-LQFP (20x20)	Kinetis K60	Tray	30	documents/K60P144M100SF2.pdf	MPU000014	Not For New Designs	ARM Cortex-M4	32-Bit	100MHz	CANbus, EBI/EMI, Ethernet, IC, IrDA, SD, SPI, UART/USART, USB, USB OTG	DMA, IS, LVD, POR, PWM, WDT	100	512KB (512K x 8)	FLASH	-	128K x 8	1.71 V ~ 3.6 V	A/D 42x16b; D/A 2x12b	Internal	-40C ~ 105C (TA)	144-LQFP	144-LQFP (20x20)																
479	Current Sensor 6A 1 Channel Hall Effect, Open Loop Bidirectional 16-SOIC (0.295", 7.50mm Width)	-	Cut Tape (CT)	40		CSE000004	Last Time Buy	AC/DC	Hall Effect, Open Loop	6A	1	Ratiometric, Voltage	100mV/A	DC ~ 120kHz	0.25%	2.2%	3 V ~ 3.6 V	4s	11mA	-40C ~ 125C	Bidirectional	Surface Mount	16-SOIC (0.295", 7.50mm Width)	16-SOIC															
485	619 Ohms 1% 0.063W, 1/16W Chip Resistor 0402 (1005 Metric) Automotive AEC-Q200 Thick Film	RMCF	Tape & Reel (TR)	75	documents/SEI-RMCF_RMCP.pdf	CRS000130	Active	619 Ohms	1%	0.063W, 1/16W	Thick Film	Automotive AEC-Q200	100ppm/C	-55C ~ 155C	0402 (1005 Metric)	0402	0.039" L x 0.020" W (1.00mm x 0.50mm)	0.016" (0.40mm)	2	-																			
506	OR Gate IC 1 Channel  SOT-23-5	74AUC	Cut Tape (CT)	89		LGA000003	Active	OR Gate	1	2	-	0.8 V ~ 2.7 V	10A	9mA, 9mA	0 V ~ 0.7 V	1.7V	2.1ns @ 2.5V, 30pF	-40C ~ 85C	Surface Mount	SOT-23-5	SC-74A, SOT-753	74AUC1G32																	
361	374 kOhms 1% 0.1W, 1/10W Chip Resistor 0603 (1608 Metric) Automotive AEC-Q200 Thick Film	ERJ	Tape & Reel (TR)	75	documents/AOA0000C304.pdf	CRS000074	Active	374 kOhms	1%	0.1W, 1/10W	Thick Film	Automotive AEC-Q200	100ppm/C	-55C ~ 155C	0603 (1608 Metric)	0603	0.063" L x 0.031" W (1.60mm x 0.80mm)	0.022" (0.55mm)	2	-																			
395	0.056F 10% 16V Ceramic Capacitor X7R 0603 (1608 Metric)	C	Cut Tape (CT)	73	documents/C0603C563K4RACTU.pdf	CCA000030	Active	0.056F	10%	16V	X7R	-55C ~ 125C	-	-	General Purpose	-	Surface Mount, MLCC	0603 (1608 Metric)	0.063" L x 0.031" W (1.60mm x 0.80mm)	-	0.034" (0.87mm)	-	-																
362	590 kOhms 1% 0.1W, 1/10W Chip Resistor 0603 (1608 Metric) Automotive AEC-Q200 Thick Film	MCR	Tape & Reel (TR)	75		CRS000075	Discontinued at Digi-Key	590 kOhms	1%	0.1W, 1/10W	Thick Film	Automotive AEC-Q200	100ppm/C	-55C ~ 155C	0603 (1608 Metric)	0603	0.063" L x 0.031" W (1.60mm x 0.80mm)	0.022" (0.55mm)	2	-																			
363	680 kOhms 1% 0.1W, 1/10W Chip Resistor 0603 (1608 Metric) Moisture Resistant Thick Film	RC	Tape & Reel (TR)	75	documents/PYu-RC_Group_51_RoHS_L_10.pdf	CRS000076	Active	680 kOhms	1%	0.1W, 1/10W	Thick Film	Moisture Resistant	100ppm/C	-55C ~ 155C	0603 (1608 Metric)	0603	0.063" L x 0.031" W (1.60mm x 0.80mm)	0.022" (0.55mm)	2	-																			
364	806 kOhms 1% 0.1W, 1/10W Chip Resistor 0603 (1608 Metric) Automotive AEC-Q200 Thick Film	ERJ	Tape & Reel (TR)	75	documents/AOA0000C304.pdf	CRS000077	Active	806 kOhms	1%	0.1W, 1/10W	Thick Film	Automotive AEC-Q200	100ppm/C	-55C ~ 155C	0603 (1608 Metric)	0603	0.063" L x 0.031" W (1.60mm x 0.80mm)	0.022" (0.55mm)	2	-																			
365	1.1 MOhms 1% 0.1W, 1/10W Chip Resistor 0603 (1608 Metric) Automotive AEC-Q200 Thick Film	ERJ	Tape & Reel (TR)	75	documents/AOA0000C304.pdf	CRS000078	Active	1.1 MOhms	1%	0.1W, 1/10W	Thick Film	Automotive AEC-Q200	100ppm/C	-55C ~ 155C	0603 (1608 Metric)	0603	0.063" L x 0.031" W (1.60mm x 0.80mm)	0.022" (0.55mm)	2	-																			
409	200 Ohms 1% 0.05W, 1/20W Chip Resistor 0201 (0603 Metric)  Thick Film	ERJ	Digi-Reel	75	documents/ERJ-GRE_Series_Rev_Oct_2014.pdf	CRS000096	Discontinued at Digi-Key	200 Ohms	1%	0.05W, 1/20W	Thick Film	-	200ppm/C	-55C ~ 125C	0201 (0603 Metric)	0201	0.024" L x 0.012" W (0.60mm x 0.30mm)	0.010" (0.26mm)	2	-																			
378	Red 631nm LED Indication - Discrete 2V 0603 (1608 Metric)	-		16		LED000006	Red	Standard	Colorless	Clear	54mcd	Rectangle with Flat Top	1.10mm x 0.80mm	2V	20mA	130		631nm	639nm	-	1.60mm L x 0.80mm W	0.65mm	Surface Mount	0603 (1608 Metric)															
456	1/1 Transceiver Full MII, RMII 48-LQFP (7x7)	-	Cut Tape (CT)	34		IDR000003	Active	Transceiver	MII, RMII	1/1	Full		-	3 V ~ 3.6 V	-40C ~ 85C	Surface Mount	48-LQFP	48-LQFP (7x7)	TLK110																				
379	Blue 470nm LED Indication - Discrete 3.2V 0603 (1608 Metric)	WL-SMCW		16	documents/150060BS75000.pdf	LED000007	Blue	Standard	Colorless	Clear	145mcd	Rectangle with Flat Top	1.10mm x 0.70mm	3.2V	20mA	140		470nm	465nm	-	1.60mm L x 0.80mm W	0.80mm	Surface Mount	0603 (1608 Metric)															
429	1 Ohms 1% 0.063W, 1/16W Chip Resistor 0402 (1005 Metric) Automotive AEC-Q200 Thick Film	MCR	Tape & Reel (TR)	75	documents/mcr_low_g.pdf	CRS000116	Discontinued at Digi-Key	1 Ohms	1%	0.063W, 1/16W	Thick Film	Automotive AEC-Q200	100ppm/C	-55C ~ 155C	0402 (1005 Metric)	0402	0.039" L x 0.020" W (1.00mm x 0.50mm)	0.016" (0.40mm)	2	-																			
394	0.047F 10% 25V Ceramic Capacitor X7R 0603 (1608 Metric)	C	Tape & Reel (TR)	73	documents/C0603C473K3RACTU.pdf	CCA000029	Active	0.047F	10%	25V	X7R	-55C ~ 125C	-	-	General Purpose	-	Surface Mount, MLCC	0603 (1608 Metric)	0.063" L x 0.031" W (1.60mm x 0.80mm)	-	0.034" (0.87mm)	-	-																
411	402 Ohms 1% 0.05W, 1/20W Chip Resistor 0201 (0603 Metric)  Thick Film	ERJ	Digi-Reel	75	documents/ERJ-GRE_Series_Rev_Oct_2014.pdf	CRS000098	Discontinued at Digi-Key	402 Ohms	1%	0.05W, 1/20W	Thick Film	-	200ppm/C	-55C ~ 125C	0201 (0603 Metric)	0201	0.024" L x 0.012" W (0.60mm x 0.30mm)	0.010" (0.26mm)	2	-																			
480	Optical Sensor Ambient 635nm Frequency Radial - 3 Leads	-	Bulk	41	documents/TSL237_DS000156_3-00.pdf	OSA000003	Active	Ambient	635nm	No	Frequency	2.7 V ~ 5.5 V	-40C ~ 70C	Through Hole, Right Angle	Radial - 3 Leads	3 Lead Sidelooker																							
427	10 MOhms 1% 0.05W, 1/20W Chip Resistor 0201 (0603 Metric)  Thick Film	MCR	Cut Tape (CT)	75		CRS000114	Discontinued at Digi-Key	10 MOhms	1%	0.05W, 1/20W	Thick Film	-	250ppm/C	-55C ~ 125C	0201 (0603 Metric)	0201	0.024" L x 0.012" W (0.60mm x 0.30mm)	0.010" (0.26mm)	2	-																			
440	499 Ohms 1% 0.1W, 1/10W Chip Resistor 0402 (1005 Metric) Automotive AEC-Q200 Thick Film	ERJ	Digi-Reel	75	documents/AOA0000C304.pdf	CRS000127	Active	499 Ohms	1%	0.1W, 1/10W	Thick Film	Automotive AEC-Q200	100ppm/C	-55C ~ 155C	0402 (1005 Metric)	0402	0.039" L x 0.020" W (1.00mm x 0.50mm)	0.016" (0.40mm)	2	-																			
445	Charger IC Lithium-Ion 16-QFN (3x3)	-	Cut Tape (CT)	84		PBC000001	Active	Lithium-Ion	1	Constant - Programmable	Current, Timer	Over Temperature, Over Voltage, Reverse Current, Short Circuit	1.5A	4.2V	6.4V	USB	0C ~ 125C (TJ)	16-VFQFN Exposed Pad	16-QFN (3x3)	BQ24072																			
474	Diode Schottky 60V 1A Surface Mount DO-214AC (SMA)	-	Schottky	7	documents/ss12.pdf	CR000006	60V	1A	750mV @ 1A	Fast Recovery =< 500ns, > 200mA (Io)		200A @ 60V	-	Surface Mount	DO-214AC, SMA																								
492	121 kOhms 1% 0.063W, 1/16W Chip Resistor 0402 (1005 Metric) Moisture Resistant Thick Film	RC	Tape & Reel (TR)	75	documents/PYu-RC_Group_51_RoHS_L_10.pdf	CRS000137	Active	121 kOhms	1%	0.063W, 1/16W	Thick Film	Moisture Resistant	100ppm/C	-55C ~ 155C	0402 (1005 Metric)	0402	0.039" L x 0.020" W (1.00mm x 0.50mm)	0.016" (0.40mm)	2	-																			
486	1 MOhms 1% 0.1W, 1/10W Chip Resistor 0402 (1005 Metric) Automotive AEC-Q200 Thick Film	ERJ	Digi-Reel	75	documents/AOA0000C304.pdf	CRS000131	Active	1 MOhms	1%	0.1W, 1/10W	Thick Film	Automotive AEC-Q200	100ppm/C	-55C ~ 155C	0402 (1005 Metric)	0402	0.039" L x 0.020" W (1.00mm x 0.50mm)	0.016" (0.40mm)	2	-																			
578	1/2AA Lithium Thionyl Chloride 3.6V Battery Non-Rechargeable (Primary)	TL5101	Active	102	documents/TL-5101.pdf	BNR000001	Lithium Thionyl Chloride	1/2AA	3.6V	950mAh	0.57" Dia x 0.99" H (14.5mm x 25.2mm)	Button Top (Extending)	500A	9.2g	Due to restrictions, only ground shipment is allowed.																								
497	309 Ohms 1% 0.1W, 1/10W Chip Resistor 0402 (1005 Metric) Automotive AEC-Q200 Thick Film	ERJ	Cut Tape (CT)	75	documents/AOA0000C304.pdf	CRS000142	Active	309 Ohms	1%	0.1W, 1/10W	Thick Film	Automotive AEC-Q200	100ppm/C	-55C ~ 155C	0402 (1005 Metric)	0402	0.039" L x 0.020" W (1.00mm x 0.50mm)	0.016" (0.40mm)	2	-																			
500	FERRITE BEAD 1 KOHM 0805 1LN	EMIFIL, BLM21		11	documents/ENFA0005.pdf	BEAD000005	Signal Line	1	1 kOhms @ 100MHz	250mA	400 mOhm	-	-55C ~ 125C	0.041" (1.05mm)	0.079" L x 0.049" W (2.00mm x 1.25mm)	Surface Mount	0805 (2012 Metric)																						
501	SEALING & DIELECTRIC COMPOUND	AMP	Active	92		GAA000001	Sealant	-	Multi-Purpose	-	-	-	-																										
579	Linear Voltage Regulator IC Positive Fixed 1 Output  150mA 6-WSON (1.5x1.5)	-	Positive	24		LDO000004	Fixed	1	6.5V	5V	-	0.3V @ 150mA	150mA	80A	100A	70dB ~ 45dB (100Hz ~ 1MHz)	Enable	Over Current, Over Temperature, Reverse Polarity, Under Voltage Lockout (UVLO)	-40C ~ 125C	Surface Mount	6-WFDFN																		
668	7.68 kOhms 1% 0.1W, 1/10W Chip Resistor 0603 (1608 Metric) Automotive AEC-Q200 Thick Film	ERJ	Cut Tape (CT)	75	documents/AOA0000C304.pdf	CRS000222	Active	7.68 kOhms	1%	0.1W, 1/10W	Thick Film	Automotive AEC-Q200	100ppm/C	-55C ~ 155C	0603 (1608 Metric)	0603	0.063" L x 0.031" W (1.60mm x 0.80mm)	0.022" (0.55mm)	2	-																			
580	18 Bit Analog to Digital Converter 1 Input 1 SAR 20-LFCSP-VQ (4x4)	PulSAR	Tray	103	documents/AD7986.pdf	DAA000001	Active	18	2M	1	Differential	SPI, DSP	S/H-ADC	1:1	1	SAR	External, Internal	2.375V ~ 2.625V	2.375V ~ 2.625V	-	-40C ~ 85C	20-VFQFN Exposed Pad, CSP	20-LFCSP-VQ (4x4)	Surface Mount	AD7986														
607	Current Monitor Regulator High-Side  SOT-23	Automotive, AEC-Q100	Cut Tape (CT)	65	documents/ZXCT1107-10Q.pdf	PCR000002	Active	Current Monitor	High-Side	-	2.5V ~ 36V	-	-40C ~ 125C	Surface Mount	TO-236-3, SC-59, SOT-23-3	SOT-23	ZXCT1107																						
669	7.87 kOhms 1% 0.1W, 1/10W Chip Resistor 0603 (1608 Metric) Automotive AEC-Q200 Thick Film	ERJ	Cut Tape (CT)	75	documents/AOA0000C304.pdf	CRS000223	Active	7.87 kOhms	1%	0.1W, 1/10W	Thick Film	Automotive AEC-Q200	100ppm/C	-55C ~ 155C	0603 (1608 Metric)	0603	0.063" L x 0.031" W (1.60mm x 0.80mm)	0.022" (0.55mm)	2	-																			
608	Diode Schottky 20V 2A Surface Mount SMA	-	Schottky	7	documents/ds13004.pdf	CR000010	20V	2A	500mV @ 2A	Fast Recovery =< 500ns, > 200mA (Io)		500A @ 20V	200pF @ 4V, 1MHz	Surface Mount	DO-214AC, SMA																								
609	33H Semi-Shielded Wirewound Inductor 1.4A 188 mOhm Max Nonstandard	SRN6045	Wirewound	10	documents/SRN6045.pdf	IND000009	Ferrite	33H	20%	1.4A	1.5A	Semi-Shielded	188 mOhm Max	17 @ 2.52MHz	9MHz	-	-40C ~ 125C	100kHz		Surface Mount	Nonstandard																		
648	698 Ohms 1% 0.125W, 1/8W Chip Resistor 0603 (1608 Metric) Automotive AEC-Q200 Thick Film	RK73H	Cut Tape (CT)	75	documents/RK73H.pdf	CRS000202	Active	698 Ohms	1%	0.125W, 1/8W	Thick Film	Automotive AEC-Q200	100ppm/C	-55C ~ 155C	0603 (1608 Metric)	0603	0.063" L x 0.031" W (1.60mm x 0.80mm)	0.022" (0.55mm)	2	-																			
649	715 Ohms 1% 0.1W, 1/10W Chip Resistor 0603 (1608 Metric) Automotive AEC-Q200 Thick Film	CRCW	Cut Tape (CT)	75	documents/dcrcwe3.pdf	CRS000203	Active	715 Ohms	1%	0.1W, 1/10W	Thick Film	Automotive AEC-Q200	100ppm/C	-55C ~ 155C	0603 (1608 Metric)	0603	0.063" L x 0.033" W (1.60mm x 0.85mm)	0.020" (0.50mm)	2	-																			
502	Jack Modular Connector 8p8c (RJ45, Ethernet) 90 Angle (Right) Shielded, EMI Finger	RJSSE	Tray	93	documents/rjsse5380.pdf	MCJ000001	Active	Jack	8p8c (RJ45, Ethernet)	1	1	Surface Mount	90 Angle (Right)	Solder	Shielded, EMI Finger	-	Board Guide, Solder Retention	Does Not Contain LED	-	Up	Phosphor Bronze	Gold	20.0in (0.51m)	Thermoplastic	-55C ~ 85C														
581	Thermal Pad Black 63.50mm x 50.80mm Rectangular	Q-Pad 3	Active	104	documents/PDS_QP_3_12.08_E.pdf	TPS000001	Power Module	Pad, Sheet	Rectangular	63.50mm x 50.80mm	0.0050" (0.127mm)	Elastomer	-	Fiberglass	Black	0.35C/W	2.0 W/m-K																						
610	Linear Voltage Regulator IC Negative Fixed 1 Output  200mA TSOT-23-5	-	Negative	24		LDO000011	Fixed	1	-20V	-5V	-	0.49V @ 200mA	200mA			54dB (120Hz)	Enable	Over Current, Over Temperature, Reverse Polarity	-40C ~ 125C	Surface Mount	SOT-23-5 Thin, TSOT-23-5																		
611	Electronic Fuse Regulator  5A 10-VSON (3x3)	-	Cut Tape (CT)	65		PCR000003	Active	Electronic Fuse	-	15%	4.5V ~ 13.8V	5A	-40C ~ 85C (TA)	Surface Mount	10-VFDFN Exposed Pad	10-VSON (3x3)																							
631	13 Ohms 1% 0.1W, 1/10W Chip Resistor 0603 (1608 Metric) Automotive AEC-Q200 Thick Film	ERJ	Cut Tape (CT)	75	documents/AOA0000C304.pdf	CRS000185	Active	13 Ohms	1%	0.1W, 1/10W	Thick Film	Automotive AEC-Q200	100ppm/C	-55C ~ 155C	0603 (1608 Metric)	0603	0.063" L x 0.031" W (1.60mm x 0.80mm)	0.022" (0.55mm)	2	-																			
650	732 Ohms 1% 0.1W, 1/10W Chip Resistor 0603 (1608 Metric) Moisture Resistant Thick Film	RC	Cut Tape (CT)	75	documents/PYu-RC_Group_51_RoHS_L_10.pdf	CRS000204	Active	732 Ohms	1%	0.1W, 1/10W	Thick Film	Moisture Resistant	100ppm/C	-55C ~ 155C	0603 (1608 Metric)	0603	0.063" L x 0.031" W (1.60mm x 0.80mm)	0.022" (0.55mm)	2	-																			
670	8.06 kOhms 0.1% 0.063W, 1/16W Chip Resistor 0603 (1608 Metric)  Metal Film	PCF - Precision	Cut Tape (CT)	75	documents/PCF.pdf	CRS000224	Discontinued at Digi-Key	8.06 kOhms	0.1%	0.063W, 1/16W	Metal Film	-	25ppm/C	-55C ~ 125C	0603 (1608 Metric)	0603	0.063" L x 0.031" W (1.60mm x 0.80mm)	0.026" (0.65mm)	2	-																			
503	10 Position Header Connector 0.079" (2.00mm) Through Hole Gold	-	Tube	53	documents/10483.pdf	RCH000010	Active	Header	Female Socket	Board to Board	10	All	0.079" (2.00mm)	1	-	Through Hole	Solder	Push-Pull	Gold	Flash	Black	0.173" (4.40mm)	0.094" (2.40mm)	-40C ~ 105C	UL94 V-0	Gold	-	-	-	2A	-	-	Polyamide (PA6T), Nylon 6T	Square	Phosphor Bronze	Flash			
582	24MHz 30ppm Crystal 13pF 80 Ohms 4-SMD, No Lead	425	MHz Crystal	13	documents/425.pdf	XTAL000006	24MHz	50ppm	30ppm	13pF	80 Ohms	Fundamental	-20C ~ 70C	-	0.098" L x 0.079" W (2.50mm x 2.00mm)	0.026" (0.65mm)	Surface Mount	4-SMD, No Lead																					
671	8.06 kOhms 1% 0.1W, 1/10W Chip Resistor 0603 (1608 Metric) Automotive AEC-Q200 Thick Film	ERJ	Cut Tape (CT)	75	documents/AOA0000C304.pdf	CRS000225	Active	8.06 kOhms	1%	0.1W, 1/10W	Thick Film	Automotive AEC-Q200	100ppm/C	-55C ~ 155C	0603 (1608 Metric)	0603	0.063" L x 0.031" W (1.60mm x 0.80mm)	0.022" (0.55mm)	2	-																			
612	Voltage Feedback Amplifier 1 Circuit Rail-to-Rail SOT-23-6	-		17	documents/ADA4807-1_4807-2_4807-4.pdf	AMP000005	Voltage Feedback	1	Rail-to-Rail	225V/s		180MHz	1.2A	20V	950A	106mA	3V ~ 10V, 1.5V ~ 5V	-40C ~ 125C	Surface Mount	SOT-23-6																			
613	General Purpose Amplifier 2 Circuit Rail-to-Rail 8-MSOP	-		17	documents/ADA4096-2_4096-4.pdf	AMP000006	General Purpose	2	Rail-to-Rail	0.4V/s	786kHz	152kHz	3nA	35V	60A	10mA	3V ~ 30V, 1.5V ~ 15V	-40C ~ 125C	Surface Mount	8-TSSOP, 8-MSOP (0.118", 3.00mm Width)																			
674	13.3 kOhms 0.1% 0.1W, 1/10W Chip Resistor 0603 (1608 Metric)  Thin Film	RT	Cut Tape (CT)	75	documents/PYu-RT_1-to-0.01_RoHS_L_9.pdf	CRS000228	Active	13.3 kOhms	0.1%	0.1W, 1/10W	Thin Film	-	25ppm/C	-55C ~ 155C	0603 (1608 Metric)	0603	0.063" L x 0.031" W (1.60mm x 0.80mm)	0.022" (0.55mm)	2	-																			
632	17.4 Ohms 1% 0.1W, 1/10W Chip Resistor 0603 (1608 Metric) Automotive AEC-Q200 Thick Film	ERJ	Cut Tape (CT)	75	documents/AOA0000C304.pdf	CRS000186	Active	17.4 Ohms	1%	0.1W, 1/10W	Thick Film	Automotive AEC-Q200	100ppm/C	-55C ~ 155C	0603 (1608 Metric)	0603	0.063" L x 0.031" W (1.60mm x 0.80mm)	0.022" (0.55mm)	2	-																			
633	16 Ohms 1% 0.25W, 1/4W Chip Resistor 0603 (1608 Metric) Automotive AEC-Q200, Pulse Withstanding Thick Film	ERJ	Cut Tape (CT)	75	documents/AOA0000C331.pdf	CRS000187	Active	16 Ohms	1%	0.25W, 1/4W	Thick Film	Automotive AEC-Q200, Pulse Withstanding	100ppm/C	-55C ~ 155C	0603 (1608 Metric)	0603	0.063" L x 0.031" W (1.60mm x 0.80mm)	0.022" (0.55mm)	2	-																			
651	750 Ohms 0.1% 0.1W, 1/10W Chip Resistor 0603 (1608 Metric)  Thin Film	RT	Cut Tape (CT)	75	documents/PYu-RT_1-to-0.01_RoHS_L_9.pdf	CRS000205	Active	750 Ohms	0.1%	0.1W, 1/10W	Thin Film	-	25ppm/C	-55C ~ 155C	0603 (1608 Metric)	0603	0.063" L x 0.031" W (1.60mm x 0.80mm)	0.022" (0.55mm)	2	-																			
504	USB - mini B USB 2.0 Receptacle Connector 5 Position Surface Mount, Right Angle	-	Cut Tape (CT)	36		UDH000002	Active	USB - mini B	5	Receptacle	USB 2.0	Surface Mount, Right Angle	Horizontal	Solder	Solder Retention	-	-40C ~ 85C	1	1A	30VAC	5000	Shielded	Gold	Steel (SUS304)	UL94 V-0	Black													
583	Linear Voltage Regulator IC Positive Adjustable 1 Output  150mA SC-70-5	-	Positive	24		LDO000005	Adjustable	1	6.5V	0.9V	6.2V	0.3V @ 150mA	150mA	80A	100A	70dB ~ 45dB (100Hz ~ 1MHz)	Enable	Over Current, Over Temperature, Reverse Polarity, Under Voltage Lockout (UVLO)	-40C ~ 125C	Surface Mount	5-TSSOP, SC-70-5, SOT-353																		
505	820H Shielded Wirewound Inductor 637mA 1.54 Ohm Nonstandard	DRA	Wirewound	10	documents/9190a0eb-f996-4faf-a4d6-7b76f954f32d.pdf	IND000007	-	820H	20%	637mA	1.22A	Shielded	1.54 Ohm	-	-	AEC-Q200	-40C ~ 165C	100kHz		Surface Mount	Nonstandard																		
614	IC CONV/TX PREC VOLT-CURR 10-SON	-	Cut Tape (CT)	106		ISA000001	Active	Current Transmitter	Voltage	Voltage	550A	-40C ~ 85C	Surface Mount	10-VFDFN Exposed Pad	10-VSON (3x3)	XTR111																							
673	8.45 kOhms 1% 0.1W, 1/10W Chip Resistor 0603 (1608 Metric) Automotive AEC-Q200 Thick Film	ERJ	Cut Tape (CT)	75	documents/AOA0000C304.pdf	CRS000227	Active	8.45 kOhms	1%	0.1W, 1/10W	Thick Film	Automotive AEC-Q200	100ppm/C	-55C ~ 155C	0603 (1608 Metric)	0603	0.063" L x 0.031" W (1.60mm x 0.80mm)	0.022" (0.55mm)	2	-																			
634	18 Ohms 1% 0.25W, 1/4W Chip Resistor 0603 (1608 Metric) Automotive AEC-Q200, Pulse Withstanding Thick Film	ERJ	Cut Tape (CT)	75	documents/AOA0000C331.pdf	CRS000188	Active	18 Ohms	1%	0.25W, 1/4W	Thick Film	Automotive AEC-Q200, Pulse Withstanding	100ppm/C	-55C ~ 155C	0603 (1608 Metric)	0603	0.063" L x 0.031" W (1.60mm x 0.80mm)	0.022" (0.55mm)	2	-																			
652	768 Ohms 1% 0.1W, 1/10W Chip Resistor 0603 (1608 Metric) Automotive AEC-Q200 Thick Film	CRCW	Cut Tape (CT)	75	documents/dcrcwe3.pdf	CRS000206	Active	768 Ohms	1%	0.1W, 1/10W	Thick Film	Automotive AEC-Q200	100ppm/C	-55C ~ 155C	0603 (1608 Metric)	0603	0.063" L x 0.033" W (1.60mm x 0.85mm)	0.020" (0.50mm)	2	-																			
653	787 Ohms 1% 0.1W, 1/10W Chip Resistor 0603 (1608 Metric) Automotive AEC-Q200 Thick Film	CRCW	Cut Tape (CT)	75	documents/dcrcwe3.pdf	CRS000207	Active	787 Ohms	1%	0.1W, 1/10W	Thick Film	Automotive AEC-Q200	100ppm/C	-55C ~ 155C	0603 (1608 Metric)	0603	0.063" L x 0.033" W (1.60mm x 0.85mm)	0.020" (0.50mm)	2	-																			
672	8.2 kOhms 1% 0.1W, 1/10W Chip Resistor 0603 (1608 Metric) Automotive AEC-Q200 Thick Film	ERJ	Cut Tape (CT)	75	documents/AOA0000C304.pdf	CRS000226	Active	8.2 kOhms	1%	0.1W, 1/10W	Thick Film	Automotive AEC-Q200	100ppm/C	-55C ~ 155C	0603 (1608 Metric)	0603	0.063" L x 0.031" W (1.60mm x 0.80mm)	0.022" (0.55mm)	2	-																			
507	P-Channel 20V 3A (Ta) 1.4W (Ta) Surface Mount SOT-23-3L	-		15	documents/AO3413.pdf	FET000001	P-Channel	MOSFET (Metal Oxide)	20V	3A (Ta)		97 mOhm @ 3A, 4.5V	1V @ 250A	6.1nC @ 4.5V	8V	540pF @ 10V	-	1.4W (Ta)	-55C ~ 150C (TJ)	Surface Mount	TO-236-3, SC-59, SOT-23-3																		
584	Hot Swap Controller 1 Channel General Purpose 10-VSSOP	-	Cut Tape (CT)	105		PHS000001	Active	Hot Swap Controller	1	No	General Purpose	Latched Fault	Current Limit, Fault Timeout, UVLO	9V ~ 80V	-	-40C ~ 85C	1mA	Surface Mount	10-TFSOP, 10-MSOP (0.118", 3.00mm Width)	10-VSSOP	EN, PG, PROG, TIMER	TPS2490																	
615	Linear Voltage Regulator IC Positive Fixed 1 Output  150mA SC-70-5	-	Positive	24		LDO000012	Fixed	1	6.5V	2.1V	-	0.3V @ 150mA	150mA	80A	100A	70dB ~ 45dB (100Hz ~ 1MHz)	Enable	Over Current, Over Temperature, Reverse Polarity, Under Voltage Lockout (UVLO)	-40C ~ 125C	Surface Mount	5-TSSOP, SC-70-5, SOT-353																		
676	40.2 kOhms 1% 0.1W, 1/10W Chip Resistor 0603 (1608 Metric) Automotive AEC-Q200 Thick Film	ERJ	Cut Tape (CT)	75	documents/AOA0000C304.pdf	CRS000230	Active	40.2 kOhms	1%	0.1W, 1/10W	Thick Film	Automotive AEC-Q200	100ppm/C	-55C ~ 155C	0603 (1608 Metric)	0603	0.063" L x 0.031" W (1.60mm x 0.80mm)	0.022" (0.55mm)	2	-																			
635	18.7 Ohms 1% 0.1W, 1/10W Chip Resistor 0603 (1608 Metric) Automotive AEC-Q200 Thick Film	ERJ	Cut Tape (CT)	75	documents/AOA0000C304.pdf	CRS000189	Active	18.7 Ohms	1%	0.1W, 1/10W	Thick Film	Automotive AEC-Q200	100ppm/C	-55C ~ 155C	0603 (1608 Metric)	0603	0.063" L x 0.031" W (1.60mm x 0.80mm)	0.022" (0.55mm)	2	-																			
654	806 Ohms 1% 0.1W, 1/10W Chip Resistor 0603 (1608 Metric) Automotive AEC-Q200 Thick Film	CRCW	Cut Tape (CT)	75	documents/dcrcwe3.pdf	CRS000208	Active	806 Ohms	1%	0.1W, 1/10W	Thick Film	Automotive AEC-Q200	100ppm/C	-55C ~ 155C	0603 (1608 Metric)	0603	0.063" L x 0.033" W (1.60mm x 0.85mm)	0.020" (0.50mm)	2	-																			
678	42.2 kOhms 1% 0.1W, 1/10W Chip Resistor 0603 (1608 Metric) Automotive AEC-Q200 Thick Film	ERJ	Cut Tape (CT)	75	documents/AOA0000C304.pdf	CRS000232	Active	42.2 kOhms	1%	0.1W, 1/10W	Thick Film	Automotive AEC-Q200	100ppm/C	-55C ~ 155C	0603 (1608 Metric)	0603	0.063" L x 0.031" W (1.60mm x 0.80mm)	0.022" (0.55mm)	2	-																			
656	820 Ohms 0.1% 0.1W, 1/10W Chip Resistor 0603 (1608 Metric)  Thin Film	RT	Cut Tape (CT)	75	documents/PYu-RT_1-to-0.01_RoHS_L_9.pdf	CRS000210	Active	820 Ohms	0.1%	0.1W, 1/10W	Thin Film	-	25ppm/C	-55C ~ 155C	0603 (1608 Metric)	0603	0.063" L x 0.031" W (1.60mm x 0.80mm)	0.022" (0.55mm)	2	-																			
675	14 kOhms 1% 0.1W, 1/10W Chip Resistor 0402 (1005 Metric) Automotive AEC-Q200 Thick Film	ERJ	Cut Tape (CT)	75	documents/AOA0000C304.pdf	CRS000229	Active	14 kOhms	1%	0.1W, 1/10W	Thick Film	Automotive AEC-Q200	100ppm/C	-55C ~ 155C	0402 (1005 Metric)	0402	0.039" L x 0.020" W (1.00mm x 0.50mm)	0.016" (0.40mm)	2	-																			
202	48MHz XO (Standard) LVCMOS Oscillator 1.8 V ~ 3.3 V Standby (Power Down) 4-SMD, No Lead	Pure Silicon ASDMB	Cut Tape (CT)	64	documents/ASDMB.pdf	OSC000001	Active	MEMS	XO (Standard)	48MHz	Standby (Power Down)	LVCMOS	1.8 V ~ 3.3 V	50ppm	-40C ~ 85C	16mA	-	Surface Mount	4-SMD, No Lead	0.098" L x 0.079" W (2.50mm x 2.00mm)	0.035" (0.90mm)	15A																	
508	P-Channel 50V 180mA (Ta) 350mW (Ta), 1.14W (Tc) Surface Mount TO-236AB	Automotive, AEC-Q101, TrenchMOS		15	documents/BSS84AK.pdf	FET000002	P-Channel	MOSFET (Metal Oxide)	50V	180mA (Ta)		7.5 Ohm @ 100mA, 10V	2.1V @ 250A	0.35nC @ 5V	20V	36pF @ 25V	-	350mW (Ta), 1.14W (Tc)	-55C ~ 150C (TJ)	Surface Mount	TO-236-3, SC-59, SOT-23-3																		
585	Hot Swap Controller, Monitor 1 Channel General Purpose 32-QFN (5x5)	-	Tube	105		PHS000002	Active	Hot Swap Controller, Monitor	1	No	General Purpose	IC	Auto Retry, Circuit Breaker, Current Limit, Fault Timeout, Latched Fault, OVP, Slew Rate, UVLO	8.5V ~ 80V	-	-40C ~ 85C	2mA	Surface Mount	32-WFQFN Exposed Pad	32-QFN (5x5)	ADIN, /ALERT, /BD_PRST, FB, GPIO, INTVCC, ON, OV, SOURCE, TIMER, UV	LTC4260																	
586	IC FF D-TYPE SNGL 1BIT SC70-5	74LVC	Cut Tape (CT)	86		LFF000002	Active	Standard	D-Type	Non-Inverted	1	1	160MHz	4.5ns @ 5V, 50pF	Positive Edge	32mA, 32mA	1.65V ~ 5.5V	10A	4pF	-40C ~ 125C (TA)	Surface Mount	5-TSSOP, SC-70-5, SOT-353	74LVC1G79																
616	TVS DIODE 12V 23.7V SOD923	-	Zener	9		TVS000009	1		12V (Max)	13.5V	23.7V	5.9A (8/20s)	140W	No	General Purpose	30pF @ 1MHz	-55C ~ 150C (TJ)	Surface Mount	SOD-923																				
636	19.1 Ohms 1% 0.1W, 1/10W Chip Resistor 0603 (1608 Metric) Automotive AEC-Q200 Thick Film	ERJ	Cut Tape (CT)	75	documents/AOA0000C304.pdf	CRS000190	Active	19.1 Ohms	1%	0.1W, 1/10W	Thick Film	Automotive AEC-Q200	100ppm/C	-55C ~ 155C	0603 (1608 Metric)	0603	0.063" L x 0.031" W (1.60mm x 0.80mm)	0.022" (0.55mm)	2	-																			
655	820 Ohms 5% 0.1W, 1/10W Chip Resistor 0603 (1608 Metric) Automotive AEC-Q200 Thick Film	ERJ	Cut Tape (CT)	75		CRS000209	Active	820 Ohms	5%	0.1W, 1/10W	Thick Film	Automotive AEC-Q200	200ppm/C	-55C ~ 155C	0603 (1608 Metric)	0603	0.063" L x 0.031" W (1.60mm x 0.80mm)	0.022" (0.55mm)	2	-																			
677	40.2 kOhms 1% 0.1W, 1/10W Chip Resistor 0603 (1608 Metric) Automotive AEC-Q200 Thick Film	CRCW	Cut Tape (CT)	75	documents/dcrcwe3.pdf	CRS000231	Active	40.2 kOhms	1%	0.1W, 1/10W	Thick Film	Automotive AEC-Q200	100ppm/C	-55C ~ 155C	0603 (1608 Metric)	0603	0.063" L x 0.033" W (1.60mm x 0.85mm)	0.020" (0.50mm)	2	-																			
509	Boost Switching Regulator IC Positive Adjustable 2.7V 1 Output 1.2A (Switch) 8-TSSOP, 8-MSOP (0.118", 3.00mm Width)	-	Cut Tape (CT)	56	documents/ACT6390_ACT6391.pdf	PVR000006	Obsolete	Step-Up	Positive	Boost	Adjustable	1	2.7V	5.5V	2.7V	12V	1.2A (Switch)	700kHz, 1.3MHz	No	-40C ~ 85C (TA)	Surface Mount	8-TSSOP, 8-MSOP (0.118", 3.00mm Width)	8-MSOP																
510	Diode Schottky 20V 500mA Surface Mount SOD-123	-	Schottky	7		CR000007	20V	500mA	385mV @ 500mA	Fast Recovery =< 500ns, > 200mA (Io)		250A @ 20V	-	Surface Mount	SOD-123																								
587	IC FPGA 23 I/O 36UCSP	IGLOO nano	Active	96		EFF000002	260		23	10000	1.425V ~ 1.575V	Surface Mount	-20C ~ 85C (TJ)	36-WFBGA, CSPBGA	36-UCSP (3x3)	AGLN010																							
563	Linear Voltage Regulator IC Positive Fixed 1 Output 10V 1A TO-252-3	-	Positive	24	documents/baxxbc0-e.pdf	LDO000003	Fixed	1	16V	10V	-	-	1A	0.5mA	900A	-	-	Over Current, Over Temperature	-40C ~ 105C	Surface Mount	TO-252-3, DPak (2 Leads + Tab), SC-63																		
511	Humidity Temperature Sensor 0 ~ 100% RH IC 4% RH 6s Surface Mount	HumidIcon, HIH-6100	Cut Tape (CT)	66	documents/honeywell-sensing-humidicon-hih6100-series-product-sheet-009059-6-en.pdf	HMS000002	Active	Humidity, Temperature	0 ~ 100% RH	IC	14b	4% RH	6s	-	2.3 V ~ 5.5 V	Surface Mount	-25C ~ 85C	8-SOIC (0.154", 3.90mm Width)	8-SOIC																				
617	Linear Voltage Regulator IC Positive Fixed 1 Output  150mA SC-70-5	-	Positive	24		LDO000013	Fixed	1	6.5V	1.9V	-	0.3V @ 150mA	150mA	80A	100A	70dB ~ 45dB (100Hz ~ 1MHz)	Enable	Over Current, Over Temperature, Reverse Polarity, Under Voltage Lockout (UVLO)	-40C ~ 125C	Surface Mount	5-TSSOP, SC-70-5, SOT-353																		
512	60Hz ~ 15kHz Analog Microphone MEMS (Silicon) 1.5V ~ 3.3V Omnidirectional (-42dB 3dB @ 94dB SPL) Solder Pads	INMP401	Cut Tape (CT)	94	documents/INMP401.pdf	MIC000001	Not For New Designs	MEMS (Silicon)	Analog	Omnidirectional	60Hz ~ 15kHz	-42dB 3dB @ 94dB SPL	62dB	200 Ohms	1.5V ~ 3.3V	250A	Bottom	Solder Pads	0.186" L x 0.148" W (4.72mm x 3.76mm)	0.043" (1.10mm)	Rectangular																		
658	845 Ohms 0.1% 0.1W, 1/10W Chip Resistor 0603 (1608 Metric) Anti-Sulfur, Automotive AEC-Q200 Thin Film	RG	Tape & Reel (TR)	75	documents/n_catalog_partition01_en.pdf	CRS000212	Active	845 Ohms	0.1%	0.1W, 1/10W	Thin Film	Anti-Sulfur, Automotive AEC-Q200	25ppm/C	-55C ~ 155C	0603 (1608 Metric)	0603	0.063" L x 0.031" W (1.60mm x 0.80mm)	0.020" (0.50mm)	2	-																			
513	28Hz ~ 20kHz Analog Microphone MEMS (Silicon) 1.5V ~ 3.63V Omnidirectional (-46dB 2dB @ 94dB SPL) Solder Pads	INMP411	Cut Tape (CT)	94	documents/INMP411.pdf	MIC000002	Not For New Designs	MEMS (Silicon)	Analog	Omnidirectional	28Hz ~ 20kHz	-46dB 2dB @ 94dB SPL	62dB	200 Ohms	1.5V ~ 3.63V	250A	Bottom	Solder Pads	0.186" L x 0.148" W (4.72mm x 3.76mm)	0.043" (1.10mm)	Rectangular																		
618	JFET P-Channel 40V  225mW Surface Mount SOT-23-3	-	Cut Tape (CT)	107	documents/MMBF5462-D.pdf	TJF000001	Active	P-Channel	40V	2mA @ 15V	1V @ 1A	7pF @ 15V	225mW	-55C ~ 150C (TJ)	Surface Mount	TO-236-3, SC-59, SOT-23-3	SOT-23-3	MBF5461																					
515	IC FPGA 68 I/O 100VQFP	IGLOO nano	Discontinued at Digi-Key	96		EFF000001	6144	36864	68	250000	1.425 V ~ 1.575 V	Surface Mount	-20C ~ 85C (TJ)	100-TQFP	100-VQFP (14x14)	AGLN250																							
637	22 Ohms 1% 0.1W, 1/10W Chip Resistor 0603 (1608 Metric) Automotive AEC-Q200 Thick Film	ERJ	Cut Tape (CT)	75	documents/AOA0000C304.pdf	CRS000191	Active	22 Ohms	1%	0.1W, 1/10W	Thick Film	Automotive AEC-Q200	100ppm/C	-55C ~ 155C	0603 (1608 Metric)	0603	0.063" L x 0.031" W (1.60mm x 0.80mm)	0.022" (0.55mm)	2	-																			
679	44.2 kOhms 1% 0.1W, 1/10W Chip Resistor 0603 (1608 Metric) Automotive AEC-Q200 Thick Film	ERJ	Cut Tape (CT)	75	documents/AOA0000C304.pdf	CRS000233	Active	44.2 kOhms	1%	0.1W, 1/10W	Thick Film	Automotive AEC-Q200	100ppm/C	-55C ~ 155C	0603 (1608 Metric)	0603	0.063" L x 0.031" W (1.60mm x 0.80mm)	0.022" (0.55mm)	2	-																			
657	820 Ohms 1% 0.1W, 1/10W Chip Resistor 0603 (1608 Metric) Automotive AEC-Q200 Thick Film	CRCW	Cut Tape (CT)	75	documents/dcrcwe3.pdf	CRS000211	Active	820 Ohms	1%	0.1W, 1/10W	Thick Film	Automotive AEC-Q200	100ppm/C	-55C ~ 155C	0603 (1608 Metric)	0603	0.063" L x 0.033" W (1.60mm x 0.85mm)	0.020" (0.50mm)	2	-																			
514	Photodiode 950nm 100ns 120 0805 (2012 Metric)	-	Cut Tape (CT)	95	documents/temd7100.pdf	OSP000001	Active	950nm	-	750nm ~ 1050nm	PIN	-	100ns	60V	1nA	0.23mm	120	-40C ~ 100C	Surface Mount	0805 (2012 Metric)																			
588	Ground Reference (Virtual) Voltage Reference IC 20V 1% 20mA 8-SOIC	-	Cut Tape (CT)	83		PVR000004	Active	Ground Reference (Virtual)	Adjustable	2V	20mA	1%	35ppm/C Typical	-	120Vrms	4V ~ 40V	400A	0C ~ 70C (TA)	Surface Mount	8-SOIC (0.154", 3.90mm Width)	8-SOIC	TLE2426																	
516	Sensor Motion, Pyroelectric, PIR (Passive Infrared)	ZMOTION	Obsolete	97	documents/ZMOTION20Detection20Lens2020Pyro20Sensor20Guide.pdf	MSO000001	Motion, Pyroelectric, PIR (Passive Infrared)	-	Digital	2.7 V ~ 3.6 V	Internal	-	-	-	-																								
517	NAND Gate IC 1 Channel  SC-70-5	74AUC	Cut Tape (CT)	89		LGA000004	Active	NAND Gate	1	2	-	0.8 V ~ 2.7 V	10A	9mA, 9mA	0 V ~ 0.7 V	1.7V	2ns @ 2.5V, 30pF	-40C ~ 85C	Surface Mount	SC-70-5	5-TSSOP, SC-70-5, SOT-353	74AUC1G00																	
589	RF Detector IC Cellular, CDMA, CDMA2000, EDGE, GSM, GPRS, TDMA, W-CDMA 450MHz ~ 2GHz -30dBm ~ 0dBm 1dB 4-WFBGA	-	Cut Tape (CT)	87		RDE000002	Not For New Designs	450MHz ~ 2GHz	Cellular, CDMA, CDMA2000, EDGE, GSM, GPRS, TDMA, W-CDMA	-30dBm ~ 0dBm	1dB	2.7V ~ 5V	8mA	4-WFBGA	4-DSBGA (1x1)																								
521	470 Ohms 1% 0.063W, 1/16W Chip Resistor 0402 (1005 Metric) Automotive AEC-Q200 Thick Film	CRCW	Cut Tape (CT)	75	documents/dcrcwe3.pdf	CRS000146	Active	470 Ohms	1%	0.063W, 1/16W	Thick Film	Automotive AEC-Q200	100ppm/C	-55C ~ 155C	0402 (1005 Metric)	0402	0.039" L x 0.020" W (1.00mm x 0.50mm)	0.016" (0.40mm)	2	-																			
619	Linear Voltage Regulator IC Positive Fixed 1 Output  150mA SC-70-5	-	Positive	24		LDO000014	Fixed	1	6.5V	1.2V	-	0.3V @ 150mA	150mA	80A	100A	70dB ~ 45dB (100Hz ~ 1MHz)	Enable	Over Current, Over Temperature, Reverse Polarity, Under Voltage Lockout (UVLO)	-40C ~ 125C	Surface Mount	5-TSSOP, SC-70-5, SOT-353																		
659	1.33 kOhms 0.1% 0.063W, 1/16W Chip Resistor 0603 (1608 Metric)  Metal Film	PCF - Precision	Cut Tape (CT)	75	documents/PCF.pdf	CRS000213	Discontinued at Digi-Key	1.33 kOhms	0.1%	0.063W, 1/16W	Metal Film	-	25ppm/C	-55C ~ 125C	0603 (1608 Metric)	0603	0.063" L x 0.031" W (1.60mm x 0.80mm)	0.026" (0.65mm)	2	-																			
620	Polymeric PTC Resettable Fuse 60V 50mA Ih Surface Mount 1206 (3216 Metric), Concave	0ZCJ	Polymeric	12	documents/0ZCJ20Nov2016.pdf	FUSE000004	60V	10A	50mA	150mA	1.5s	3.6 Ohms	50 Ohms		-40C ~ 85C	-	0.128" L x 0.065" W (3.25mm x 1.65mm)	-	0.033" (0.85mm)	Surface Mount	1206 (3216 Metric), Concave																		
623	Diode Super Barrier 60V 500mA Surface Mount SOD-123	SBR	Super Barrier	7	documents/SBR0560S1.pdf	CR000011	60V	500mA	500mV @ 500mA	Fast Recovery =< 500ns, > 200mA (Io)		100A @ 60V	-	Surface Mount	SOD-123																								
621	N-Channel 60V 115mA (Ta) 370mW (Ta) Surface Mount SOT-23-3	-		15	documents/ds11303.pdf	FET000006	N-Channel	MOSFET (Metal Oxide)	60V	115mA (Ta)		7.5 Ohm @ 50mA, 5V	2.5V @ 250A		20V	50pF @ 25V	-	370mW (Ta)	-55C ~ 150C (TJ)	Surface Mount	TO-236-3, SC-59, SOT-23-3																		
518	316 Ohms 1% 0.1W, 1/10W Chip Resistor 0402 (1005 Metric) Automotive AEC-Q200 Thick Film	ERJ	Cut Tape (CT)	75	documents/AOA0000C304.pdf	CRS000143	Active	316 Ohms	1%	0.1W, 1/10W	Thick Film	Automotive AEC-Q200	100ppm/C	-55C ~ 155C	0402 (1005 Metric)	0402	0.039" L x 0.020" W (1.00mm x 0.50mm)	0.016" (0.40mm)	2	-																			
519	324 Ohms 1% 0.1W, 1/10W Chip Resistor 0402 (1005 Metric) Automotive AEC-Q200 Thick Film	ERJ	Cut Tape (CT)	75	documents/AOA0000C304.pdf	CRS000144	Active	324 Ohms	1%	0.1W, 1/10W	Thick Film	Automotive AEC-Q200	100ppm/C	-55C ~ 155C	0402 (1005 Metric)	0402	0.039" L x 0.020" W (1.00mm x 0.50mm)	0.016" (0.40mm)	2	-																			
639	24 Ohms 1% 0.1W, 1/10W Chip Resistor 0603 (1608 Metric) Automotive AEC-Q200 Thick Film	ERJ	Cut Tape (CT)	75	documents/AOA0000C304.pdf	CRS000193	Active	24 Ohms	1%	0.1W, 1/10W	Thick Film	Automotive AEC-Q200	100ppm/C	-55C ~ 155C	0603 (1608 Metric)	0603	0.063" L x 0.031" W (1.60mm x 0.80mm)	0.022" (0.55mm)	2	-																			
638	22.6 Ohms 1% 0.1W, 1/10W Chip Resistor 0603 (1608 Metric) Automotive AEC-Q200 Thick Film	ERJ	Cut Tape (CT)	75	documents/AOA0000C304.pdf	CRS000192	Active	22.6 Ohms	1%	0.1W, 1/10W	Thick Film	Automotive AEC-Q200	100ppm/C	-55C ~ 155C	0603 (1608 Metric)	0603	0.063" L x 0.031" W (1.60mm x 0.80mm)	0.022" (0.55mm)	2	-																			
522	475 Ohms 1% 0.063W, 1/16W Chip Resistor 0402 (1005 Metric) Automotive AEC-Q200 Thick Film	CRCW	Cut Tape (CT)	75	documents/dcrcwe3.pdf	CRS000147	Active	475 Ohms	1%	0.063W, 1/16W	Thick Film	Automotive AEC-Q200	100ppm/C	-55C ~ 155C	0402 (1005 Metric)	0402	0.039" L x 0.020" W (1.00mm x 0.50mm)	0.016" (0.40mm)	2	-																			
520	330 Ohms 1% 0.1W, 1/10W Chip Resistor 0402 (1005 Metric) Automotive AEC-Q200 Thick Film	ERJ	Cut Tape (CT)	75	documents/AOA0000C304.pdf	CRS000145	Active	330 Ohms	1%	0.1W, 1/10W	Thick Film	Automotive AEC-Q200	100ppm/C	-55C ~ 155C	0402 (1005 Metric)	0402	0.039" L x 0.020" W (1.00mm x 0.50mm)	0.016" (0.40mm)	2	-																			
523	487 Ohms 1% 0.1W, 1/10W Chip Resistor 0402 (1005 Metric) Automotive AEC-Q200 Thick Film	ERJ	Cut Tape (CT)	75	documents/AOA0000C304.pdf	CRS000148	Active	487 Ohms	1%	0.1W, 1/10W	Thick Film	Automotive AEC-Q200	100ppm/C	-55C ~ 155C	0402 (1005 Metric)	0402	0.039" L x 0.020" W (1.00mm x 0.50mm)	0.016" (0.40mm)	2	-																			
680	BATTERY INSULATOR COIN CELL 1 =	111	Active	109	documents/product-pdf.cfm	ACC000001	Insulator	Coin Cell Batteries																															
524	499 Ohms 1% 0.063W, 1/16W Chip Resistor 0402 (1005 Metric) Automotive AEC-Q200 Thick Film	CRCW	Cut Tape (CT)	75	documents/dcrcwe3.pdf	CRS000149	Active	499 Ohms	1%	0.063W, 1/16W	Thick Film	Automotive AEC-Q200	100ppm/C	-55C ~ 155C	0402 (1005 Metric)	0402	0.039" L x 0.020" W (1.00mm x 0.50mm)	0.016" (0.40mm)	2	-																			
525	18 Ohms 1% 0.1W, 1/10W Chip Resistor 0402 (1005 Metric) Automotive AEC-Q200 Thick Film	ERJ	Cut Tape (CT)	75	documents/AOA0000C304.pdf	CRS000150	Active	18 Ohms	1%	0.1W, 1/10W	Thick Film	Automotive AEC-Q200	100ppm/C	-55C ~ 155C	0402 (1005 Metric)	0402	0.039" L x 0.020" W (1.00mm x 0.50mm)	0.016" (0.40mm)	2	-																			
526	19.1 Ohms 1% 0.1W, 1/10W Chip Resistor 0402 (1005 Metric) Automotive AEC-Q200 Thick Film	ERJ	Cut Tape (CT)	75	documents/AOA0000C304.pdf	CRS000151	Active	19.1 Ohms	1%	0.1W, 1/10W	Thick Film	Automotive AEC-Q200	100ppm/C	-55C ~ 155C	0402 (1005 Metric)	0402	0.039" L x 0.020" W (1.00mm x 0.50mm)	0.016" (0.40mm)	2	-																			
527	20 Ohms 1% 0.1W, 1/10W Chip Resistor 0402 (1005 Metric) Automotive AEC-Q200 Thick Film	ERJ	Cut Tape (CT)	75	documents/AOA0000C304.pdf	CRS000152	Active	20 Ohms	1%	0.1W, 1/10W	Thick Film	Automotive AEC-Q200	100ppm/C	-55C ~ 155C	0402 (1005 Metric)	0402	0.039" L x 0.020" W (1.00mm x 0.50mm)	0.016" (0.40mm)	2	-																			
528	22 Ohms 1% 0.063W, 1/16W Chip Resistor 0402 (1005 Metric) Automotive AEC-Q200 Thick Film	CRCW	Cut Tape (CT)	75	documents/dcrcwe3.pdf	CRS000153	Active	22 Ohms	1%	0.063W, 1/16W	Thick Film	Automotive AEC-Q200	100ppm/C	-55C ~ 155C	0402 (1005 Metric)	0402	0.039" L x 0.020" W (1.00mm x 0.50mm)	0.016" (0.40mm)	2	-																			
529	22 Ohms 1% 0.1W, 1/10W Chip Resistor 0402 (1005 Metric) Automotive AEC-Q200 Thick Film	ERJ	Cut Tape (CT)	75	documents/AOA0000C304.pdf	CRS000154	Active	22 Ohms	1%	0.1W, 1/10W	Thick Film	Automotive AEC-Q200	100ppm/C	-55C ~ 155C	0402 (1005 Metric)	0402	0.039" L x 0.020" W (1.00mm x 0.50mm)	0.016" (0.40mm)	2	-																			
530	15 kOhms 1% 0.1W, 1/10W Chip Resistor 0402 (1005 Metric) Automotive AEC-Q200 Thick Film	ERJ	Cut Tape (CT)	75	documents/AOA0000C304.pdf	CRS000155	Active	15 kOhms	1%	0.1W, 1/10W	Thick Film	Automotive AEC-Q200	100ppm/C	-55C ~ 155C	0402 (1005 Metric)	0402	0.039" L x 0.020" W (1.00mm x 0.50mm)	0.016" (0.40mm)	2	-																			
536	20.5 kOhms 1% 0.1W, 1/10W Chip Resistor 0402 (1005 Metric) Automotive AEC-Q200 Thick Film	ERJ	Cut Tape (CT)	75	documents/AOA0000C304.pdf	CRS000161	Active	20.5 kOhms	1%	0.1W, 1/10W	Thick Film	Automotive AEC-Q200	100ppm/C	-55C ~ 155C	0402 (1005 Metric)	0402	0.039" L x 0.020" W (1.00mm x 0.50mm)	0.016" (0.40mm)	2	-																			
534	19.6 kOhms 1% 0.1W, 1/10W Chip Resistor 0402 (1005 Metric) Automotive AEC-Q200 Thick Film	ERJ	Cut Tape (CT)	75	documents/AOA0000C304.pdf	CRS000159	Active	19.6 kOhms	1%	0.1W, 1/10W	Thick Film	Automotive AEC-Q200	100ppm/C	-55C ~ 155C	0402 (1005 Metric)	0402	0.039" L x 0.020" W (1.00mm x 0.50mm)	0.016" (0.40mm)	2	-																			
531	16 kOhms 1% 0.1W, 1/10W Chip Resistor 0402 (1005 Metric) Automotive AEC-Q200 Thick Film	ERJ	Cut Tape (CT)	75	documents/AOA0000C304.pdf	CRS000156	Active	16 kOhms	1%	0.1W, 1/10W	Thick Film	Automotive AEC-Q200	100ppm/C	-55C ~ 155C	0402 (1005 Metric)	0402	0.039" L x 0.020" W (1.00mm x 0.50mm)	0.016" (0.40mm)	2	-																			
532	16.5 kOhms 1% 0.1W, 1/10W Chip Resistor 0402 (1005 Metric) Automotive AEC-Q200 Thick Film	ERJ	Cut Tape (CT)	75	documents/AOA0000C304.pdf	CRS000157	Active	16.5 kOhms	1%	0.1W, 1/10W	Thick Film	Automotive AEC-Q200	100ppm/C	-55C ~ 155C	0402 (1005 Metric)	0402	0.039" L x 0.020" W (1.00mm x 0.50mm)	0.016" (0.40mm)	2	-																			
535	20 kOhms 1% 0.1W, 1/10W Chip Resistor 0402 (1005 Metric) Automotive AEC-Q200 Thick Film	ERJ	Cut Tape (CT)	75	documents/AOA0000C304.pdf	CRS000160	Active	20 kOhms	1%	0.1W, 1/10W	Thick Film	Automotive AEC-Q200	100ppm/C	-55C ~ 155C	0402 (1005 Metric)	0402	0.039" L x 0.020" W (1.00mm x 0.50mm)	0.016" (0.40mm)	2	-																			
533	18 kOhms 1% 0.1W, 1/10W Chip Resistor 0402 (1005 Metric) Automotive AEC-Q200 Thick Film	ERJ	Cut Tape (CT)	75	documents/AOA0000C304.pdf	CRS000158	Active	18 kOhms	1%	0.1W, 1/10W	Thick Film	Automotive AEC-Q200	100ppm/C	-55C ~ 155C	0402 (1005 Metric)	0402	0.039" L x 0.020" W (1.00mm x 0.50mm)	0.016" (0.40mm)	2	-																			
540	26.1 kOhms 1% 0.1W, 1/10W Chip Resistor 0402 (1005 Metric) Automotive AEC-Q200 Thick Film	ERJ	Cut Tape (CT)	75	documents/AOA0000C304.pdf	CRS000165	Active	26.1 kOhms	1%	0.1W, 1/10W	Thick Film	Automotive AEC-Q200	100ppm/C	-55C ~ 155C	0402 (1005 Metric)	0402	0.039" L x 0.020" W (1.00mm x 0.50mm)	0.016" (0.40mm)	2	-																			
538	21.5 kOhms 1% 0.1W, 1/10W Chip Resistor 0402 (1005 Metric) Automotive AEC-Q200 Thick Film	ERJ	Cut Tape (CT)	75	documents/AOA0000C304.pdf	CRS000163	Active	21.5 kOhms	1%	0.1W, 1/10W	Thick Film	Automotive AEC-Q200	100ppm/C	-55C ~ 155C	0402 (1005 Metric)	0402	0.039" L x 0.020" W (1.00mm x 0.50mm)	0.016" (0.40mm)	2	-																			
537	21 kOhms 1% 0.1W, 1/10W Chip Resistor 0402 (1005 Metric) Automotive AEC-Q200 Thick Film	ERJ	Cut Tape (CT)	75	documents/AOA0000C304.pdf	CRS000162	Active	21 kOhms	1%	0.1W, 1/10W	Thick Film	Automotive AEC-Q200	100ppm/C	-55C ~ 155C	0402 (1005 Metric)	0402	0.039" L x 0.020" W (1.00mm x 0.50mm)	0.016" (0.40mm)	2	-																			
539	22 kOhms 1% 0.1W, 1/10W Chip Resistor 0402 (1005 Metric) Automotive AEC-Q200 Thick Film	ERJ	Cut Tape (CT)	75	documents/AOA0000C304.pdf	CRS000164	Active	22 kOhms	1%	0.1W, 1/10W	Thick Film	Automotive AEC-Q200	100ppm/C	-55C ~ 155C	0402 (1005 Metric)	0402	0.039" L x 0.020" W (1.00mm x 0.50mm)	0.016" (0.40mm)	2	-																			
541	27 kOhms 1% 0.1W, 1/10W Chip Resistor 0402 (1005 Metric) Automotive AEC-Q200 Thick Film	ERJ	Cut Tape (CT)	75	documents/AOA0000C304.pdf	CRS000166	Active	27 kOhms	1%	0.1W, 1/10W	Thick Film	Automotive AEC-Q200	100ppm/C	-55C ~ 155C	0402 (1005 Metric)	0402	0.039" L x 0.020" W (1.00mm x 0.50mm)	0.016" (0.40mm)	2	-																			
542	28 kOhms 1% 0.1W, 1/10W Chip Resistor 0402 (1005 Metric) Automotive AEC-Q200 Thick Film	ERJ	Cut Tape (CT)	75	documents/AOA0000C304.pdf	CRS000167	Active	28 kOhms	1%	0.1W, 1/10W	Thick Film	Automotive AEC-Q200	100ppm/C	-55C ~ 155C	0402 (1005 Metric)	0402	0.039" L x 0.020" W (1.00mm x 0.50mm)	0.016" (0.40mm)	2	-																			
590	Linear Voltage Regulator IC Positive Fixed 1 Output  150mA SOT-23-5	-	Positive	24		LDO000006	Fixed	1	16V	5V	-	0.58V @ 150mA	150mA	95A	2.5mA	45dB (1kHz)	Enable	Over Current, Over Temperature, Short Circuit	-40C ~ 125C	Surface Mount	SC-74A, SOT-753																		
591	Linear Voltage Regulator IC Positive Adjustable 1 Output  800mA 12-WSON (4x4)	-	Positive	24		LDO000007	Adjustable	1	20V	1.2V	19.8V	0.42V @ 800mA	800mA	1.4mA	2.2mA	60dB (1kHz)	Enable	Over Current, Over Temperature, Short Circuit	-40C ~ 125C	Surface Mount	12-WFDFN Exposed Pad																		
543	30 kOhms 1% 0.1W, 1/10W Chip Resistor 0402 (1005 Metric) Automotive AEC-Q200 Thick Film	ERJ	Cut Tape (CT)	75	documents/AOA0000C304.pdf	CRS000168	Active	30 kOhms	1%	0.1W, 1/10W	Thick Film	Automotive AEC-Q200	100ppm/C	-55C ~ 155C	0402 (1005 Metric)	0402	0.039" L x 0.020" W (1.00mm x 0.50mm)	0.016" (0.40mm)	2	-																			
660	1.65 kOhms 1% 0.1W, 1/10W Chip Resistor 0603 (1608 Metric) Automotive AEC-Q200 Thick Film	ERJ	Cut Tape (CT)	75	documents/AOA0000C304.pdf	CRS000214	Active	1.65 kOhms	1%	0.1W, 1/10W	Thick Film	Automotive AEC-Q200	100ppm/C	-55C ~ 155C	0603 (1608 Metric)	0603	0.063" L x 0.031" W (1.60mm x 0.80mm)	0.022" (0.55mm)	2	-																			
592	Linear Voltage Regulator IC Positive Adjustable 1 Output  20mA TSOT-23-5	-	Positive	24		LDO000008	Adjustable	1	80V	1.22V	60V	0.57V @ 20mA	20mA	20A	1mA	70dB (120Hz)	-	Over Current, Over Temperature, Reverse Polarity	-40C ~ 125C	Surface Mount	SOT-23-5 Thin, TSOT-23-5																		
544	30.9 kOhms 1% 0.1W, 1/10W Chip Resistor 0402 (1005 Metric) Automotive AEC-Q200 Thick Film	ERJ	Cut Tape (CT)	75	documents/AOA0000C304.pdf	CRS000169	Active	30.9 kOhms	1%	0.1W, 1/10W	Thick Film	Automotive AEC-Q200	100ppm/C	-55C ~ 155C	0402 (1005 Metric)	0402	0.039" L x 0.020" W (1.00mm x 0.50mm)	0.016" (0.40mm)	2	-																			
622	10 kOhms 0.1W, 1/10W J Lead Surface Mount Trimmer Potentiometer Cermet 1 Turn Top Adjustment	Trimpot TC33 - Open Frame	Cut Tape (CT)	108	documents/TC33.pdf	TPO000001	Active	10 kOhms	0.1W, 1/10W	25%	250ppm/C	1.000000	Top Adjustment	Cermet	Surface Mount	J Lead	Rectangular - 0.150" x 0.142" Face x 0.047" H (3.80mm x 3.60mm x 1.20mm)																						
545	33 kOhms 1% 0.1W, 1/10W Chip Resistor 0402 (1005 Metric) Automotive AEC-Q200 Thick Film	ERJ	Cut Tape (CT)	75	documents/AOA0000C304.pdf	CRS000170	Active	33 kOhms	1%	0.1W, 1/10W	Thick Film	Automotive AEC-Q200	100ppm/C	-55C ~ 155C	0402 (1005 Metric)	0402	0.039" L x 0.020" W (1.00mm x 0.50mm)	0.016" (0.40mm)	2	-																			
546	34 kOhms 1% 0.1W, 1/10W Chip Resistor 0402 (1005 Metric) Automotive AEC-Q200 Thick Film	ERJ	Cut Tape (CT)	75	documents/AOA0000C304.pdf	CRS000171	Active	34 kOhms	1%	0.1W, 1/10W	Thick Film	Automotive AEC-Q200	100ppm/C	-55C ~ 155C	0402 (1005 Metric)	0402	0.039" L x 0.020" W (1.00mm x 0.50mm)	0.016" (0.40mm)	2	-																			
624	Diode Schottky 20V 500mA Surface Mount SOD-882	-	Schottky	7	documents/get_document.php	CR000012	20V	500mA	220mV @ 10mA	Fast Recovery =< 500ns, > 200mA (Io)		8A @ 10V	30pF @ 1V, 1MHz	Surface Mount	SOD-882																								
547	36 kOhms 1% 0.1W, 1/10W Chip Resistor 0402 (1005 Metric) Automotive AEC-Q200 Thick Film	ERJ	Cut Tape (CT)	75	documents/AOA0000C304.pdf	CRS000172	Active	36 kOhms	1%	0.1W, 1/10W	Thick Film	Automotive AEC-Q200	100ppm/C	-55C ~ 155C	0402 (1005 Metric)	0402	0.039" L x 0.020" W (1.00mm x 0.50mm)	0.016" (0.40mm)	2	-																			
625	Linear Voltage Regulator IC Positive Fixed 1 Output  150mA SC-70-5	-	Positive	24		LDO000015	Fixed	1	6.5V	1.8V	-	0.3V @ 150mA	150mA	80A	100A	70dB ~ 45dB (100Hz ~ 1MHz)	Enable	Over Current, Over Temperature, Reverse Polarity, Under Voltage Lockout (UVLO)	-40C ~ 125C	Surface Mount	5-TSSOP, SC-70-5, SOT-353																		
640	26.1 Ohms 1% 0.1W, 1/10W Chip Resistor 0603 (1608 Metric) Automotive AEC-Q200 Thick Film	ERJ	Cut Tape (CT)	75	documents/AOA0000C304.pdf	CRS000194	Active	26.1 Ohms	1%	0.1W, 1/10W	Thick Film	Automotive AEC-Q200	100ppm/C	-55C ~ 155C	0603 (1608 Metric)	0603	0.063" L x 0.031" W (1.60mm x 0.80mm)	0.022" (0.55mm)	2	-																			
549	39 kOhms 1% 0.1W, 1/10W Chip Resistor 0402 (1005 Metric) Automotive AEC-Q200 Thick Film	ERJ	Cut Tape (CT)	75	documents/AOA0000C304.pdf	CRS000174	Active	39 kOhms	1%	0.1W, 1/10W	Thick Film	Automotive AEC-Q200	100ppm/C	-55C ~ 155C	0402 (1005 Metric)	0402	0.039" L x 0.020" W (1.00mm x 0.50mm)	0.016" (0.40mm)	2	-																			
548	38.3 kOhms 1% 0.1W, 1/10W Chip Resistor 0402 (1005 Metric) Automotive AEC-Q200 Thick Film	ERJ	Cut Tape (CT)	75	documents/AOA0000C304.pdf	CRS000173	Active	38.3 kOhms	1%	0.1W, 1/10W	Thick Film	Automotive AEC-Q200	100ppm/C	-55C ~ 155C	0402 (1005 Metric)	0402	0.039" L x 0.020" W (1.00mm x 0.50mm)	0.016" (0.40mm)	2	-																			
593	Voltage Feedback Amplifier 2 Circuit Rail-to-Rail 8-MSOP	-		17	documents/ADA4841-1_4841-2.pdf	AMP000004	Voltage Feedback	2	Rail-to-Rail	13V/s		80MHz	3A	40V	1.2mA	60mA	2.7V ~ 12V, 1.35V ~ 6V	-40C ~ 125C	Surface Mount	8-TSSOP, 8-MSOP (0.118", 3.00mm Width)																			
550	40.2 kOhms 1% 0.1W, 1/10W Chip Resistor 0402 (1005 Metric) Automotive AEC-Q200 Thick Film	ERJ	Cut Tape (CT)	75	documents/AOA0000C304.pdf	CRS000175	Active	40.2 kOhms	1%	0.1W, 1/10W	Thick Film	Automotive AEC-Q200	100ppm/C	-55C ~ 155C	0402 (1005 Metric)	0402	0.039" L x 0.020" W (1.00mm x 0.50mm)	0.016" (0.40mm)	2	-																			
661	1.69 kOhms 1% 0.1W, 1/10W Chip Resistor 0603 (1608 Metric) Automotive AEC-Q200 Thick Film	CRCW	Cut Tape (CT)	75	documents/dcrcwe3.pdf	CRS000215	Active	1.69 kOhms	1%	0.1W, 1/10W	Thick Film	Automotive AEC-Q200	100ppm/C	-55C ~ 155C	0603 (1608 Metric)	0603	0.063" L x 0.033" W (1.60mm x 0.85mm)	0.020" (0.50mm)	2	-																			
551	41.2 kOhms 1% 0.1W, 1/10W Chip Resistor 0402 (1005 Metric) Automotive AEC-Q200 Thick Film	ERJ	Cut Tape (CT)	75	documents/AOA0000C304.pdf	CRS000176	Active	41.2 kOhms	1%	0.1W, 1/10W	Thick Film	Automotive AEC-Q200	100ppm/C	-55C ~ 155C	0402 (1005 Metric)	0402	0.039" L x 0.020" W (1.00mm x 0.50mm)	0.016" (0.40mm)	2	-																			
552	42.2 kOhms 1% 0.1W, 1/10W Chip Resistor 0402 (1005 Metric) Automotive AEC-Q200 Thick Film	ERJ	Cut Tape (CT)	75	documents/AOA0000C304.pdf	CRS000177	Active	42.2 kOhms	1%	0.1W, 1/10W	Thick Film	Automotive AEC-Q200	100ppm/C	-55C ~ 155C	0402 (1005 Metric)	0402	0.039" L x 0.020" W (1.00mm x 0.50mm)	0.016" (0.40mm)	2	-																			
626	Linear Voltage Regulator IC Positive Fixed 1 Output  150mA SC-70-5	-	Positive	24		LDO000016	Fixed	1	6.5V	1.5V	-	0.3V @ 150mA	150mA	80A	100A	70dB ~ 45dB (100Hz ~ 1MHz)	Enable	Over Current, Over Temperature, Reverse Polarity, Under Voltage Lockout (UVLO)	-40C ~ 125C	Surface Mount	5-TSSOP, SC-70-5, SOT-353																		
553	43 kOhms 1% 0.1W, 1/10W Chip Resistor 0402 (1005 Metric) Automotive AEC-Q200 Thick Film	ERJ	Cut Tape (CT)	75	documents/AOA0000C304.pdf	CRS000178	Active	43 kOhms	1%	0.1W, 1/10W	Thick Film	Automotive AEC-Q200	100ppm/C	-55C ~ 155C	0402 (1005 Metric)	0402	0.039" L x 0.020" W (1.00mm x 0.50mm)	0.016" (0.40mm)	2	-																			
627	TVS DIODE 12V 25V SOD923	-	Zener	9	documents/D12V0M1U2S9.pdf	TVS000010	1		12V (Max)	13V	25V	4A (8/20s)	100W	No	General Purpose	20pF @ 1MHz	-65C ~ 150C (TJ)	Surface Mount	SOD-923																				
628	Linear Voltage Regulator IC Positive Fixed 1 Output  150mA SC-70-5	-	Positive	24		LDO000017	Fixed	1	6.5V	3.3V	-	0.3V @ 150mA	150mA	80A	100A	70dB ~ 45dB (100Hz ~ 1MHz)	Enable	Over Current, Over Temperature, Reverse Polarity, Under Voltage Lockout (UVLO)	-40C ~ 125C	Surface Mount	5-TSSOP, SC-70-5, SOT-353																		
662	2.32 kOhms 0.1% 0.1W, 1/10W Chip Resistor 0603 (1608 Metric)  Thin Film	RT	Cut Tape (CT)	75	documents/PYu-RT_1-to-0.01_RoHS_L_9.pdf	CRS000216	Active	2.32 kOhms	0.1%	0.1W, 1/10W	Thin Film	-	25ppm/C	-55C ~ 155C	0603 (1608 Metric)	0603	0.063" L x 0.031" W (1.60mm x 0.80mm)	0.022" (0.55mm)	2	-																			
641	28 Ohms 1% 0.1W, 1/10W Chip Resistor 0603 (1608 Metric) Automotive AEC-Q200 Thick Film	ERJ	Cut Tape (CT)	75	documents/AOA0000C304.pdf	CRS000195	Active	28 Ohms	1%	0.1W, 1/10W	Thick Film	Automotive AEC-Q200	100ppm/C	-55C ~ 155C	0603 (1608 Metric)	0603	0.063" L x 0.031" W (1.60mm x 0.80mm)	0.022" (0.55mm)	2	-																			
554	44.2 kOhms 1% 0.1W, 1/10W Chip Resistor 0402 (1005 Metric) Automotive AEC-Q200 Thick Film	ERJ	Cut Tape (CT)	75	documents/AOA0000C304.pdf	CRS000179	Active	44.2 kOhms	1%	0.1W, 1/10W	Thick Film	Automotive AEC-Q200	100ppm/C	-55C ~ 155C	0402 (1005 Metric)	0402	0.039" L x 0.020" W (1.00mm x 0.50mm)	0.016" (0.40mm)	2	-																			
595	Linear Voltage Regulator IC Positive Fixed 1 Output  150mA SOT-23-5	-	Positive	24		LDO000009	Fixed	1	16V	2.5V	-	0.58V @ 150mA	150mA	95A	2.5mA	45dB (1kHz)	Enable	Over Current, Over Temperature, Short Circuit	-40C ~ 125C	Surface Mount	SC-74A, SOT-753																		
555	47 kOhms 1% 0.1W, 1/10W Chip Resistor 0402 (1005 Metric) Automotive AEC-Q200 Thick Film	ERJ	Cut Tape (CT)	75	documents/AOA0000C304.pdf	CRS000180	Active	47 kOhms	1%	0.1W, 1/10W	Thick Film	Automotive AEC-Q200	100ppm/C	-55C ~ 155C	0402 (1005 Metric)	0402	0.039" L x 0.020" W (1.00mm x 0.50mm)	0.016" (0.40mm)	2	-																			
629	Bipolar (BJT) Transistor NPN 45V 200mA 700MHz 225mW Surface Mount SOT-23-3 (TO-236)	-		14		BJT000007	NPN	200mA	45V	600mV @ 5mA, 100mA	100nA	500 @ 100A, 5V	225mW	700MHz	-55C ~ 150C (TJ)	Surface Mount	TO-236-3, SC-59, SOT-23-3																						
556	49.9 kOhms 1% 0.063W, 1/16W Chip Resistor 0402 (1005 Metric) Automotive AEC-Q200 Thick Film	CRCW	Cut Tape (CT)	75	documents/dcrcwe3.pdf	CRS000181	Active	49.9 kOhms	1%	0.063W, 1/16W	Thick Film	Automotive AEC-Q200	100ppm/C	-55C ~ 155C	0402 (1005 Metric)	0402	0.039" L x 0.020" W (1.00mm x 0.50mm)	0.016" (0.40mm)	2	-																			
663	2.67 kOhms 0.1% 0.1W, 1/10W Chip Resistor 0603 (1608 Metric) Anti-Sulfur, Automotive AEC-Q200 Thin Film	RG	Cut Tape (CT)	75	documents/RG_RM_RGH_Oct2012.pdf	CRS000217	Active	2.67 kOhms	0.1%	0.1W, 1/10W	Thin Film	Anti-Sulfur, Automotive AEC-Q200	25ppm/C	-55C ~ 155C	0603 (1608 Metric)	0603	0.063" L x 0.031" W (1.60mm x 0.80mm)	0.020" (0.50mm)	2	-																			
557	23.2 Ohms 1% 0.05W, 1/20W Chip Resistor 0201 (0603 Metric) Automotive AEC-Q200 Thick Film	RK73H	Tape & Reel (TR)	75	documents/RK73H.pdf	CRS000182	Active	23.2 Ohms	1%	0.05W, 1/20W	Thick Film	Automotive AEC-Q200	200ppm/C	-55C ~ 155C	0201 (0603 Metric)	0201	0.024" L x 0.012" W (0.60mm x 0.30mm)	0.010" (0.26mm)	2	-																			
630	Diode Schottky 30V 70mA (DC) Surface Mount SOD-923	-	Schottky	7		CR000013	30V	70mA (DC)	350mV @ 1mA	Small Signal =< 200mA (Io), Any Speed		500nA @ 30V	2.5pF @ 1V, 1MHz	Surface Mount	SOD-923																								
558	24.9 Ohms 1% 0.063W, 1/16W Chip Resistor 0402 (1005 Metric) Automotive AEC-Q200 Thick Film	CRCW	Cut Tape (CT)	75	documents/dcrcwe3.pdf	CRS000183	Active	24.9 Ohms	1%	0.063W, 1/16W	Thick Film	Automotive AEC-Q200	100ppm/C	-55C ~ 155C	0402 (1005 Metric)	0402	0.039" L x 0.020" W (1.00mm x 0.50mm)	0.016" (0.40mm)	2	-																			
559	56 kOhms 1% 0.1W, 1/10W Chip Resistor 0402 (1005 Metric) Automotive AEC-Q200 Thick Film	RK73H	Cut Tape (CT)	75	documents/RK73H.pdf	CRS000184	Active	56 kOhms	1%	0.1W, 1/10W	Thick Film	Automotive AEC-Q200	100ppm/C	-55C ~ 155C	0402 (1005 Metric)	0402	0.039" L x 0.020" W (1.00mm x 0.50mm)	0.016" (0.40mm)	2	-																			
642	68 Ohms 1% 0.1W, 1/10W Chip Resistor 0603 (1608 Metric) Automotive AEC-Q200 Thick Film	ERJ	Cut Tape (CT)	75	documents/AOA0000C304.pdf	CRS000196	Active	68 Ohms	1%	0.1W, 1/10W	Thick Film	Automotive AEC-Q200	100ppm/C	-55C ~ 155C	0603 (1608 Metric)	0603	0.063" L x 0.031" W (1.60mm x 0.80mm)	0.022" (0.55mm)	2	-																			
643	36 Ohms 1% 0.5W, 1/2W Chip Resistor 0805 (2012 Metric) Automotive AEC-Q200, Pulse Withstanding Thick Film	ERJ	Tape & Reel (TR)	75	documents/RDO0000C337.pdf	CRS000197	Active	36 Ohms	1%	0.5W, 1/2W	Thick Film	Automotive AEC-Q200, Pulse Withstanding	200ppm/C	-55C ~ 155C	0805 (2012 Metric)	0805	0.079" L x 0.049" W (2.00mm x 1.25mm)	0.030" (0.75mm)	2	-																			
560	32MHz 15ppm Crystal 8pF 50 Ohms 4-SMD, No Lead	CX2520DB, Kyocera	MHz Crystal	13	documents/cx2520db_e.pdf	XTAL000003	32MHz	15ppm	15ppm	8pF	50 Ohms	Fundamental	-10C ~ 70C	-	0.098" L x 0.079" W (2.50mm x 2.00mm)	0.022" (0.55mm)	Surface Mount	4-SMD, No Lead																					
561	8/8 Transceiver Full Gigabit Ethernet 48-QFN (7x7)	-	Tray	34		IDR000004	Active	Transceiver	Gigabit Ethernet	8/8	Full		-	3.135V ~ 3.465V	0C ~ 70C	Surface Mount	48-VFQFN Exposed Pad	48-QFN (7x7)	KSZ9021																				
596	Linear Voltage Regulator IC Negative Adjustable 1 Output  200mA TSOT-23-5	-	Negative	24		LDO000010	Adjustable	1	-20V	-1.22V	-20V	0.49V @ 200mA	200mA			54dB (120Hz)	Enable	Over Current, Over Temperature, Reverse Polarity	-40C ~ 125C	Surface Mount	SOT-23-5 Thin, TSOT-23-5																		
562	General Purpose Amplifier 1 Circuit  SC-70-5	-		17	documents/MIC921_2006.pdf	AMP000003	General Purpose	1	-	3200V/s	45MHz	61MHz	130nA	400V	360A		2.5 V ~ 9 V	-40C ~ 85C	Surface Mount	5-TSSOP, SC-70-5, SOT-353																			
666	7.32 kOhms 1% 0.1W, 1/10W Chip Resistor 0603 (1608 Metric) Automotive AEC-Q200 Thick Film	ERJ	Cut Tape (CT)	75	documents/AOA0000C304.pdf	CRS000220	Active	7.32 kOhms	1%	0.1W, 1/10W	Thick Film	Automotive AEC-Q200	100ppm/C	-55C ~ 155C	0603 (1608 Metric)	0603	0.063" L x 0.031" W (1.60mm x 0.80mm)	0.022" (0.55mm)	2	-																			
564	P-Channel 60V 1.9A (Ta) 1.8W (Ta) Surface Mount PG-SOT223-4	SIPMOS		15	documents/Infineon-BSP170P-DS-v02_53-en.pdf	FET000003	P-Channel	MOSFET (Metal Oxide)	60V	1.9A (Ta)		300 mOhm @ 1.9A, 10V	4V @ 250A	14nC @ 10V	20V	410pF @ 25V	-	1.8W (Ta)	-55C ~ 150C (TJ)	Surface Mount	TO-261-4, TO-261AA																		
644	332 Ohms 1% 0.1W, 1/10W Chip Resistor 0603 (1608 Metric) Automotive AEC-Q200 Thick Film	ERJ	Cut Tape (CT)	75	documents/AOA0000C304.pdf	CRS000198	Active	332 Ohms	1%	0.1W, 1/10W	Thick Film	Automotive AEC-Q200	100ppm/C	-55C ~ 155C	0603 (1608 Metric)	0603	0.063" L x 0.031" W (1.60mm x 0.80mm)	0.022" (0.55mm)	2	-																			
664	3 kOhms 1% 0.1W, 1/10W Chip Resistor 0603 (1608 Metric) Automotive AEC-Q200 Thick Film	ERJ	Cut Tape (CT)	75	documents/AOA0000C304.pdf	CRS000218	Active	3 kOhms	1%	0.1W, 1/10W	Thick Film	Automotive AEC-Q200	100ppm/C	-55C ~ 155C	0603 (1608 Metric)	0603	0.063" L x 0.031" W (1.60mm x 0.80mm)	0.022" (0.55mm)	2	-																			
665	7.15 kOhms 1% 0.1W, 1/10W Chip Resistor 0603 (1608 Metric) Automotive AEC-Q200 Thick Film	ERJ	Cut Tape (CT)	75	documents/AOA0000C304.pdf	CRS000219	Active	7.15 kOhms	1%	0.1W, 1/10W	Thick Film	Automotive AEC-Q200	100ppm/C	-55C ~ 155C	0603 (1608 Metric)	0603	0.063" L x 0.031" W (1.60mm x 0.80mm)	0.022" (0.55mm)	2	-																			
\.


--
-- Data for Name: mrp_system_partamount; Type: TABLE DATA; Schema: public; Owner: mrp
--

COPY public.mrp_system_partamount (id, part_id, product_id, amount) FROM stdin;
24	94	5	1
26	90	5	1
28	96	5	2
37	257	6	2
38	279	6	1
39	174	6	3
40	263	7	1
41	208	7	0
42	257	7	1
43	279	7	2
44	227	7	1
45	279	8	2
\.


--
-- Data for Name: mrp_system_product; Type: TABLE DATA; Schema: public; Owner: mrp
--

COPY public.mrp_system_product (id, description, url, engimusing_product_number) FROM stdin;
5	EFM Processor with Display RS232x2		
8	sub test product		test1
6	Test product 1	http://www.mouser.com	tst1234
7	Test product 2	http://www.engimusing.com	tst567
\.


--
-- Data for Name: mrp_system_productamount; Type: TABLE DATA; Schema: public; Owner: mrp
--

COPY public.mrp_system_productamount (id, amount, from_product_id, to_product_id) FROM stdin;
1	2	7	6
3	2	6	8
4	2	7	8
\.


--
-- Data for Name: mrp_system_productlocation; Type: TABLE DATA; Schema: public; Owner: mrp
--

COPY public.mrp_system_productlocation (id, stock, location_id, product_id) FROM stdin;
\.


--
-- Data for Name: mrp_system_purchaseorder; Type: TABLE DATA; Schema: public; Owner: mrp
--

COPY public.mrp_system_purchaseorder (id, number, vendor_id) FROM stdin;
1	PO2019-01-31_01	129
\.


--
-- Data for Name: mrp_system_purchaseorderparts; Type: TABLE DATA; Schema: public; Owner: mrp
--

COPY public.mrp_system_purchaseorderparts (id, unit_price, quantity, part_id, purchase_order_id, item_number, total) FROM stdin;
1	5.50	4	94	1	1	22.00
2	7.25	4	90	1	2	29.00
3	3.32	8	96	1	3	26.56
4	1.28	1	133	1	4	1.28
\.


--
-- Data for Name: mrp_system_type; Type: TABLE DATA; Schema: public; Owner: mrp
--

COPY public.mrp_system_type (id, name, prefix) FROM stdin;
56	PMIC - Voltage Regulators - DC DC Switching Regulators	PVR
7	Diodes - Rectifiers - Single	CR
8	Diodes - Rectifiers - Array	CR
11	Ferrite Beads and Chips	BEAD
12	PTC Resettable Fuses	FUSE
13	Crystals	XTAL
14	Transistors - Bipolar (BJT) - Single	BJT
15	Transistors - FETs, MOSFETs - Single	FET
17	Linear - Amplifiers - Instrumentation, OP Amps, Buffer Amps	AMP
57	Data Acquisition - Digital Potentiometers	DAD
58	RF Transceiver Modules	RTM
59	Interface - I/O Expanders	IIO
60	Motion Sensors - Tilt Switches	MST
61	Optical Sensors - Reflective - Logic Output	OSR
62	Motion Sensors - Gyroscopes	MSG
63	Motion Sensors - IMUs (Inertial Measurement Units)	MSI
24	PMIC - Voltage Regulators - Linear	LDO
64	Oscillators	OSC
30	Embedded - Microcontrollers	MPU
16	LED Indication - Discrete	LED
65	PMIC - Current Regulation/Management	PCR
26	Color Sensors	CSE
27	Solid State Relays	SSR
28	Terminal Blocks - Wire to Board	TBWB
66	Humidity, Moisture Sensors	HMS
33	Tactile Switches	TSW
34	Interface - Drivers, Receivers, Transceivers	IDR
35	Interface - Controllers	ICO
10	Fixed Inductors	IND
22	Toggle Switches	SWTG
20	Pushbutton Switches	SWPB
9	TVS - Diodes	TVS
36	USB, DVI, HDMI Connectors	UDH
37	Temperature Sensors - Analog and Digital Output	TSA
38	Rectangular Connectors - Headers, Male Pins	RCH
39	PMIC - Motor Drivers, Controllers	PMD
40	Current Sensors	CSE
41	Optical Sensors - Ambient Light, IR, UV Sensors	OSA
42	Motion Sensors - Accelerometers	MSA
43	Rotary Potentiometers, Rheostats	RPR
44	Magnetic, Reed Switches	MRS
45	Alarms, Buzzers, and Sirens	ABA
46	Infrared, UV, Visible Emitters	IUV
47	Transistors - FETs, MOSFETs - Arrays	TFM
48	Diodes - Bridge Rectifiers	DBR
49	Optical Sensors - Reflective - Analog Output	OSR
50	Memory	MEM
51	Magnetic Sensors - Linear, Compass (ICs)	MSL
52	Pressure Sensors, Transducers	PST
53	Rectangular Connectors - Headers, Receptacles, Female Sockets	RCH
54	Rectangular Connectors - Arrays, Edge Type, Mezzanine (Board to Board)	RCA
55	Memory Connectors - PC Card Sockets	MCP
67	Rectangular Connectors - Housings	RCH
68	Rectangular Connectors - Adapters	RCA
69	Barrel - Power Connectors	BPC
70	PMIC - LED Drivers	PLD
71	LED Lighting - White	LLW
72	Rectangular Connectors - Contacts	RCC
73	Ceramic Capacitors	CCA
74	FFC, FPC (Flat Flexible) Connectors	FFF
75	Chip Resistor - Surface Mount	CRS
76	Diodes - Rectifiers - Arrays	DRA
85	PMIC - Battery Management	PBM
79	Transistors - FETs, MOSFETs - RF	TFM
80	Capacitor Networks, Arrays	CNA
81	Logic - Translators, Level Shifters	LTL
82	Interface - Analog Switches, Multiplexers, Demultiplexers	IAS
83	PMIC - Voltage Reference	PVR
84	PMIC - Battery Chargers	PBC
86	Logic - Flip Flops	LFF
87	RF Detectors	RDE
88	EMI/RFI Filters (LC, RC Networks)	ERF
89	Logic - Gates and Inverters	LGA
90	Magnetic Sensors - Switches (Solid State)	MSS
91	Test Points	TPO
92	Glue, Adhesives, Applicators	GAA
93	Modular Connectors - Jacks	MCJ
94	Microphones	MIC
95	Optical Sensors - Photodiodes	OSP
96	Embedded - FPGAs (Field Programmable Gate Array)	EFF
97	Motion Sensors - Optical	MSO
98	Clock/Timing - Clock Generators, PLLs, Frequency Synthesizers	CTC
99	Pulse Transformers	PTR
100	PMIC - Supervisors	PSU
101	Diodes - Zener - Single	DZS
102	Batteries Non-Rechargeable (Primary)	BNR
103	Data Acquisition - Analog to Digital Converters (ADC)	DAA
104	Thermal - Pads, Sheets	TPS
105	PMIC - Hot Swap Controllers	PHS
106	Interface - Sensor and Detector Interfaces	ISA
107	Transistors - JFETs	TJF
108	Trimmer Potentiometers	TPO
109	Accessories	ACC
\.


--
-- Data for Name: mrp_system_vendor; Type: TABLE DATA; Schema: public; Owner: mrp
--

COPY public.mrp_system_vendor (id, name, address, phone, vendor_type, web_address) FROM stdin;
116	Hirose Electric Co Ltd			manufacturer	
117	KEMET			manufacturer	
118	Microchip Technology			manufacturer	
120	Nexperia USA Inc.			manufacturer	
122	Lite-On Inc.			manufacturer	
125	ON Semiconductor			manufacturer	
127	Panasonic Electric Works			manufacturer	
129	Analog Devices Inc.			manufacturer	
131	Texas Instruments			manufacturer	
133	RAFI USA			manufacturer	
135	Everlight Electronics Co Ltd			manufacturer	
137	IXYS Integrated Circuits Division			manufacturer	
139	On Shore Technology Inc.			manufacturer	
140	Toshiba Semiconductor and Storage			manufacturer	
142	Molex, LLC			manufacturer	
145	Vishay Beyschlag			manufacturer	
115	Yageo			manufacturer	
114	Walsin Technology Corporation			manufacturer	
113	Vishay Thin Film			manufacturer	
112	Vishay Sfernice			manufacturer	
111	Vishay Foil Resistors (Division of Vishay Precision Group)			manufacturer	
110	Vishay Electro-Films			manufacturer	
109	TE Connectivity Passive Product			manufacturer	
108	Stackpole Electronics Inc.			manufacturer	
107	Zilog			manufacturer	
105	Xilinx Inc			manufacturer	
104	Wurth Electronics Inc.			manufacturer	
103	WIMA			manufacturer	
102	Vishay Dale			manufacturer	
101	TXC Corporation			manufacturer	
100	Toshiba Semiconductor			manufacturer	
99	TI			manufacturer	
98	TE Connectivity AMP Connectors			manufacturer	
97	TDK Corporation			manufacturer	
96	Taiyo Yuden			manufacturer	
95	Tadiran			manufacturer	
94	Susumu			manufacturer	
93	Sullins Connector Solutions			manufacturer	
92	ST Microelectronics			manufacturer	
91	Silicon Labs			manufacturer	
90	Sharp Microelectronics			manufacturer	
89	Semtech Corporation			manufacturer	
88	Samtec Inc			manufacturer	
87	Samsung Electro-Mechanics			manufacturer	
86	Rohm Semiconductor			manufacturer	
85	Pulse			manufacturer	
84	Preci-Dip			manufacturer	
83	Phoenix Contact			manufacturer	
82	Parallax Inc			manufacturer	
81	Panasonic Electronic Components			manufacturer	
80	On Shore Technology			manufacturer	
79	On Semiconductor			manufacturer	
78	NXP Semiconductors			manufacturer	
77	NKK Switches			manufacturer	
76	Nichicon			manufacturer	
75	NDK			manufacturer	
74	Murata Electronics North America			manufacturer	
73	MPD			manufacturer	
72	Molex			manufacturer	
71	MILL-MAX			manufacturer	
70	Microsemi			manufacturer	
69	Microchip			manufacturer	
68	Micro Commercial			manufacturer	
67	Micrel			manufacturer	
66	MG Chemicals			manufacturer	
65	Melexis Technologies			manufacturer	
64	Meal Well USA inc			manufacturer	
63	Maxim			manufacturer	
62	Lumex			manufacturer	
60	Littlefuse Inc			manufacturer	
59	Lite-On Inc			manufacturer	
58	Linear Technology			manufacturer	
57	Linear Systems			manufacturer	
56	Laird-Signal Integrity			manufacturer	
55	KOA Speer			manufacturer	
54	Keystone Electronics			manufacturer	
53	Kemet			manufacturer	
51	Judco Manufacturing			manufacturer	
50	Johanson Technology Inc.			manufacturer	
49	IXYS Integrated Circuits			manufacturer	
48	IQD			manufacturer	
47	InvenSense			manufacturer	
46	International Rectifier			manufacturer	
45	Infineon			manufacturer	
44	Honeywell			manufacturer	
42	Harwin Inc			manufacturer	
41	Hammond			manufacturer	
40	FTDI			manufacturer	
39	Freescale			manufacturer	
38	Fairchild			manufacturer	
37	Everlight Electronics			manufacturer	
36	ETE			manufacturer	
35	Eaton			manufacturer	
34	Eagle Plastic Devices			manufacturer	
33	E-Switch			manufacturer	
32	Diodes Incorporated			manufacturer	
30	CTS Resistor Products			manufacturer	
28	Coto Technology			manufacturer	
27	Cooper Bussmann			manufacturer	
26	Connor-Winfield			manufacturer	
25	Coiltronics/Eaton			manufacturer	
24	Citizen			manufacturer	
23	Cinch Connectivity			manufacturer	
22	Central Semiconductor			manufacturer	
21	Carling			manufacturer	
20	C&K Components			manufacturer	
19	Bourns Inc.			manufacturer	
18	Bomor			manufacturer	
17	Berquist			manufacturer	
16	Bel Fuse Inc			manufacturer	
15	AVX Corporation			manufacturer	
14	Avago Technologies			manufacturer	
13	Atmel			manufacturer	
12	Amphenol			manufacturer	
11	Alpha & Omega Semi			manufacturer	
10	AI-THINKER			manufacturer	
9	Adesto Technologies			manufacturer	
7	Active Semi			manufacturer	
6	4UCON			manufacturer	
8	ADA Fruit			manufacturer	
4	AMS-TAOS			manufacturer	
2	Abracon LLC			manufacturer	
119	Laird-Signal Integrity Products			manufacturer	
121	STMicroelectronics			manufacturer	
123	Kyocera International Inc. Electronic Components			manufacturer	
124	Littelfuse Inc.			manufacturer	
126	ams			manufacturer	
128	Lumex Opto/Components Inc.			manufacturer	
130	FTDI, Future Technology Devices International Ltd			manufacturer	
132	Allegro MicroSystems, LLC			manufacturer	
134	CUI Inc.			manufacturer	
136	NXP USA Inc.			manufacturer	
138	Linear Technology/Analog Devices			manufacturer	
141	Honeywell Sensing and Productivity Solutions			manufacturer	
143	Cree Inc.			manufacturer	
144	Judco Manufacturing Inc.			manufacturer	
146	Infineon Technologies			manufacturer	
147	nj	jk jkn	fty	distributor	yt
148	Knowles			manufacturer	
149	Vishay Vitramon			manufacturer	
150	TXC CORPORATION			manufacturer	
151	NDK America, Inc.			manufacturer	
152	Eaton - Electronics Division			manufacturer	
153	Honeywell Aerospace			manufacturer	
154	TDK InvenSense			manufacturer	
155	Vishay Semiconductor Diodes Division			manufacturer	
156	CTS-Frequency Controls			manufacturer	
157	Broadcom Limited			manufacturer	
158	Melexis Technologies NV			manufacturer	
159	Harwin Inc.			manufacturer	
160	TE Connectivity Raychem Cable Protection			manufacturer	
161	Amphenol ICC (Commercial Products)			manufacturer	
162	Alpha & Omega Semiconductor Inc.			manufacturer	
163	Active-Semi International Inc.			manufacturer	
164	Vishay Semiconductor Opto Division			manufacturer	
165	Microsemi Corporation			manufacturer	
166	KOA Speer Electronics, Inc.			manufacturer	
167	Bel Fuse Inc.			manufacturer	
168	ECS Inc.			manufacturer	
169	Tadiran Batteries			manufacturer	
170	Bergquist			manufacturer	
171	Xilinx Inc.			manufacturer	
172	Central Semiconductor Corp			manufacturer	
173	TT Electronics/Welwyn			manufacturer	
\.


--
-- Data for Name: timepiece_entry; Type: TABLE DATA; Schema: public; Owner: mrp
--

COPY public.timepiece_entry (id, start_time, end_time, activities, date_updated, hours, project_id, user_id, "end") FROM stdin;
621	2018-12-05 14:30:00-07	2018-12-05 15:30:00-07	Reprogramming Torque controller boards.	2018-12-06 09:35:42.908103-07	1.00000	38	3	\N
342	2018-11-08 07:15:00-07	2018-11-08 08:30:00-07	Prepare for first manual mapping	2018-11-08 11:04:15.841689-07	1.25000	3	5	08:30:00
346	2018-11-08 11:45:28-07	2018-11-08 12:34:00-07	edit project create view	2018-11-08 12:34:51.659408-07	0.80889	31	4	12:34:00
347	2018-11-08 12:30:00-07	2018-11-08 13:00:00-07	Bad standoffs	2018-11-08 13:22:55.003716-07	0.50000	81	5	13:00:00
629	2018-12-06 12:00:00-07	2018-12-06 13:30:00-07	banking	2018-12-06 16:13:03.242498-07	1.50000	40	7	13:30:00
1428	2019-03-20 12:45:00-06	2019-03-20 13:30:00-06	BP1073 evaluation	2019-03-20 13:33:32.672471-06	0.75000	87	5	13:30:00
355	2018-11-09 08:30:00-07	2018-11-09 13:45:00-07	Element Inventory	2018-11-09 13:46:55.983558-07	5.25000	81	5	13:45:00
350	2018-11-08 14:10:00-07	2018-11-08 16:15:00-07	assembly	2018-11-08 16:13:45.65323-07	2.08333	29	7	16:15:00
349	2018-11-08 13:30:00-07	2018-11-08 17:15:00-07	Automate interim process	2018-11-08 17:09:47.702197-07	3.75000	3	5	17:15:00
351	2018-11-08 14:38:39-07	2018-11-08 17:50:14-07	work on project edit view	2018-11-08 17:52:19.801315-07	3.19306	31	4	\N
2	2018-10-01 08:45:00-06	2018-10-01 14:20:30-06	delete extra stuff	2018-10-03 12:39:04.309539-06	5.59167	31	4	\N
3	2018-10-02 12:00:12-06	2018-10-02 13:30:40-06	researching code	2018-10-03 12:40:00.103569-06	1.50778	32	4	\N
4	2018-09-29 12:40:07-06	2018-09-29 15:14:21-06	test	2018-10-03 12:40:34.258261-06	2.57056	32	4	\N
352	2018-11-07 18:45:00-07	2018-11-07 21:30:00-07	copy sweep files	2018-11-09 06:02:28.017856-07	2.75000	3	5	21:30:00
353	2018-11-08 17:45:00-07	2018-11-08 21:30:00-07	Copy sweep files to nose	2018-11-09 06:03:31.259641-07	3.75000	3	5	21:30:00
356	2018-11-09 09:27:26-07	2018-11-09 13:50:00-07	assembly	2018-11-09 13:51:09.724249-07	4.37611	29	7	13:50:00
358	2018-11-09 13:45:00-07	2018-11-09 15:45:00-07	Legacy spreadsheet for verification	2018-11-09 15:40:07.817631-07	2.00000	3	5	15:45:00
359	2018-11-10 08:00:00-07	2018-11-10 09:00:00-07	Shelf carrier holders	2018-11-10 10:27:15.598819-07	1.00000	1	5	09:00:00
360	2018-11-10 10:30:00-07	2018-11-10 14:00:00-07	organizing	2018-11-10 15:35:44.800355-07	3.50000	28	7	14:00:00
361	2018-11-10 14:00:00-07	2018-11-10 16:00:00-07	Shelf carrier holders	2018-11-10 17:02:35.701443-07	2.00000	1	5	16:00:00
362	2018-11-11 07:00:00-07	2018-11-11 08:30:00-07	Looking into compiler error. Build script	2018-11-11 09:36:06.186228-07	1.50000	36	6	08:30:00
357	2018-11-09 10:38:31-07	2018-11-09 15:00:00-07	changing todo list and improving time app	2018-11-11 21:29:48.74667-07	4.35806	31	4	\N
635	2018-12-07 06:55:00-07	2018-12-07 09:30:00-07	Installing cable boards on aluminum plates.	2018-12-07 10:15:59.397472-07	2.58333	1	3	\N
364	2018-11-12 07:30:00-07	2018-11-12 08:00:00-07	Status meeting	2018-11-12 08:01:45.632418-07	0.50000	21	5	08:00:00
366	2018-11-12 10:00:00-07	2018-11-12 10:15:00-07	BP1059	2018-11-12 10:14:24.340175-07	0.25000	41	5	10:15:00
367	2018-11-12 10:15:00-07	2018-11-12 10:30:00-07	Legacy spreadsheet for verification	2018-11-12 10:33:32.963174-07	0.25000	3	5	10:30:00
368	2018-11-12 10:30:00-07	2018-11-12 10:45:00-07	Status meeting	2018-11-12 10:34:44.582213-07	0.25000	34	5	10:45:00
369	2018-11-12 08:00:00-07	2018-11-12 11:40:00-07	assembly	2018-11-12 11:41:55.594771-07	3.66667	29	7	11:40:00
637	2018-12-07 10:16:20-07	2018-12-07 15:34:19-07	Installing cable boards on aluminum plates.	2018-12-07 15:34:23.807899-07	5.29972	1	3	\N
371	2018-11-12 12:30:00-07	2018-11-12 12:45:00-07	banking	2018-11-12 12:37:18.466951-07	0.25000	40	7	12:45:00
363	2018-11-12 07:00:00-07	2018-11-12 14:20:00-07	Inspection/board building	2018-11-12 14:19:58.347956-07	7.33333	1	8	14:20:00
641	2018-12-08 12:00:00-07	2018-12-08 13:00:00-07	errands	2018-12-08 14:18:54.033802-07	1.00000	40	7	13:00:00
372	2018-11-12 12:00:00-07	2018-11-12 15:00:00-07	Verification of maps	2018-11-12 14:47:13.653392-07	3.00000	81	5	14:45:00
375	2018-11-12 15:00:00-07	2018-11-12 16:15:00-07	Thames upgrade	2018-11-12 16:21:03.904381-07	1.25000	77	5	16:15:00
374	2018-11-12 15:25:28-07	2018-11-12 17:55:00-07	making improvements to clockin	2018-11-12 20:58:16.627504-07	2.49222	31	4	\N
644	2018-12-10 06:50:00-07	2018-12-10 15:00:00-07	Drilling Aluminum plates.	2018-12-11 06:59:51.242131-07	8.16667	1	3	\N
377	2018-11-12 20:15:00-07	2018-11-12 22:00:00-07	changing end time	2018-11-12 21:59:20.392485-07	1.75000	31	4	\N
651	2018-12-11 08:30:00-07	2018-12-11 11:00:00-07	BP1060 & BP1061	2018-12-11 10:58:16.784957-07	2.50000	41	5	11:00:00
392	2018-11-14 06:55:15-07	2018-11-14 17:03:50-07	Testing, Repairing boards.	2018-11-19 12:07:25.114555-07	10.14306	2	3	\N
376	2018-11-12 16:15:00-07	2018-11-12 22:45:00-07	Data capture with Chris	2018-11-13 07:54:47.200749-07	6.50000	34	5	\N
379	2018-11-13 07:30:00-07	2018-11-13 07:45:00-07	Status	2018-11-13 07:56:14.340262-07	0.25000	34	5	\N
381	2018-11-13 07:45:00-07	2018-11-13 08:15:00-07	Cable issues	2018-11-13 10:23:05.475306-07	0.50000	80	5	\N
382	2018-11-13 08:15:00-07	2018-11-13 10:15:00-07	Remap BP1069	2018-11-13 10:26:06.253421-07	2.00000	81	5	\N
378	2018-11-13 06:00:00-07	2018-11-13 11:15:00-07	Inspection/board building	2018-11-13 12:16:23.171052-07	5.25000	1	8	\N
655	2018-12-11 14:30:00-07	2018-12-11 16:15:00-07	Capacitance bug fix	2018-12-11 16:13:53.456918-07	1.75000	2	5	16:15:00
660	2018-12-12 09:15:00-07	2018-12-12 10:00:00-07	CDs BP1062 ,BP1064	2018-12-12 10:06:55.706103-07	0.75000	41	5	10:00:00
387	2018-11-13 12:30:00-07	2018-11-13 13:30:00-07	Remap BP1070	2018-11-13 13:29:28.170651-07	1.00000	81	5	\N
664	2018-12-12 12:45:00-07	2018-12-12 16:15:00-07	Sorting swap data	2018-12-12 16:25:27.11831-07	3.50000	2	5	16:15:00
383	2018-11-13 12:15:00-07	2018-11-13 14:30:00-07	Inspection/board building	2018-11-13 14:28:15.159643-07	2.25000	1	8	\N
386	2018-11-13 12:30:00-07	2018-11-13 14:30:00-07	assembly, banking	2018-11-13 14:33:48.115135-07	2.00000	29	7	\N
389	2018-11-13 13:30:00-07	2018-11-13 15:00:00-07	System design	2018-11-13 14:59:48.230822-07	1.50000	34	5	\N
390	2018-11-13 15:00:00-07	2018-11-13 16:00:00-07	Trusted Download	2018-11-13 15:52:31.314751-07	1.00000	22	5	\N
388	2018-11-13 13:54:31-07	2018-11-13 19:00:00-07	creating time check for redirects	2018-11-13 20:17:30.389645-07	5.09139	33	4	\N
391	2018-11-13 19:00:00-07	2018-11-13 20:00:00-07	Cut wood	2018-11-13 20:55:38.983205-07	1.00000	1	5	\N
669	2018-12-13 08:15:00-07	2018-12-13 09:30:00-07	Comment resolution	2018-12-13 09:32:36.133383-07	1.25000	88	5	09:30:00
394	2018-11-14 07:30:00-07	2018-11-14 07:45:00-07	Status meeting	2018-11-14 08:50:08.285453-07	0.25000	21	5	\N
395	2018-11-14 07:45:00-07	2018-11-14 09:00:00-07	BP1055	2018-11-14 08:54:20.718204-07	1.25000	41	5	\N
393	2018-11-14 08:16:34-07	2018-11-14 10:03:00-07	assembly	2018-11-14 10:03:59.043425-07	1.77389	29	7	\N
398	2018-11-14 09:45:00-07	2018-11-14 11:00:00-07	Excel Map File	2018-11-14 10:55:39.918547-07	1.25000	3	5	\N
676	2018-12-13 08:45:00-07	2018-12-13 09:45:00-07	assembly	2018-12-13 13:39:06.188889-07	1.00000	29	7	09:45:00
396	2018-11-14 09:32:00-07	2018-11-14 10:50:44-07	researching printers	2018-11-14 11:02:19.419324-07	1.31222	22	4	\N
399	2018-11-14 10:50:45-07	2018-11-14 12:39:31-07	working on model for parts	2018-11-14 12:39:33.497513-07	1.81278	32	4	\N
674	2018-12-13 13:30:00-07	2018-12-13 14:15:00-07	Duplicate test files	2018-12-13 14:21:11.498904-07	0.75000	3	5	14:15:00
400	2018-11-14 13:00:00-07	2018-11-14 14:35:00-07	banking, paper work	2018-11-14 14:35:58.913303-07	1.58333	40	7	\N
680	2018-12-14 06:15:00-07	2018-12-14 08:00:00-07	GUI map array	2018-12-14 08:25:45.894631-07	1.75000	3	5	08:00:00
679	2018-12-13 17:30:00-07	2018-12-13 20:30:00-07	Assemble boards	2018-12-13 20:27:01.231811-07	3.00000	1	8	20:30:00
685	2018-12-14 09:10:00-07	2018-12-14 11:00:00-07	assembly	2018-12-14 11:01:08.887789-07	1.83333	29	7	11:00:00
693	2018-12-15 11:14:55-07	2018-12-15 11:44:00-07	assembly	2018-12-15 11:44:23.700566-07	0.48472	40	7	11:44:00
690	2018-12-14 13:30:00-07	2018-12-14 14:30:00-07	Map review	2018-12-14 14:46:30.789066-07	1.00000	81	5	13:30:00
697	2018-12-17 07:30:00-07	2018-12-17 07:45:00-07	Status	2018-12-17 08:58:29.029159-07	0.25000	21	5	07:45:00
701	2018-12-17 09:00:00-07	2018-12-17 10:00:00-07	Review of ADAS questions	2018-12-17 09:56:48.01217-07	1.00000	89	5	10:00:00
704	2018-12-17 11:00:00-07	2018-12-17 12:00:00-07	Progeny IPT	2018-12-17 11:56:04.832617-07	1.00000	21	5	12:00:00
710	2018-12-17 14:35:00-07	2018-12-17 16:00:00-07	getting access token set up	2018-12-17 16:14:55.364241-07	1.41667	32	4	\N
354	2018-11-09 06:00:00-07	2018-11-09 08:30:00-07	Secure room testing	2018-11-09 08:36:36.800443-07	2.50000	3	5	08:30:00
238	2018-10-27 09:46:15-06	2018-10-27 11:25:02-06	change dynos and copy database	2018-10-27 11:25:05.055003-06	1.64639	31	4	\N
345	2018-11-08 08:30:00-07	2018-11-08 12:30:00-07	FAT review	2018-11-08 12:20:56.552644-07	4.00000	41	5	12:30:00
348	2018-11-08 13:00:00-07	2018-11-08 13:30:00-07	Unit 74	2018-11-08 13:24:04.430981-07	0.50000	22	5	13:30:00
630	2018-12-06 14:30:00-07	2018-12-06 16:30:00-07	Looked into Auto Driver schematics and DF11	2018-12-06 16:33:22.621045-07	2.00000	30	6	16:30:00
365	2018-11-12 08:00:00-07	2018-11-12 10:00:00-07	Legacy spreadsheet for verification	2018-11-12 10:13:38.969963-07	2.00000	3	5	10:00:00
370	2018-11-12 10:45:00-07	2018-11-12 12:00:00-07	Progeny IPT	2018-11-12 11:58:16.407152-07	1.25000	21	5	12:00:00
373	2018-11-12 13:00:00-07	2018-11-12 14:50:00-07	assembly	2018-11-12 14:50:51.229594-07	1.83333	29	7	14:50:00
620	2018-12-06 09:30:00-07	2018-12-06 15:30:00-07	Building holders.	2018-12-06 18:34:25.146091-07	6.00000	1	3	\N
380	2018-11-13 07:59:24-07	2018-11-13 11:30:00-07	assembly	2018-11-13 11:57:51.916025-07	3.51000	29	7	\N
384	2018-11-13 10:15:00-07	2018-11-13 11:00:00-07	Comment resolution	2018-11-13 12:24:11.529306-07	0.75000	82	5	\N
397	2018-11-14 09:00:00-07	2018-11-14 09:45:00-07	Verified corner elements and map	2018-11-14 09:41:54.898892-07	0.75000	81	5	\N
402	2018-11-14 11:00:00-07	2018-11-14 12:00:00-07	Phase Magnitude Plot	2018-11-14 17:34:32.843648-07	1.00000	3	5	\N
445	2018-11-15 14:00:00-07	2018-11-15 15:45:00-07	assembly	2018-11-15 15:47:29.144766-07	1.75000	29	7	\N
452	2018-11-16 07:15:00-07	2018-11-16 07:30:00-07	Status with Jason	2018-11-16 07:53:02.140462-07	0.25000	1	5	\N
460	2018-11-16 13:30:00-07	2018-11-16 14:00:00-07	Comment resolution	2018-11-16 14:02:52.995246-07	0.50000	82	5	\N
472	2018-11-19 11:30:00-07	2018-11-19 11:45:00-07	Review tuning memo	2018-11-19 12:15:10.433267-07	0.25000	84	5	\N
473	2018-11-19 11:45:00-07	2018-11-19 12:00:00-07	Talked to Scott about capacitance	2018-11-19 12:20:54.96501-07	0.25000	81	5	\N
480	2018-11-19 13:30:00-07	2018-11-19 14:00:00-07	Designing wiring pattern	2018-11-19 14:12:55.153981-07	0.50000	83	5	\N
1013	2019-01-24 18:45:00-07	2019-01-24 19:45:00-07	Backwards testing	2019-01-25 07:18:49.158703-07	1.00000	81	5	19:45:00
481	2018-11-19 14:00:00-07	2018-11-19 15:00:00-07	Capacitance issues with Scott	2018-11-19 14:54:10.353188-07	1.00000	81	5	\N
686	2018-12-14 09:29:27-07	2018-12-14 12:20:00-07	look into API, add functionality for parts	2018-12-14 12:21:00.704238-07	2.84250	32	4	12:20:00
487	2018-11-20 09:00:00-07	2018-11-20 10:00:00-07	assembly	2018-11-20 09:54:39.802524-07	1.00000	29	7	\N
495	2018-11-20 11:00:00-07	2018-11-20 12:45:00-07	DFT coding	2018-11-20 12:50:32.349316-07	1.75000	34	5	12:45:00
507	2018-11-21 10:00:00-07	2018-11-21 11:15:00-07	TI-08 Planning	2018-11-21 11:20:32.922256-07	1.25000	34	5	11:15:00
501	2018-11-21 06:57:49-07	2018-11-21 14:30:00-07	making part list for holders. Building shelves.	2018-11-23 07:24:22.598023-07	7.53639	1	3	\N
636	2018-12-07 09:30:00-07	2018-12-07 10:16:14-07	Repairing broken wires on light control switches.	2018-12-07 10:17:19.730176-07	0.77056	26	3	\N
622	2018-12-06 09:00:00-07	2018-12-06 10:00:00-07	Proposal	2018-12-07 16:28:32.545652-07	1.00000	88	5	10:00:00
519	2018-11-26 08:45:00-07	2018-11-26 09:00:00-07	BP1065 Capacitance issue	2018-11-26 09:30:29.758885-07	0.25000	81	5	09:00:00
642	2018-12-07 14:00:00-07	2018-12-07 14:45:00-07	assembly	2018-12-08 14:19:17.341719-07	0.75000	29	7	14:45:00
525	2018-11-26 12:00:00-07	2018-11-26 14:30:00-07	BP1065 Capacitance issue	2018-11-26 14:34:18.454034-07	2.50000	81	5	14:30:00
513	2018-11-26 07:00:00-07	2018-11-26 15:00:00-07	cables	2018-11-26 15:01:21.522446-07	8.00000	1	8	15:00:00
531	2018-11-27 09:30:00-07	2018-11-27 10:00:00-07	High current box swap	2018-11-27 09:50:48.916463-07	0.50000	80	5	10:00:00
537	2018-11-27 19:00:00-07	2018-11-27 19:30:00-07	EE Intern Ad	2018-11-27 21:37:30.384809-07	0.50000	39	5	19:30:00
545	2018-11-28 08:00:00-07	2018-11-28 09:22:00-07	banking, paper work	2018-11-28 09:22:20.180699-07	1.36667	40	7	09:22:00
551	2018-11-28 13:00:00-07	2018-11-28 13:15:00-07	Trouble shooting LEDs	2018-11-28 13:18:08.367141-07	0.25000	80	5	13:15:00
645	2018-12-10 09:35:29-07	2018-12-10 14:45:00-07	work on javascript forms	2018-12-10 15:45:31.047144-07	5.15861	32	4	14:45:00
560	2018-11-29 07:00:00-07	2018-11-29 08:00:00-07	Map audit function	2018-11-29 09:38:34.850894-07	1.00000	3	5	08:00:00
652	2018-12-11 11:00:00-07	2018-12-11 11:30:00-07	Schedule Meeting	2018-12-11 13:39:00.402608-07	0.50000	34	5	11:30:00
567	2018-11-29 13:45:00-07	2018-11-29 16:15:00-07	cleaning shop	2018-11-29 16:14:43.713522-07	2.50000	28	7	16:15:00
653	2018-12-11 11:30:00-07	2018-12-11 12:00:00-07	Making CDs	2018-12-11 13:39:30.613861-07	0.50000	41	5	12:00:00
573	2018-11-30 08:30:00-07	2018-11-30 10:14:00-07	run errands	2018-11-30 10:14:46.277091-07	1.73333	28	7	10:14:00
580	2018-11-30 12:45:00-07	2018-11-30 15:45:00-07	Capacitance bug fix	2018-11-30 15:45:03.282124-07	3.00000	3	5	15:45:00
587	2018-12-03 09:00:00-07	2018-12-03 11:30:00-07	sorting	2018-12-03 12:00:28.617921-07	2.50000	28	7	11:30:00
593	2018-12-04 08:15:00-07	2018-12-04 09:00:00-07	Trusted Download	2018-12-04 08:55:38.324478-07	0.75000	3	5	09:00:00
656	2018-12-12 05:45:00-07	2018-12-12 09:15:00-07	PDR	2018-12-12 10:05:37.283084-07	3.50000	89	5	09:15:00
598	2018-12-04 10:30:00-07	2018-12-04 11:00:00-07	DFT coding	2018-12-04 11:03:02.95768-07	0.50000	34	5	11:00:00
661	2018-12-12 10:45:00-07	2018-12-12 12:15:00-07	Swapped channel bug fix	2018-12-12 12:26:51.920353-07	1.50000	2	5	12:15:00
665	2018-12-12 10:00:00-07	2018-12-12 14:00:00-07	assembly	2018-12-12 16:50:14.423625-07	4.00000	29	7	14:00:00
666	2018-12-12 15:00:00-07	2018-12-12 15:30:00-07	assembly	2018-12-12 16:51:02.990929-07	0.50000	29	7	15:30:00
609	2018-12-05 06:50:00-07	2018-12-05 10:10:10-07	Replacing Relay.	2018-12-05 10:10:14.771149-07	3.33611	87	3	\N
614	2018-12-05 15:30:00-07	2018-12-05 16:15:00-07	Ordered boards	2018-12-05 16:11:12.044947-07	0.75000	8	5	16:15:00
691	2018-12-14 14:30:00-07	2018-12-14 15:15:00-07	Mapping plot viewer	2018-12-14 15:17:25.349151-07	0.75000	3	5	15:15:00
671	2018-12-13 09:30:00-07	2018-12-13 10:00:00-07	Element Verification	2018-12-13 10:08:14.226401-07	0.50000	81	5	10:00:00
675	2018-12-13 12:00:00-07	2018-12-13 13:38:00-07	order mill machine	2018-12-13 13:38:34.290055-07	1.63333	40	7	13:38:00
670	2018-12-13 09:32:54-07	2018-12-13 13:28:00-07	finish entering part from website form	2018-12-13 13:45:18.618256-07	3.91833	32	4	\N
711	2018-12-17 14:15:00-07	2018-12-17 14:30:00-07	Status meeting	2018-12-17 15:26:12.017605-07	0.25000	34	5	14:30:00
681	2018-12-14 07:30:00-07	2018-12-14 16:30:00-07	Installing guides.	2018-12-15 13:59:38.249271-07	9.00000	1	3	\N
694	2018-12-15 09:00:00-07	2018-12-15 11:30:00-07	Installing PCB's on to Carriers.	2018-12-15 14:02:07.300635-07	2.50000	1	3	\N
705	2018-12-17 12:00:00-07	2018-12-17 12:15:00-07	Status with Chris	2018-12-17 12:15:54.16041-07	0.25000	34	5	12:15:00
706	2018-12-17 12:15:00-07	2018-12-17 13:00:00-07	Moving shelves	2018-12-17 14:09:19.948839-07	0.75000	1	5	13:00:00
709	2018-12-16 18:00:00-07	2018-12-16 18:30:00-07	gifts	2018-12-17 14:10:09.560305-07	0.50000	40	7	18:30:00
702	2018-12-17 09:54:50-07	2018-12-17 13:00:00-07	figure out API	2018-12-17 15:16:41.478102-07	3.08611	32	4	13:00:00
715	2018-12-18 07:30:00-07	2018-12-18 07:45:00-07	Status	2018-12-18 08:12:05.738221-07	0.25000	21	5	07:45:00
713	2018-12-17 17:30:00-07	2018-12-17 21:00:00-07	Assemble boards	2018-12-17 21:01:15.723165-07	3.50000	1	8	21:00:00
698	2018-12-17 07:05:00-07	2018-12-17 16:10:00-07	Making ready for shipment.	2018-12-18 07:09:06.852578-07	9.08333	1	3	\N
717	2018-12-18 08:15:00-07	2018-12-18 09:00:00-07	Layout of wire boards	2018-12-18 08:49:47.523917-07	0.75000	8	5	09:00:00
720	2018-12-18 10:52:37-07	2018-12-18 11:53:00-07	banking, paper work	2018-12-18 11:53:26.0698-07	1.00639	40	7	11:53:00
722	2018-12-18 13:00:00-07	2018-12-18 13:15:00-07	Call with Henry	2018-12-18 15:12:09.130918-07	0.25000	89	5	13:15:00
723	2018-12-18 13:15:00-07	2018-12-18 13:30:00-07	Prestress voltage meeting	2018-12-18 15:13:11.283267-07	0.25000	84	5	15:30:00
724	2018-12-18 13:30:00-07	2018-12-18 15:15:00-07	Tested the shelves	2018-12-18 15:15:55.729591-07	1.75000	1	5	15:15:00
725	2018-12-18 15:15:00-07	2018-12-18 15:30:00-07	Support for Chris	2018-12-18 15:36:27.058001-07	0.25000	34	5	15:30:00
726	2018-12-18 14:00:00-07	2018-12-18 14:45:00-07	paper work	2018-12-18 20:56:46.734725-07	0.75000	40	7	14:45:00
728	2018-12-19 07:30:00-07	2018-12-19 08:00:00-07	Status meeting	2018-12-19 09:05:17.190478-07	0.50000	21	5	08:00:00
385	2018-11-13 11:00:00-07	2018-11-13 12:30:00-07	Planning	2018-11-13 12:24:44.344527-07	1.50000	34	5	\N
239	2018-10-27 10:30:00-06	2018-10-27 13:00:00-06	cleaning shop	2018-10-27 16:09:49.166683-06	2.50000	28	7	13:00:00
241	2018-10-27 08:00:00-06	2018-10-27 18:30:00-06	De-junking	2018-10-27 18:56:26.150019-06	10.50000	28	5	18:30:00
242	2018-10-27 09:00:00-06	2018-10-27 10:00:00-06	Cleaned up LCD library code.	2018-10-27 22:03:54.310638-06	1.00000	12	6	10:00:00
403	2018-11-14 12:00:00-07	2018-11-14 13:30:00-07	Transmit voltage	2018-11-14 17:35:15.223259-07	1.50000	34	5	\N
245	2018-10-29 07:30:00-06	2018-10-29 08:15:00-06	MRP system setup	2018-10-29 08:33:00.808536-06	0.75000	31	5	08:15:00
404	2018-11-14 13:30:00-07	2018-11-14 17:30:00-07	Fixed maps	2018-11-14 17:35:42.031365-07	4.00000	81	5	\N
446	2018-11-15 15:30:00-07	2018-11-15 15:45:00-07	Meeting with Rick Daley	2018-11-15 15:58:20.674572-07	0.25000	83	5	\N
248	2018-10-29 10:30:00-06	2018-10-29 10:45:00-06	Status meeting	2018-10-29 11:35:49.945505-06	0.25000	34	5	10:45:00
247	2018-10-29 08:45:00-06	2018-10-29 10:30:00-06	Board Layout	2018-10-29 11:36:26.480858-06	1.75000	76	5	10:15:00
453	2018-11-16 07:45:00-07	2018-11-16 08:15:00-07	BP1067 missing element	2018-11-16 08:11:12.974838-07	0.50000	81	5	\N
461	2018-11-16 14:00:00-07	2018-11-16 14:15:00-07	Ordered power supplies	2018-11-16 14:11:20.828652-07	0.25000	1	5	\N
1429	2019-03-20 09:00:00-06	2019-03-20 12:30:00-06	Welder research and contacting sellers	2019-03-20 13:46:06.917674-06	3.50000	169	11	12:30:00
243	2018-10-29 07:00:00-06	2018-10-29 15:00:00-06	Organization	2018-10-29 15:00:22.438939-06	8.00000	28	8	15:00:00
251	2018-10-29 12:30:00-06	2018-10-29 19:00:00-06	Board Layout	2018-10-29 19:18:22.217424-06	6.50000	76	5	19:00:00
253	2018-10-29 12:30:00-06	2018-10-29 14:45:00-06	cleaning, board stuff	2018-10-29 20:50:38.590675-06	2.25000	28	7	14:45:00
250	2018-10-29 12:30:39-06	2018-10-29 15:30:00-06	Building holders.	2018-10-30 07:20:12.701558-06	2.98917	1	3	15:30:00
255	2018-10-30 07:45:00-06	2018-10-30 08:30:00-06	Layout and send out	2018-10-30 08:43:50.9008-06	0.75000	76	5	08:30:00
482	2018-11-19 15:00:00-07	2018-11-19 16:00:00-07	Attenuator design	2018-11-19 16:07:28.711421-07	1.00000	34	5	\N
258	2018-10-30 09:30:00-06	2018-10-30 10:30:00-06	Fix layout and send out	2018-10-30 10:33:34.970415-06	1.00000	76	5	10:30:00
257	2018-10-30 09:15:00-06	2018-10-30 09:30:00-06	Response to TT	2018-10-30 10:33:48.481153-06	0.25000	4	5	09:28:00
623	2018-12-06 10:55:41-07	2018-12-06 15:13:36-07	designing parts for resistors	2018-12-06 18:24:55.954042-07	4.29861	32	4	\N
488	2018-11-20 09:00:00-07	2018-11-20 10:00:00-07	NUWC IPT	2018-11-20 10:08:18.603087-07	1.00000	21	5	\N
631	2018-12-06 17:30:00-07	2018-12-06 21:00:00-07	Assemble power boards	2018-12-06 20:58:09.110032-07	3.50000	1	8	21:00:00
260	2018-10-30 10:30:00-06	2018-10-30 15:00:00-06	sorting junk	2018-10-30 14:55:50.235544-06	4.50000	28	7	15:00:00
496	2018-11-20 12:50:33-07	2018-11-20 15:00:00-07	Capacitance issues	2018-11-20 16:03:02.612038-07	2.15750	81	5	15:00:00
259	2018-10-30 10:30:00-06	2018-10-30 16:45:00-06	Element Verification	2018-10-30 16:48:05.889292-06	6.25000	3	5	16:45:00
262	2018-10-30 16:00:00-06	2018-10-30 17:00:00-06	cleaning shop	2018-10-30 17:00:02.902787-06	1.00000	28	7	17:00:00
502	2018-11-21 07:30:00-07	2018-11-21 09:00:00-07	Status/Planning	2018-11-21 08:55:16.265979-07	1.50000	21	5	08:00:00
252	2018-10-29 15:15:57-06	2018-10-29 18:45:56-06	caching redirects and developing models	2018-10-30 19:31:28.017931-06	3.49972	32	4	\N
263	2018-10-30 19:10:23-06	2018-10-30 21:08:14-06	developing views	2018-10-30 21:28:33.106247-06	1.96417	32	4	\N
508	2018-11-21 15:00:00-07	2018-11-21 15:30:00-07	mail	2018-11-21 15:34:07.898042-07	0.50000	39	7	15:30:00
638	2018-12-07 14:09:17-07	2018-12-07 16:30:00-07	changing model and forms	2018-12-07 19:22:52.713781-07	2.34528	32	4	\N
552	2018-11-28 13:15:00-07	2018-11-28 14:00:00-07	Map audit function	2018-11-28 14:34:34.617021-07	0.75000	3	5	14:00:00
514	2018-11-24 10:00:00-07	2018-11-24 12:00:00-07	Building cables for racks.	2018-11-26 07:16:07.151997-07	2.00000	1	3	\N
520	2018-11-26 09:00:00-07	2018-11-26 09:30:00-07	Pressure Vessel meeting	2018-11-26 09:30:53.612336-07	0.50000	4	5	09:30:00
526	2018-11-26 12:50:00-07	2018-11-26 14:23:00-07	assembly, foam	2018-11-26 14:23:49.655321-07	1.55000	29	7	14:23:00
254	2018-10-30 07:00:00-06	2018-10-30 15:00:00-06	Build & Test Relay Boards. Build Shelves.	2018-10-31 07:35:26.843443-06	8.00000	1	3	16:00:00
266	2018-10-30 15:00:00-06	2018-10-30 17:00:00-06	Hulling load to dump.	2018-10-31 07:38:17.63681-06	2.00000	28	3	\N
261	2018-10-30 09:30:00-06	2018-10-30 12:30:00-06	Organization/Build boards	2018-10-31 07:39:07.444183-06	3.00000	28	8	15:00:00
267	2018-10-30 12:30:00-06	2018-10-30 15:00:00-06	Assemble boards	2018-10-31 07:40:05.663487-06	2.50000	1	8	\N
269	2018-10-31 08:00:00-06	2018-10-31 08:15:00-06	Monthly PM Training	2018-10-31 08:21:44.889845-06	0.25000	15	5	08:15:00
271	2018-10-31 08:30:00-06	2018-10-31 09:30:00-06	Element Verification	2018-10-31 10:10:53.453447-06	1.00000	3	5	09:30:00
272	2018-10-31 09:30:00-06	2018-10-31 10:15:00-06	Test process description	2018-10-31 10:11:42.230831-06	0.75000	21	5	10:15:00
643	2018-12-08 09:00:00-07	2018-12-08 16:42:09-07	Building Doors.	2018-12-08 16:42:12.686477-07	7.70250	28	3	\N
532	2018-11-27 10:00:00-07	2018-11-27 16:00:00-07	DFT coding	2018-11-27 21:36:49.583745-07	6.00000	34	5	16:00:00
538	2018-11-27 19:30:00-07	2018-11-27 20:00:00-07	Ordered boards & parts	2018-11-27 21:37:54.582815-07	0.50000	30	5	20:00:00
275	2018-10-31 11:30:00-06	2018-10-31 15:30:00-06	Assemble boards	2018-10-31 15:32:49.526608-06	4.00000	1	8	15:30:00
276	2018-10-31 13:00:00-06	2018-10-31 15:00:00-06	cleaning shop	2018-10-31 17:14:51.540017-06	2.00000	28	7	15:00:00
273	2018-10-31 10:15:00-06	2018-10-31 16:45:00-06	Element Verification	2018-10-31 17:57:17.713115-06	6.50000	3	5	16:45:00
274	2018-10-31 13:51:59-06	2018-10-31 19:17:00-06	creating views	2018-10-31 20:35:48.012705-06	5.41694	32	4	\N
539	2018-11-27 20:00:00-07	2018-11-27 21:30:00-07	MRP design	2018-11-27 21:38:48.932115-07	1.50000	32	5	21:30:00
277	2018-11-01 05:00:00-06	2018-11-01 06:30:00-06	Element Verification	2018-11-01 06:32:49.701597-06	1.50000	3	5	06:30:00
540	2018-11-26 19:00:00-07	2018-11-26 21:00:00-07	Equipment evaluation and purchase	2018-11-27 21:39:35.689531-07	2.00000	39	5	21:00:00
575	2018-11-30 11:15:00-07	2018-11-30 12:15:00-07	Map audit function	2018-11-30 12:18:51.905216-07	1.00000	3	5	12:15:00
264	2018-10-31 07:00:00-06	2018-10-31 11:00:00-06	Assemble boards	2018-11-01 07:06:08.037564-06	4.00000	1	8	11:00:00
279	2018-11-01 07:45:00-06	2018-11-01 09:00:00-06	Meeting on FAT failures 57 & 58	2018-11-01 09:05:40.614103-06	1.25000	21	5	09:00:00
280	2018-11-01 09:00:00-06	2018-11-01 11:30:00-06	Generate Test files	2018-11-01 11:33:57.920706-06	2.50000	3	5	11:30:00
281	2018-11-01 11:30:00-06	2018-11-01 12:15:00-06	Reviewed reciprocity with Chris	2018-11-01 12:10:43.077125-06	0.75000	21	5	12:15:00
283	2018-11-01 09:30:00-06	2018-11-01 13:00:00-06	cleaning shop	2018-11-01 13:20:25.034502-06	3.50000	28	7	13:00:00
278	2018-11-01 07:00:00-06	2018-11-01 15:00:00-06	Assemble boards	2018-11-01 14:58:44.168372-06	8.00000	1	8	15:00:00
284	2018-11-01 12:27:48-06	2018-11-01 15:05:00-06	creating forms	2018-11-01 15:06:01.577662-06	2.62000	32	4	15:05:00
581	2018-12-01 14:30:00-07	2018-12-01 16:30:00-07	run errands	2018-12-01 16:44:15.457176-07	2.00000	40	7	16:30:00
285	2018-11-01 07:00:00-06	2018-11-01 16:00:00-06	Building relay boards hold down.	2018-11-01 15:43:36.537434-06	9.00000	1	3	15:30:00
561	2018-11-29 07:00:00-07	2018-11-29 15:00:00-07	Tapping	2018-11-29 14:57:30.08653-07	8.00000	1	8	15:00:00
287	2018-11-01 15:00:00-06	2018-11-01 16:00:00-06	cleaning shop	2018-11-01 16:22:37.286146-06	1.00000	28	7	16:00:00
546	2018-11-28 08:00:00-07	2018-11-28 17:30:00-07	Drilling Aluminum plates.	2018-11-29 16:23:37.49592-07	9.50000	1	3	\N
568	2018-11-29 07:00:00-07	2018-11-29 17:30:00-07	Building holders.	2018-11-30 06:54:05.36309-07	10.50000	1	3	\N
574	2018-11-30 10:00:00-07	2018-11-30 11:15:00-07	Reciprocity issue	2018-11-30 11:13:08.787149-07	1.25000	81	5	11:15:00
588	2018-12-03 13:15:00-07	2018-12-03 13:45:00-07	Chris status	2018-12-03 13:27:56.274208-07	0.50000	34	5	13:45:00
599	2018-12-04 11:00:00-07	2018-12-04 11:15:00-07	Helped with Trusted Download	2018-12-04 11:09:36.877903-07	0.25000	80	5	11:15:00
605	2018-12-04 14:45:00-07	2018-12-04 15:00:00-07	Relay Repair set up	2018-12-04 15:03:04.675723-07	0.25000	87	5	15:00:00
594	2018-12-04 07:05:00-07	2018-12-04 16:40:29-07	Drilling Aluminum plates.	2018-12-04 16:40:34.949463-07	9.59139	1	3	\N
610	2018-12-05 08:49:23-07	2018-12-05 10:25:00-07	get AWS set up	2018-12-05 10:52:47.111949-07	1.59361	32	4	10:25:00
615	2018-12-05 19:14:00-07	2018-12-05 19:54:00-07	finished AWS setup	2018-12-05 19:54:52.854081-07	0.66667	32	4	19:54:00
401	2018-11-14 17:12:54-07	2018-11-14 19:00:00-07	developing view and forms	2018-11-14 22:20:19.26553-07	1.78500	32	4	\N
624	2018-12-06 10:00:00-07	2018-12-06 11:15:00-07	Remap problem	2018-12-06 11:20:08.258892-07	1.25000	80	5	11:15:00
240	2018-10-27 09:30:00-06	2018-10-27 15:31:30-06	Dejunking.	2018-10-27 15:31:33.520943-06	6.02500	28	3	\N
406	2018-11-15 07:00:00-07	2018-11-15 07:30:00-07	Status with Jason	2018-11-15 07:49:43.94449-07	0.50000	2	5	\N
1009	2019-01-22 10:00:00-07	2019-01-22 11:00:00-07	cleaning shop	2019-01-24 15:30:59.920946-07	1.00000	28	7	11:00:00
246	2018-10-29 08:15:00-06	2018-10-29 08:45:00-06	battery holder evaluation	2018-10-29 08:44:24.533512-06	0.50000	76	5	08:45:00
249	2018-10-29 10:45:00-06	2018-10-29 11:45:00-06	IPT meeting	2018-10-29 11:44:04.312814-06	1.00000	21	5	11:45:00
244	2018-10-29 07:15:12-06	2018-10-29 12:30:00-06	Building holders.	2018-10-29 12:30:24.784107-06	5.24667	76	3	12:30:00
407	2018-11-15 08:57:24-07	2018-11-15 11:30:00-07	assembly	2018-11-15 11:41:48.38143-07	2.54333	29	7	\N
256	2018-10-30 08:30:00-06	2018-10-30 09:15:00-06	BP1065 Capacitance issue	2018-10-30 09:28:29.138764-06	0.75000	21	5	09:15:00
440	2018-11-15 09:08:00-07	2018-11-15 11:05:00-07	researching printers	2018-11-15 11:52:05.493694-07	1.95000	22	4	\N
447	2018-11-15 15:45:00-07	2018-11-15 16:30:00-07	Sparing Analysis	2018-11-15 16:33:47.598875-07	0.75000	82	5	\N
268	2018-10-31 07:15:00-06	2018-10-31 08:00:00-06	Status meetings	2018-10-31 07:52:33.064112-06	0.75000	21	5	08:00:00
270	2018-10-31 08:15:00-06	2018-10-31 08:30:00-06	Checked on NUWC Thames	2018-10-31 08:36:11.414205-06	0.25000	21	5	08:30:00
625	2018-12-06 11:15:00-07	2018-12-06 12:00:00-07	Prestress timeout command	2018-12-06 12:04:50.383678-07	0.75000	38	5	12:00:00
265	2018-10-31 07:00:00-06	2018-10-31 15:30:00-06	Building holders.	2018-11-01 15:33:15.037496-06	8.50000	1	3	15:30:00
282	2018-11-01 12:15:00-06	2018-11-01 14:15:00-06	Element Verification debug	2018-11-01 15:50:11.130802-06	2.00000	3	5	14:15:00
286	2018-11-01 14:15:00-06	2018-11-01 16:30:00-06	Meeting on FAT failures 57 & 58	2018-11-01 16:27:36.153294-06	2.25000	21	5	16:00:00
454	2018-11-16 09:27:51-07	2018-11-16 13:55:00-07	working on forms and site navigation	2018-11-16 14:05:53.105358-07	4.45250	32	4	\N
462	2018-11-16 14:15:00-07	2018-11-16 15:00:00-07	machining	2018-11-16 15:03:44.471304-07	0.75000	1	5	\N
1010	2019-01-24 13:31:00-07	2019-01-24 15:30:00-07	cleaning shop	2019-01-24 15:31:40.369242-07	1.98333	28	7	15:30:00
595	2018-12-04 09:00:00-07	2018-12-04 09:45:00-07	NUWC IPT	2018-12-04 09:48:56.157599-07	0.75000	21	5	09:45:00
467	2018-11-19 06:45:00-07	2018-11-19 10:54:19-07	Cleaning wood shop.	2018-11-19 10:54:21.430437-07	4.15528	28	3	\N
405	2018-11-15 06:52:27-07	2018-11-15 17:01:22-07	Testing, Repairing, Programming S/N. Pop Riveting	2018-11-19 12:10:17.268897-07	10.14861	2	3	\N
632	2018-12-06 17:00:00-07	2018-12-06 18:35:36-07	Drilling Aluminum plates.	2018-12-06 18:35:41.81788-07	1.59333	1	3	\N
639	2018-12-07 14:30:00-07	2018-12-07 16:00:00-07	Proposal review	2018-12-07 16:28:04.722508-07	1.50000	88	5	16:00:00
647	2018-12-10 15:00:00-07	2018-12-10 17:00:00-07	Attaching wires to Sparkfun board.	2018-12-11 07:01:55.611505-07	2.00000	30	3	\N
648	2018-12-10 17:00:00-07	2018-12-10 17:40:00-07	Dismantle overhead door.	2018-12-11 07:03:52.622294-07	0.66667	28	3	\N
476	2018-11-19 12:00:00-07	2018-11-19 13:00:00-07	Reviewed pressure vessel drawings	2018-11-19 13:28:33.059193-07	1.00000	4	5	\N
483	2018-11-19 20:00:00-07	2018-11-19 23:00:00-07	Prepared to machine backing plates	2018-11-20 00:07:40.555305-07	3.00000	1	5	\N
489	2018-11-20 10:00:00-07	2018-11-20 10:45:00-07	Review drawings with Rick	2018-11-20 10:49:31.382537-07	0.75000	4	5	\N
654	2018-12-11 12:00:00-07	2018-12-11 14:30:00-07	Schedule Meeting	2018-12-11 15:29:11.779973-07	2.50000	34	5	13:45:00
497	2018-11-20 13:01:24-07	2018-11-20 15:18:40-07	fixture for CNC.	2018-11-20 15:18:44.94768-07	2.28778	1	3	\N
600	2018-12-04 11:15:00-07	2018-12-04 12:30:00-07	Element distance	2018-12-04 12:30:41.17999-07	1.25000	3	5	12:30:00
503	2018-11-21 08:45:44-07	2018-11-21 09:45:00-07	shipping	2018-11-21 09:48:15.959284-07	0.98778	39	7	09:45:00
509	2018-11-21 13:00:00-07	2018-11-21 15:00:00-07	CNC programming back plates	2018-11-22 08:16:27.326816-07	2.00000	1	5	15:00:00
692	2018-12-14 12:00:00-07	2018-12-14 15:45:00-07	assembly, errands	2018-12-14 15:50:10.8443-07	3.75000	40	7	15:45:00
521	2018-11-26 09:30:00-07	2018-11-26 11:00:00-07	banking, paper work	2018-11-26 11:51:07.817179-07	1.50000	40	7	11:00:00
662	2018-12-12 12:15:00-07	2018-12-12 12:45:00-07	.map read script	2018-12-12 16:24:42.855001-07	0.50000	90	5	12:45:00
527	2018-11-26 14:30:00-07	2018-11-26 15:45:00-07	Comment resolution	2018-11-26 15:37:40.859719-07	1.25000	82	5	15:45:00
515	2018-11-26 07:01:00-07	2018-11-26 17:29:49-07	Building fixtures.	2018-11-26 17:29:56.963557-07	10.48028	1	3	\N
533	2018-11-27 09:00:00-07	2018-11-27 15:00:00-07	Cables	2018-11-27 15:00:35.138956-07	6.00000	1	8	15:00:00
657	2018-12-12 07:05:00-07	2018-12-12 13:00:00-07	Installing PCB's on to Carriers.	2018-12-13 09:48:11.210019-07	5.91667	2	3	\N
553	2018-11-28 14:00:00-07	2018-11-28 14:30:00-07	Status meeting	2018-11-28 14:35:16.170181-07	0.50000	77	5	14:30:00
672	2018-12-12 13:50:00-07	2018-12-12 17:15:00-07	Installing PCB's on to Carriers.	2018-12-13 09:50:11.16525-07	3.41667	2	3	\N
541	2018-11-28 07:00:00-07	2018-11-28 15:00:00-07	Tapping	2018-11-28 14:56:02.380706-07	8.00000	1	8	15:00:00
554	2018-11-28 14:30:00-07	2018-11-28 16:00:00-07	Map audit function	2018-11-28 16:01:59.081264-07	1.50000	3	5	16:00:00
547	2018-11-28 10:08:00-07	2018-11-28 12:45:00-07	change manufacturer and location form	2018-11-28 18:29:20.794989-07	2.61667	32	4	\N
562	2018-11-29 08:00:00-07	2018-11-29 09:45:00-07	Reciprocity issue	2018-11-29 09:39:41.902229-07	1.75000	81	5	09:45:00
677	2018-12-13 13:55:00-07	2018-12-13 15:45:00-07	run errands	2018-12-13 16:07:39.780172-07	1.83333	40	7	15:45:00
563	2018-11-29 09:45:00-07	2018-11-29 10:00:00-07	Map audit function	2018-11-29 13:25:47.242067-07	0.25000	3	5	10:00:00
699	2018-12-17 07:45:00-07	2018-12-17 08:00:00-07	Helped Crystal with TD and email to Mike T	2018-12-17 09:10:43.935094-07	0.25000	80	5	08:00:00
569	2018-11-29 17:48:00-07	2018-11-29 21:05:40-07	set up filters for parts	2018-11-29 21:13:46.961108-07	3.29444	32	4	\N
682	2018-12-14 08:00:00-07	2018-12-14 08:30:00-07	Map BP1074	2018-12-14 08:26:51.413194-07	0.50000	81	5	08:30:00
576	2018-11-30 12:15:00-07	2018-11-30 12:45:00-07	Replace element in BP1070	2018-11-30 12:43:03.687702-07	0.50000	81	5	12:45:00
667	2018-12-13 07:00:00-07	2018-12-13 17:45:00-07	Installing PCB's on to Carriers.	2018-12-14 16:13:40.685178-07	10.75000	2	3	\N
582	2018-12-03 06:15:00-07	2018-12-03 10:30:00-07	Map verification	2018-12-03 11:01:27.95194-07	4.25000	3	5	10:30:00
589	2018-12-03 15:00:00-07	2018-12-03 15:30:00-07	banking	2018-12-03 15:36:34.493009-07	0.50000	40	7	15:30:00
700	2018-12-17 08:00:00-07	2018-12-17 09:00:00-07	Status Update	2018-12-17 09:11:28.041128-07	1.00000	34	5	09:00:00
606	2018-12-05 07:30:00-07	2018-12-05 07:45:00-07	Status meeting	2018-12-05 08:00:54.989728-07	0.25000	21	5	07:45:00
687	2018-12-14 09:45:00-07	2018-12-14 10:30:00-07	Status meeting with Chris and Amy	2018-12-14 10:24:53.870947-07	0.75000	34	5	10:30:00
616	2018-12-05 20:05:00-07	2018-12-05 21:02:00-07	fix access key for AWS	2018-12-05 21:02:39.922181-07	0.95000	32	4	21:02:00
611	2018-12-05 10:10:17-07	2018-12-05 14:30:00-07	Reprogramming shop & house sensors.	2018-12-06 09:33:54.022679-07	4.32861	26	3	\N
695	2018-12-15 12:30:00-07	2018-12-15 14:40:00-07	Installing PCB's on to Carriers.	2018-12-17 08:51:59.675207-07	2.16667	1	3	\N
703	2018-12-17 10:00:00-07	2018-12-17 11:00:00-07	Plot function	2018-12-17 10:47:01.916494-07	1.00000	3	5	10:30:00
707	2018-12-17 07:55:00-07	2018-12-17 14:08:00-07	banking, errands, racks	2018-12-17 14:09:26.70042-07	6.21667	40	7	\N
708	2018-12-17 13:00:00-07	2018-12-17 14:15:00-07	Meeting on transition to new test system	2018-12-17 14:10:09.487076-07	1.25000	21	5	14:15:00
712	2018-12-17 14:30:00-07	2018-12-17 15:45:00-07	Plot function	2018-12-17 15:47:26.322726-07	1.25000	3	5	15:45:00
716	2018-12-18 07:45:00-07	2018-12-18 08:15:00-07	Logistics/ordering shelves	2018-12-18 08:16:31.469677-07	0.50000	1	5	08:15:00
719	2018-12-18 09:00:00-07	2018-12-18 10:15:00-07	NUWC IPT	2018-12-18 10:19:31.499397-07	1.25000	21	5	10:15:00
718	2018-12-18 09:11:16-07	2018-12-18 11:52:00-07	enter in parts	2018-12-18 12:19:59.69717-07	2.67889	32	4	11:52:00
721	2018-12-18 10:15:00-07	2018-12-18 13:00:00-07	Setup for sweep testing	2018-12-18 12:55:38.252388-07	2.75000	8	5	13:00:00
441	2018-11-15 07:45:00-07	2018-11-15 12:30:00-07	Plot function	2018-11-15 12:33:39.986997-07	4.75000	3	5	\N
288	2018-11-01 18:58:12-06	2018-11-01 21:30:31-06	looking at model definitions	2018-11-01 21:30:35.780957-06	2.53861	32	4	\N
448	2018-11-15 15:00:00-07	2018-11-15 17:00:00-07	Tested Display Board	2018-11-15 16:57:05.017917-07	2.00000	36	6	\N
455	2018-11-16 08:15:00-07	2018-11-16 11:00:00-07	Update software to create form	2018-11-16 11:01:00.476442-07	2.75000	22	5	\N
617	2018-12-06 08:15:00-07	2018-12-06 09:00:00-07	Consolidate data from prestress experiment	2018-12-06 10:05:43.99838-07	0.75000	84	5	09:00:00
292	2018-11-02 08:45:00-06	2018-11-02 09:00:00-06	Shelf design with Jason	2018-11-02 09:11:07.724942-06	0.25000	1	5	09:00:00
626	2018-12-06 12:00:00-07	2018-12-06 14:15:00-07	Tuning element selection	2018-12-06 14:20:55.144731-07	2.25000	75	5	14:15:00
293	2018-11-02 09:00:00-06	2018-11-02 11:15:00-06	Trusted Download and Tuning Review for Anthony	2018-11-02 11:46:04.595801-06	2.25000	22	5	11:15:00
294	2018-11-02 11:15:00-06	2018-11-02 11:45:00-06	Meeting on FAT failures 57 & 58	2018-11-02 11:47:17.805474-06	0.50000	21	5	11:45:00
463	2018-11-17 09:07:46-07	2018-11-17 15:15:28-07	Building fixtures for shelves.	2018-11-19 11:58:10.698625-07	6.12833	1	3	\N
296	2018-11-02 09:00:00-06	2018-11-02 13:00:00-06	editing projects, views, and forms	2018-11-02 13:30:53.457804-06	4.00000	31	4	12:35:00
291	2018-11-02 07:00:00-06	2018-11-02 08:30:00-06	Looked at MRP database models	2018-11-02 13:35:23.75272-06	1.50000	32	5	08:30:00
633	2018-12-07 08:45:00-07	2018-12-07 09:30:00-07	Pol Dates	2018-12-07 09:24:11.849983-07	0.75000	3	5	09:30:00
289	2018-11-02 06:40:40-06	2018-11-02 15:00:12-06	Designing Fixture.	2018-11-02 15:00:19.019637-06	8.32556	1	3	\N
290	2018-11-02 07:45:00-06	2018-11-02 15:00:00-06	Assemble boards	2018-11-02 15:00:55.070573-06	7.25000	1	8	15:00:00
298	2018-11-02 13:30:00-06	2018-11-02 15:00:00-06	Map 1067	2018-11-02 15:04:05.374088-06	1.50000	3	5	15:00:00
299	2018-11-03 13:00:00-06	2018-11-03 17:00:00-06	Shop controller	2018-11-03 20:16:33.265804-06	4.00000	26	5	17:00:00
477	2018-11-19 11:53:06-07	2018-11-19 13:11:00-07	assembly	2018-11-19 13:11:55.001541-07	1.29833	29	7	\N
300	2018-11-03 20:16:33-06	2018-11-03 21:30:00-06	Data base models and views	2018-11-03 22:00:27.157529-06	1.22417	32	5	21:30:00
301	2018-11-05 07:30:00-07	2018-11-05 08:45:00-07	Status meeting	2018-11-05 08:36:27.524917-07	1.25000	21	5	08:45:00
304	2018-11-05 08:45:00-07	2018-11-05 09:00:00-07	TD 2 noses	2018-11-05 09:01:17.387279-07	0.25000	22	5	09:00:00
468	2018-11-19 10:54:21-07	2018-11-19 14:30:00-07	working on the battery holder used for stack test.	2018-11-20 07:34:13.125966-07	3.59417	76	3	\N
649	2018-12-11 08:00:00-07	2018-12-11 08:30:00-07	Status meeting	2018-12-11 08:37:51.297599-07	0.50000	21	5	08:30:00
305	2018-11-05 09:00:00-07	2018-11-05 10:30:00-07	Find elements for BP1065	2018-11-05 10:25:22.768318-07	1.50000	3	5	10:30:00
307	2018-11-05 10:30:00-07	2018-11-05 10:45:00-07	Status meeting	2018-11-05 10:26:20.385129-07	0.25000	34	5	10:45:00
308	2018-11-05 10:45:00-07	2018-11-05 12:00:00-07	Progeny IPT	2018-11-05 10:26:51.198609-07	1.25000	21	5	12:00:00
484	2018-11-20 06:55:00-07	2018-11-20 11:07:06-07	Setting up CNC.	2018-11-20 11:07:10.129934-07	4.20167	1	3	\N
490	2018-11-20 10:45:00-07	2018-11-20 11:00:00-07	Review tuning memo	2018-11-20 12:05:11.463561-07	0.25000	84	5	11:00:00
306	2018-11-05 09:01:00-07	2018-11-05 10:54:53-07	edit project view and research todo list	2018-11-05 13:59:58.928633-07	1.89806	31	4	\N
310	2018-11-05 11:30:00-07	2018-11-05 14:30:00-07	assembly	2018-11-05 14:49:18.152733-07	3.00000	29	7	14:30:00
658	2018-12-11 08:00:00-07	2018-12-11 09:30:00-07	banking, running parts	2018-12-12 07:25:23.831086-07	1.50000	40	7	09:30:00
309	2018-11-05 07:20:00-07	2018-11-05 14:55:40-07	Designing Fixture.	2018-11-05 14:55:43.652735-07	7.59444	1	3	\N
498	2018-11-20 13:30:36-07	2018-11-20 14:33:18-07	creating validation for forms	2018-11-20 14:43:27.709183-07	1.04500	32	4	\N
312	2018-11-05 15:26:17-07	2018-11-05 16:43:19-07	to do list	2018-11-05 16:43:22.434376-07	1.28389	31	4	\N
311	2018-11-05 12:00:00-07	2018-11-05 16:45:00-07	Find elements for BP1065	2018-11-05 16:50:16.112701-07	4.75000	3	5	16:45:00
313	2018-11-06 07:30:00-07	2018-11-06 08:00:00-07	Design issues with Jason	2018-11-06 08:09:31.352305-07	0.50000	1	5	08:00:00
316	2018-11-06 08:45:00-07	2018-11-06 09:00:00-07	Review of reciprocity results	2018-11-06 09:15:54.190961-07	0.25000	81	5	09:00:00
317	2018-11-06 09:00:00-07	2018-11-06 10:15:00-07	NUWC IPT	2018-11-06 10:42:39.108121-07	1.25000	21	5	10:15:00
318	2018-11-06 10:15:00-07	2018-11-06 10:45:00-07	Schedule Meeting	2018-11-06 10:48:55.578573-07	0.50000	81	5	10:45:00
320	2018-11-06 08:30:00-07	2018-11-06 10:50:00-07	assembly	2018-11-06 12:27:52.674119-07	2.33333	29	7	10:50:00
504	2018-11-21 09:00:00-07	2018-11-21 10:00:00-07	File compare	2018-11-21 11:19:51.714722-07	1.00000	3	5	10:00:00
510	2018-11-23 07:22:37-07	2018-11-23 15:30:00-07	Building shelves.	2018-11-26 07:11:20.275097-07	8.12306	1	3	\N
323	2018-11-06 07:00:00-07	2018-11-06 15:53:29-07	Designing Fixture.	2018-11-06 15:53:33.825233-07	8.89139	1	3	\N
321	2018-11-06 11:15:00-07	2018-11-06 14:00:00-07	Remove duplicate test files	2018-11-06 16:06:13.324221-07	2.75000	3	5	14:00:00
324	2018-11-06 14:00:00-07	2018-11-06 15:30:00-07	Discussed BP1057 failure	2018-11-06 16:06:49.676002-07	1.50000	81	5	15:30:00
516	2018-11-26 07:30:00-07	2018-11-26 08:00:00-07	Status	2018-11-26 07:59:18.435354-07	0.50000	21	5	08:00:00
326	2018-11-07 04:00:00-07	2018-11-07 06:00:00-07	Array mapping 1st cut	2018-11-07 05:58:14.165307-07	2.00000	3	5	06:00:00
522	2018-11-26 09:30:00-07	2018-11-26 10:30:00-07	BP1065 Capacitance issue	2018-11-26 10:22:14.656332-07	1.00000	81	5	10:30:00
528	2018-11-26 14:23:49-07	2018-11-26 14:45:00-07	banking, paper work	2018-11-26 14:39:02.274594-07	0.35306	40	7	14:45:00
534	2018-11-27 09:00:00-07	2018-11-27 11:30:00-07	assembly	2018-11-27 13:13:22.02523-07	2.50000	29	7	11:30:00
329	2018-11-07 07:00:00-07	2018-11-07 07:15:00-07	Reviewed design with Jason	2018-11-07 07:57:06.040093-07	0.25000	1	5	07:15:00
542	2018-11-28 07:15:00-07	2018-11-28 07:30:00-07	DFT coding	2018-11-28 07:25:13.278189-07	0.25000	34	5	07:30:00
332	2018-11-07 08:30:00-07	2018-11-07 09:30:00-07	Selection Algorithm	2018-11-07 09:37:59.780555-07	1.00000	3	5	09:30:00
333	2018-11-07 09:30:00-07	2018-11-07 09:45:00-07	Reviewed requirements with Chris	2018-11-07 09:39:08.963851-07	0.25000	34	5	09:45:00
548	2018-11-28 11:30:00-07	2018-11-28 11:45:00-07	Review Pressure drawing	2018-11-28 12:00:28.972748-07	0.25000	4	5	12:00:00
334	2018-11-07 09:45:00-07	2018-11-07 10:30:00-07	Capacitance check	2018-11-07 10:29:01.59605-07	0.75000	3	5	10:30:00
555	2018-11-28 15:15:00-07	2018-11-28 17:15:00-07	paper work	2018-11-28 17:30:16.349158-07	2.00000	40	7	17:15:00
336	2018-11-07 09:15:00-07	2018-11-07 12:15:00-07	pick up wood	2018-11-07 12:17:14.03887-07	3.00000	28	7	12:15:00
337	2018-11-07 12:17:14-07	2018-11-07 13:00:00-07	ordering stuff	2018-11-07 13:22:51.341653-07	0.71278	40	7	13:00:00
335	2018-11-07 10:30:00-07	2018-11-07 13:45:00-07	Calculate distances from median	2018-11-07 13:40:02.556486-07	3.25000	3	5	13:45:00
322	2018-11-06 12:39:06-07	2018-11-06 16:45:02-07	research dynos and todo list development	2018-11-07 13:59:24.750102-07	4.09889	31	4	\N
564	2018-11-29 10:32:20-07	2018-11-29 11:28:52-07	change redirects and fix cache	2018-11-29 11:29:29.390579-07	0.94222	33	4	\N
339	2018-11-07 13:45:00-07	2018-11-07 14:00:00-07	Helped Crystal with inventory check	2018-11-07 14:10:16.99301-07	0.25000	80	5	14:00:00
577	2018-11-30 14:29:27-07	2018-11-30 17:30:00-07	work on part view	2018-11-30 18:38:55.750819-07	3.00917	32	4	17:30:00
570	2018-11-30 06:45:00-07	2018-11-30 15:30:00-07	Drilling Aluminum plates.	2018-12-03 08:32:18.352084-07	8.75000	1	3	\N
583	2018-12-01 09:00:00-07	2018-12-01 18:30:00-07	Building wall.	2018-12-03 08:34:07.317755-07	9.50000	28	3	\N
584	2018-12-03 07:00:00-07	2018-12-03 15:31:25-07	Drilling Aluminum plates.	2018-12-03 15:31:28.66272-07	8.52361	1	3	\N
590	2018-12-03 18:06:18-07	2018-12-03 20:26:06-07	finishing part view	2018-12-04 09:37:51.821602-07	2.33000	32	4	\N
601	2018-12-04 12:30:00-07	2018-12-04 13:00:00-07	Map audit function	2018-12-04 13:38:59.097144-07	0.50000	3	5	13:00:00
596	2018-12-04 09:37:00-07	2018-12-04 13:26:46-07	adding search functionality	2018-12-04 14:52:54.623623-07	3.82944	32	4	\N
607	2018-12-05 07:45:00-07	2018-12-05 08:00:00-07	Discussion of prestress with Brooks	2018-12-05 08:01:34.273082-07	0.25000	75	5	08:00:00
612	2018-12-05 13:00:00-07	2018-12-05 16:40:00-07	finish AWS setup	2018-12-05 17:01:22.483713-07	3.66667	32	4	16:40:00
295	2018-11-02 11:45:00-06	2018-11-02 13:15:00-06	Tuning evaluation	2018-11-02 13:20:40.833097-06	1.50000	22	5	13:15:00
442	2018-11-15 12:30:00-07	2018-11-15 13:15:00-07	Trusted download training	2018-11-15 14:56:34.92121-07	0.75000	80	5	\N
297	2018-11-02 13:15:00-06	2018-11-02 13:30:00-06	Map 1065 - selecting new elements	2018-11-02 13:35:48.969475-06	0.25000	3	5	13:30:00
302	2018-11-05 06:45:00-07	2018-11-05 07:15:00-07	planning	2018-11-05 08:31:11.445968-07	0.50000	39	7	07:15:00
314	2018-11-06 08:00:00-07	2018-11-06 08:15:00-07	Mapping discussion with Scott	2018-11-06 08:18:14.189746-07	0.25000	3	5	08:15:00
449	2018-11-15 19:30:00-07	2018-11-15 20:30:00-07	Shelf carrier holders	2018-11-15 23:17:31.952753-07	1.00000	1	5	\N
315	2018-11-06 08:15:00-07	2018-11-06 08:45:00-07	Test support for Crystal	2018-11-06 08:47:41.598241-07	0.50000	80	5	08:45:00
456	2018-11-16 11:00:00-07	2018-11-16 11:30:00-07	Shelf design	2018-11-16 12:30:55.246942-07	0.50000	3	5	\N
319	2018-11-06 10:45:00-07	2018-11-06 11:15:00-07	Fixes from testing in the secure room	2018-11-06 13:12:29.329905-07	0.50000	3	5	11:15:00
457	2018-11-16 11:30:00-07	2018-11-16 12:30:00-07	Element frequency problem meeting	2018-11-16 12:31:43.944857-07	1.00000	80	5	\N
325	2018-11-06 15:30:00-07	2018-11-06 16:30:00-07	Array mapping 1st cut	2018-11-06 16:29:10.643608-07	1.00000	3	5	16:30:00
330	2018-11-07 07:30:00-07	2018-11-07 08:00:00-07	Standup	2018-11-07 07:57:34.923796-07	0.50000	21	5	08:00:00
464	2018-11-17 08:00:00-07	2018-11-17 12:00:00-07	Element carrier shelves	2018-11-17 20:14:37.060579-07	4.00000	1	5	\N
331	2018-11-07 08:00:00-07	2018-11-07 08:30:00-07	Add info back on 290, 294, 295, 301	2018-11-07 08:28:16.661849-07	0.50000	22	5	08:30:00
327	2018-11-07 07:00:00-07	2018-11-07 15:15:00-07	Pick and place machine	2018-11-07 15:11:23.126268-07	8.25000	1	8	15:15:00
469	2018-11-19 08:10:00-07	2018-11-19 10:15:00-07	cleaning shop	2018-11-19 11:53:05.953502-07	2.08333	28	7	\N
478	2018-11-19 14:30:00-07	2018-11-19 16:00:00-07	working at Harris to setup test.	2018-11-20 07:33:42.42591-07	1.50000	83	3	\N
485	2018-11-20 07:30:00-07	2018-11-20 08:00:00-07	Discussed design with Jason	2018-11-20 07:52:10.85764-07	0.50000	1	5	\N
493	2018-11-20 09:00:00-07	2018-11-20 11:03:00-07	fix end time and todo delete	2018-11-20 11:14:06.545938-07	2.05000	31	4	11:03:00
491	2018-11-20 11:07:12-07	2018-11-20 13:01:15-07	installing connectors for testing.	2018-11-20 13:01:21.268491-07	1.90083	83	3	\N
494	2018-11-20 11:14:14-07	2018-11-20 13:30:35-07	adding edit form	2018-11-20 14:43:14.924496-07	2.27250	32	4	\N
499	2018-11-20 15:00:00-07	2018-11-20 16:00:00-07	Trusted Download	2018-11-20 16:03:41.846615-07	1.00000	3	5	16:00:00
517	2018-11-26 08:00:00-07	2018-11-26 08:15:00-07	New CD for BP1057	2018-11-26 08:25:26.769368-07	0.25000	81	5	08:15:00
505	2018-11-21 10:00:00-07	2018-11-21 15:30:00-07	Cables	2018-11-21 15:29:14.009281-07	5.50000	1	8	15:30:00
511	2018-11-24 10:00:00-07	2018-11-24 14:00:00-07	Shelf backer plates	2018-11-24 23:30:29.364853-07	4.00000	1	5	14:00:00
523	2018-11-26 10:30:00-07	2018-11-26 12:00:00-07	Status meeting	2018-11-26 12:00:53.531799-07	1.50000	34	5	12:00:00
535	2018-11-27 12:45:00-07	2018-11-27 14:30:00-07	banking, paper work	2018-11-27 14:36:46.97023-07	1.75000	40	7	14:30:00
529	2018-11-27 07:00:00-07	2018-11-27 17:28:09-07	Building holders.	2018-11-27 17:28:16.886804-07	10.46917	1	3	\N
5	2018-10-03 11:50:03-06	2018-10-03 13:15:48-06	Get system running and finish delete	2018-10-03 13:15:51.45486-06	1.42917	31	4	\N
6	2018-10-03 14:00:24-06	2018-10-03 16:52:00-06	delete extra stuff	2018-10-03 16:54:00.039896-06	2.86000	31	4	\N
7	2018-10-04 10:24:03-06	2018-10-04 14:20:12-06	emailing employees to start time system	2018-10-04 14:36:19.33244-06	3.93583	31	4	\N
8	2018-10-02 18:00:00-06	2018-10-02 20:00:00-06	Looked into issue with MQTT router	2018-10-04 18:47:38.720367-06	2.00000	30	6	\N
9	2018-10-03 18:00:00-06	2018-10-03 20:00:00-06	Changed and tested examples without printer	2018-10-04 18:48:58.352214-06	2.00000	30	6	\N
10	2018-10-04 18:30:00-06	2018-10-04 19:15:00-06	More testing of examples	2018-10-04 19:14:03.663261-06	0.75000	30	6	\N
11	2018-10-05 09:31:40-06	2018-10-05 11:43:57-06	add in URLs to admin	2018-10-05 11:44:00.138445-06	2.20472	33	4	\N
12	2018-10-05 12:22:41-06	2018-10-05 13:52:35-06	adding statistics	2018-10-05 13:52:37.74228-06	1.49833	33	4	\N
13	2018-10-01 09:15:00-06	2018-10-01 10:30:00-06	Trusted Download	2018-10-07 13:43:43.319692-06	1.25000	22	5	\N
14	2018-10-01 11:45:00-06	2018-10-01 12:15:00-06	Trusted Download	2018-10-07 13:44:39.095534-06	0.50000	22	5	\N
15	2018-10-01 08:00:00-06	2018-10-01 09:15:00-06	Calculation of parameters	2018-10-07 13:45:58.695651-06	1.25000	24	5	\N
16	2018-10-01 12:15:00-06	2018-10-01 14:45:00-06	Calculation of parameters	2018-10-07 13:46:57.585393-06	2.50000	24	5	\N
17	2018-10-01 15:15:00-06	2018-10-01 15:45:00-06	Calculation of parameters	2018-10-07 13:47:42.931734-06	0.50000	24	5	\N
18	2018-10-01 16:45:00-06	2018-10-01 17:00:00-06	Calculation of parameters	2018-10-07 13:48:23.54367-06	0.25000	24	5	\N
19	2018-10-01 10:30:00-06	2018-10-01 10:45:00-06	Status	2018-10-07 13:51:15.256453-06	0.25000	34	5	\N
20	2018-10-01 07:30:00-06	2018-10-01 08:00:00-06	Status	2018-10-07 13:52:32.615821-06	0.50000	21	5	\N
21	2018-10-01 10:45:00-06	2018-10-01 11:45:00-06	Progeny IPT	2018-10-07 13:54:19.431856-06	1.00000	21	5	\N
22	2018-10-01 14:45:00-06	2018-10-01 15:15:00-06	F5 Issue	2018-10-07 13:55:25.302878-06	0.50000	21	5	\N
23	2018-10-01 15:45:00-06	2018-10-01 16:45:00-06	F5 Issue	2018-10-07 13:56:12.103126-06	1.00000	21	5	\N
24	2018-10-02 07:45:00-06	2018-10-02 10:45:00-06	Clean up and installation Issues	2018-10-07 14:00:31.231737-06	3.00000	24	5	\N
25	2018-10-02 10:45:00-06	2018-10-02 17:00:00-06	F5 Issue	2018-10-07 14:01:50.448627-06	6.25000	21	5	\N
26	2018-10-03 07:30:00-06	2018-10-03 08:00:00-06	Status meeting	2018-10-07 14:02:53.776469-06	0.50000	21	5	\N
27	2018-10-03 08:00:00-06	2018-10-03 17:45:00-06	Selection Algorithm	2018-10-07 14:04:27.687887-06	9.75000	3	5	\N
28	2018-10-04 15:00:00-06	2018-10-04 15:30:00-06	Connection to new DB	2018-10-07 14:08:48.279875-06	0.50000	35	5	\N
29	2018-10-04 14:30:00-06	2018-10-04 15:00:00-06	Trusted Download	2018-10-07 14:09:56.825653-06	0.50000	22	5	\N
30	2018-10-04 08:30:00-06	2018-10-04 11:30:00-06	Selection Algorithm	2018-10-07 14:11:23.236595-06	3.00000	3	5	\N
31	2018-10-04 12:30:00-06	2018-10-04 14:30:00-06	Mapping Algorithm	2018-10-07 14:12:36.107663-06	2.00000	3	5	\N
32	2018-10-04 20:00:00-06	2018-10-04 22:15:00-06	Selection Algorithm	2018-10-07 14:13:46.62845-06	2.25000	3	5	\N
33	2018-10-05 07:30:00-06	2018-10-05 07:45:00-06	PM training James	2018-10-07 14:15:38.413257-06	0.25000	14	5	\N
34	2018-10-05 08:00:00-06	2018-10-05 08:15:00-06	Mapping Algorithm	2018-10-07 14:16:31.664435-06	0.25000	3	5	\N
35	2018-10-05 11:00:00-06	2018-10-05 11:30:00-06	Process Files	2018-10-07 14:17:29.979898-06	0.50000	24	5	\N
36	2018-10-05 08:15:00-06	2018-10-05 11:00:00-06	Connection to new DB	2018-10-07 14:18:41.715786-06	2.75000	35	5	\N
37	2018-10-05 11:30:00-06	2018-10-05 15:45:00-06	Select Prestress Date	2018-10-07 14:20:00.17195-06	4.25000	35	5	\N
38	2018-10-01 18:00:00-06	2018-10-01 20:00:00-06	Layout and send out	2018-10-07 14:22:40.583707-06	2.00000	36	5	\N
543	2018-11-28 07:30:00-07	2018-11-28 07:45:00-07	Status meeting	2018-11-28 07:44:05.104072-07	0.25000	21	5	07:45:00
549	2018-11-28 11:45:00-07	2018-11-28 12:00:00-07	Answered Henry's questions	2018-11-28 12:01:09.997873-07	0.25000	34	5	12:00:00
556	2018-11-28 14:24:00-07	2018-11-28 15:00:00-07	finish checking redirects	2018-11-28 18:32:29.376505-07	0.60000	33	4	\N
557	2018-11-28 15:00:00-07	2018-11-28 17:07:00-07	figure out manufacturer merging	2018-11-28 18:33:15.459045-07	2.11667	32	4	\N
565	2018-11-29 11:28:53-07	2018-11-29 13:35:00-07	add edit and delete for manufacturer and location	2018-11-29 14:04:06.037777-07	2.10194	32	4	\N
578	2018-11-30 11:15:00-07	2018-11-30 14:32:00-07	run errands	2018-11-30 14:35:46.088151-07	3.28333	40	7	14:32:00
571	2018-11-30 07:00:00-07	2018-11-30 11:00:00-07	Building wire harnesses	2018-11-30 15:04:03.356751-07	4.00000	1	8	11:00:00
585	2018-12-03 10:30:00-07	2018-12-03 10:45:00-07	Status meeting	2018-12-03 11:02:19.313734-07	0.25000	34	5	10:45:00
591	2018-12-03 13:45:00-07	2018-12-03 22:30:00-07	Map verification	2018-12-03 22:28:22.232512-07	8.75000	3	5	20:30:00
602	2018-12-04 13:00:00-07	2018-12-04 13:45:00-07	Status meeting	2018-12-04 13:40:52.70335-07	0.75000	75	5	13:45:00
39	2018-10-02 19:00:00-06	2018-10-02 20:00:00-06	Stencil	2018-10-07 14:24:09.039844-06	1.00000	36	5	\N
40	2018-10-08 07:30:00-06	2018-10-08 07:45:00-06	Status meeting	2018-10-08 07:42:31.163106-06	0.25000	21	5	\N
41	2018-10-08 07:45:00-06	2018-10-08 08:15:00-06	Connection to new DB	2018-10-08 08:08:04.091373-06	0.50000	35	5	\N
46	2018-10-08 10:45:00-06	2018-10-08 11:30:00-06	Design & Planning	2018-10-08 11:31:11.850041-06	0.75000	34	5	\N
42	2018-10-08 08:15:00-06	2018-10-08 09:15:00-06	Software Install	2018-10-08 09:07:51.050698-06	1.00000	24	5	\N
43	2018-10-06 12:10:00-06	2018-10-06 13:25:00-06	trying code	2018-10-08 09:58:13.757767-06	1.25000	32	4	\N
44	2018-10-08 09:15:00-06	2018-10-08 10:00:00-06	Selection Algorithm	2018-10-08 11:20:03.225322-06	0.75000	3	5	\N
45	2018-10-08 10:00:00-06	2018-10-08 10:45:00-06	BOE update meeting	2018-10-08 11:29:47.628078-06	0.75000	37	5	\N
47	2018-10-01 09:30:00-06	2018-10-01 17:30:00-06	rewiring electrical boxes.	2018-10-08 12:00:38.126198-06	8.00000	26	3	\N
48	2018-10-02 08:30:00-06	2018-10-02 17:30:00-06	rewiring electrical boxes.	2018-10-08 12:03:17.871126-06	9.00000	26	3	\N
49	2018-10-03 06:30:00-06	2018-10-03 08:30:00-06	cleaning up wood shop.	2018-10-08 12:08:26.877628-06	2.00000	28	3	\N
50	2018-10-03 08:30:00-06	2018-10-03 17:00:00-06	Reprogramming octal relay boards.	2018-10-08 12:10:18.426498-06	8.50000	26	3	\N
51	2018-10-04 06:30:00-06	2018-10-04 17:00:00-06	Reprogramming octal relay boards.	2018-10-08 12:13:43.914081-06	10.50000	26	3	\N
52	2018-10-08 11:30:00-06	2018-10-08 12:15:00-06	BOE updates	2018-10-08 12:17:00.962204-06	0.75000	37	5	\N
54	2018-10-05 11:00:00-06	2018-10-05 14:30:00-06	Fixed 2 miss wire. Tested comm problem from desk. 	2018-10-08 12:20:43.003168-06	3.50000	26	3	\N
58	2018-10-08 10:30:00-06	2018-10-08 15:43:36-06	Draging cable from mud room.	2018-10-08 15:43:44.692841-06	5.22667	26	3	\N
56	2018-10-08 12:15:00-06	2018-10-08 13:15:00-06	Selection Algorithm	2018-10-08 13:10:28.553499-06	1.00000	3	5	\N
55	2018-10-08 12:45:00-06	2018-10-08 14:31:52-06	run errands	2018-10-08 14:31:56.498865-06	1.78111	28	7	\N
53	2018-10-05 10:00:00-06	2018-10-05 11:00:00-06	Picking up bad Torque motor PCB from Harris.	2018-10-08 14:55:54.937561-06	1.00000	38	3	\N
59	2018-10-08 15:00:00-06	2018-10-08 17:15:00-06	Selection Algorithm	2018-10-08 17:13:38.71859-06	2.25000	3	5	\N
60	2018-10-08 19:00:00-06	2018-10-08 19:15:00-06	Status	2018-10-08 19:17:06.491681-06	0.25000	21	5	\N
61	2018-10-08 20:15:00-06	2018-10-08 20:30:00-06	Payroll	2018-10-08 20:51:53.355959-06	0.25000	39	5	\N
62	2018-10-08 19:45:00-06	2018-10-08 20:15:00-06	Relay Board PF2 bug	2018-10-08 20:53:18.3244-06	0.50000	26	5	\N
63	2018-10-08 20:30:00-06	2018-10-08 21:15:00-06	Feature request	2018-10-08 21:13:41.597472-06	0.75000	31	5	\N
64	2018-10-09 07:30:00-06	2018-10-09 09:00:00-06	Selection Algorithm	2018-10-09 09:39:03.13494-06	1.50000	3	5	\N
65	2018-10-09 09:00:00-06	2018-10-09 10:00:00-06	NUWC IPT	2018-10-09 09:41:38.855465-06	1.00000	21	5	\N
57	2018-10-08 13:15:00-06	2018-10-08 15:00:00-06	Review FAT test hours	2018-10-09 10:13:29.368158-06	1.75000	37	5	\N
68	2018-10-08 10:00:00-06	2018-10-08 14:00:00-06	developing models	2018-10-09 12:11:58.503175-06	4.00000	32	4	\N
67	2018-10-09 10:00:00-06	2018-10-09 15:45:00-06	Selection Algorithm	2018-10-09 15:39:02.229993-06	5.75000	3	5	\N
66	2018-10-09 10:04:45-06	2018-10-09 14:46:15-06	upgrade Django version	2018-10-09 14:53:25.185993-06	4.69167	31	4	\N
69	2018-10-09 03:45:00-06	2018-10-09 05:15:00-06	Element Verification	2018-10-10 06:01:38.589988-06	1.50000	3	5	\N
70	2018-10-10 05:45:00-06	2018-10-10 06:00:00-06	Planning	2018-10-10 06:02:20.87696-06	0.25000	21	5	\N
72	2018-10-10 06:15:00-06	2018-10-10 06:30:00-06	Trusted Download	2018-10-10 07:15:31.93393-06	0.25000	22	5	\N
138	2018-10-17 13:30:00-06	2018-10-17 15:45:00-06	Bump detector	2018-10-17 15:45:53.136685-06	2.25000	3	5	\N
73	2018-10-10 06:30:00-06	2018-10-10 07:15:00-06	Element Verification	2018-10-10 07:16:35.049655-06	0.75000	3	5	\N
71	2018-10-09 07:00:00-06	2018-10-09 07:17:26-06	Adding switch to test box.	2018-10-10 07:18:53.32875-06	0.29056	25	3	\N
139	2018-10-17 15:45:00-06	2018-10-17 16:15:00-06	Element Verification	2018-10-17 16:08:14.68111-06	0.50000	3	5	\N
74	2018-10-09 07:20:00-06	2018-10-09 15:20:00-06	Adding a switch.	2018-10-10 07:22:03.788059-06	8.00000	25	3	\N
140	2018-10-17 19:00:00-06	2018-10-17 20:30:00-06	Element Verification	2018-10-17 20:59:40.482484-06	1.50000	3	5	\N
76	2018-10-10 07:15:00-06	2018-10-10 07:30:00-06	Selection Algorithm	2018-10-10 08:03:17.961576-06	0.25000	3	5	\N
77	2018-10-10 07:30:00-06	2018-10-10 08:00:00-06	Status meeting	2018-10-10 08:03:58.865012-06	0.50000	21	5	\N
142	2018-10-18 07:30:00-06	2018-10-18 08:15:00-06	Room set up	2018-10-18 08:09:43.109971-06	0.75000	3	5	\N
79	2018-10-10 08:00:00-06	2018-10-10 09:15:00-06	Data review	2018-10-10 09:32:01.555527-06	1.25000	42	5	\N
80	2018-10-10 09:15:00-06	2018-10-10 09:30:00-06	Oil leak	2018-10-10 09:32:55.157572-06	0.25000	15	5	\N
75	2018-10-10 07:00:00-06	2018-10-10 10:00:00-06	Repairing	2018-10-18 08:10:16.538722-06	3.00000	38	3	\N
81	2018-10-10 09:30:00-06	2018-10-10 10:00:00-06	Analysis	2018-10-10 10:40:26.449788-06	0.50000	41	5	\N
82	2018-10-10 10:00:00-06	2018-10-10 10:45:00-06	Discussions with Craig, Pictures 	2018-10-10 10:41:27.369498-06	0.75000	4	5	\N
83	2018-10-10 10:45:00-06	2018-10-10 11:00:00-06	Training Scott	2018-10-10 11:28:53.761184-06	0.25000	24	5	\N
84	2018-10-10 11:00:00-06	2018-10-10 11:30:00-06	Remapped 1065	2018-10-10 11:29:33.132044-06	0.50000	3	5	\N
85	2018-10-10 11:30:00-06	2018-10-10 12:45:00-06	Gathered test files	2018-10-10 12:38:38.286239-06	1.25000	5	5	\N
86	2018-10-10 12:45:00-06	2018-10-10 13:00:00-06	Training Scott	2018-10-10 12:51:51.725788-06	0.25000	24	5	\N
87	2018-10-10 13:15:00-06	2018-10-10 14:30:00-06	Impedance Consolidation	2018-10-10 14:25:33.322178-06	1.25000	41	5	\N
88	2018-10-10 10:00:01-06	2018-10-10 15:00:32-06	code	2018-10-18 08:10:49.057731-06	5.00861	26	3	\N
89	2018-10-10 15:01:00-06	2018-10-10 15:46:37-06	repairing octal bd.	2018-10-10 15:46:40.998585-06	0.76028	26	3	\N
90	2018-10-10 17:30:00-06	2018-10-10 19:45:00-06	Test file parse	2018-10-11 08:47:06.562579-06	2.25000	5	5	\N
92	2018-10-11 10:45:00-06	2018-10-11 12:00:00-06	Plot function	2018-10-11 11:08:00.174931-06	1.25000	5	5	\N
91	2018-10-11 09:52:41-06	2018-10-11 13:28:24-06	working on clockin and projects	2018-10-11 13:33:02.959287-06	3.59528	31	4	\N
143	2018-10-18 08:15:00-06	2018-10-18 08:30:00-06	Trim RVS update	2018-10-18 08:29:22.670349-06	0.25000	24	5	\N
93	2018-10-12 18:07:04-06	2018-10-12 20:05:30-06	removing compress and selector apps	2018-10-13 08:56:59.696248-06	1.97389	31	4	\N
94	2018-10-15 08:45:00-06	2018-10-15 09:45:00-06	Payroll and Invoices	2018-10-15 07:42:53.732971-06	1.00000	39	5	\N
95	2018-10-15 10:00:00-06	2018-10-15 10:45:00-06	Bump detector	2018-10-15 08:41:07.519894-06	0.75000	5	5	\N
129	2018-10-15 19:30:33-06	2018-10-15 21:16:28-06	getting rid of 1.8 requirements	2018-10-15 21:16:31.748018-06	1.76528	31	4	\N
130	2018-10-16 09:15:00-06	2018-10-16 12:15:00-06	PMR Slide review, PMR	2018-10-16 10:18:55.210538-06	3.00000	21	5	\N
131	2018-10-16 12:30:00-06	2018-10-16 15:15:00-06	PMR meeting	2018-10-16 13:13:35.118471-06	2.75000	21	5	\N
132	2018-10-16 11:00:00-06	2018-10-16 15:00:00-06	moving to new app	2018-10-16 21:12:03.878882-06	4.00000	31	4	\N
133	2018-10-16 21:15:03-06	2018-10-16 22:00:00-06	moving to new app	2018-10-17 09:58:56.11059-06	0.74917	31	4	\N
135	2018-10-17 08:00:00-06	2018-10-17 10:00:00-06	Bump	2018-10-17 12:18:00.671517-06	2.00000	3	5	\N
134	2018-10-17 09:53:00-06	2018-10-17 13:20:45-06	new app	2018-10-17 13:20:48.001682-06	3.46250	31	4	\N
136	2018-10-17 12:00:00-06	2018-10-17 13:30:00-06	Tuning evaluation	2018-10-17 13:38:18.864364-06	1.50000	75	5	\N
137	2018-10-17 13:59:06-06	2018-10-17 15:10:51-06	moving to new app	2018-10-17 15:10:55.345144-06	1.19583	31	4	\N
144	2018-10-18 08:30:00-06	2018-10-18 11:00:00-06	Fixed serial number bug	2018-10-18 10:57:42.432365-06	2.50000	2	5	\N
145	2018-10-18 11:00:00-06	2018-10-18 11:30:00-06	System design	2018-10-18 11:48:08.948497-06	0.50000	76	5	\N
146	2018-10-18 11:30:00-06	2018-10-18 12:30:00-06	Set up carrier testing	2018-10-18 12:28:12.776819-06	1.00000	2	5	\N
148	2018-10-18 12:30:00-06	2018-10-18 13:15:00-06	Meeting	2018-10-18 13:14:42.356621-06	0.75000	77	5	\N
149	2018-10-18 13:15:00-06	2018-10-18 15:00:00-06	Set up carrier testing	2018-10-18 15:04:13.119392-06	1.75000	2	5	\N
150	2018-10-18 15:00:00-06	2018-10-18 15:15:00-06	Still calculate rvs and cap when fails	2018-10-18 15:13:34.441722-06	0.25000	24	5	\N
154	2018-10-18 19:52:09-06	2018-10-18 21:22:00-06	moving to new app	2018-10-18 21:49:26.29845-06	1.49750	31	4	\N
141	2018-10-18 06:50:00-06	2018-10-18 11:00:00-06	modifing switch	2018-10-18 16:07:43.024264-06	4.16667	26	3	\N
152	2018-10-18 15:15:00-06	2018-10-18 16:30:00-06	Element Verification	2018-10-18 16:31:03.931876-06	1.25000	3	5	\N
147	2018-10-18 12:43:34-06	2018-10-18 16:19:27-06	moving to new app	2018-10-18 18:44:52.416952-06	3.59806	31	4	\N
153	2018-10-18 18:46:29-06	2018-10-18 19:14:58-06	moving to new app	2018-10-18 19:52:07.262022-06	0.47472	31	4	\N
156	2018-10-19 07:30:00-06	2018-10-19 08:45:00-06	Test setup	2018-10-19 08:49:25.048546-06	1.25000	2	5	\N
157	2018-10-19 09:00:00-06	2018-10-19 09:45:00-06	Security Clearance	2018-10-19 09:54:56.898095-06	0.75000	21	5	\N
158	2018-10-19 09:45:00-06	2018-10-19 10:00:00-06	Email Dan - Shaker fix	2018-10-19 09:56:34.050926-06	0.25000	15	5	\N
159	2018-10-19 10:00:00-06	2018-10-19 10:30:00-06	Specification for display	2018-10-19 10:31:43.905106-06	0.50000	12	5	\N
160	2018-10-19 10:30:00-06	2018-10-19 11:00:00-06	Electrical intermittent problem	2018-10-19 10:56:49.801404-06	0.50000	15	5	\N
155	2018-10-19 08:24:00-06	2018-10-19 11:46:24-06	moving to new app	2018-10-19 11:46:27.237097-06	3.37333	31	4	\N
161	2018-10-19 11:00:00-06	2018-10-19 12:15:00-06	Relay Board Meeting	2018-10-19 12:23:46.251502-06	1.25000	15	5	\N
162	2018-10-19 12:15:00-06	2018-10-19 13:45:00-06	Security Clearance	2018-10-19 13:52:38.554721-06	1.50000	21	5	\N
151	2018-10-18 11:00:01-06	2018-10-18 17:30:00-06	Designing Fixture.	2018-10-19 13:58:00.204802-06	6.49972	76	3	\N
163	2018-10-19 08:30:00-06	2018-10-19 14:41:37-06	Modifying MQQT switches, changing out house switc 	2018-10-19 14:41:41.804162-06	6.19361	26	3	\N
164	2018-10-19 13:45:00-06	2018-10-19 15:30:00-06	Element Verification	2018-10-19 15:28:22.020139-06	1.75000	3	5	\N
165	2018-10-19 15:00:00-06	2018-10-19 16:00:00-06	Verified display I have works and work on new code	2018-10-19 16:03:25.809938-06	1.00000	12	6	\N
167	2018-10-20 09:00:00-06	2018-10-20 14:30:00-06	cleaning shop	2018-10-20 15:07:12.688189-06	5.50000	28	7	\N
168	2018-10-19 13:00:00-06	2018-10-19 17:00:00-06	banking, paper work	2018-10-20 15:08:17.55911-06	4.00000	40	7	\N
166	2018-10-20 09:00:00-06	2018-10-20 15:21:19-06	Cleaning shop	2018-10-20 15:21:26.256093-06	6.35528	28	3	\N
169	2018-10-20 08:00:00-06	2018-10-20 15:00:00-06	Organized parts	2018-10-20 18:32:24.897476-06	7.00000	28	5	\N
170	2018-10-20 19:00:00-06	2018-10-20 20:15:00-06	Payroll and Invoices	2018-10-20 20:25:05.748592-06	1.25000	39	5	\N
171	2018-10-20 21:00:00-06	2018-10-20 23:00:00-06	Worked on displaying digits on the lcd screen.	2018-10-20 22:52:12.034188-06	2.00000	12	6	\N
173	2018-10-22 07:30:00-06	2018-10-22 07:45:00-06	Status meeting	2018-10-22 07:46:32.301586-06	0.25000	21	5	\N
212	2018-10-25 07:30:00-06	2018-10-25 07:45:00-06	Discussed carrier shelves with Jason	2018-10-25 08:09:17.909598-06	0.25000	2	5	\N
174	2018-10-22 07:45:00-06	2018-10-22 09:00:00-06	Visio and Meeting	2018-10-22 10:26:28.448209-06	1.25000	9	5	\N
175	2018-10-22 09:00:00-06	2018-10-22 09:30:00-06	Meeting	2018-10-22 10:27:41.476621-06	0.50000	10	5	\N
176	2018-10-22 09:30:00-06	2018-10-22 10:30:00-06	Parts order	2018-10-22 10:28:45.385343-06	1.00000	12	5	\N
177	2018-10-22 10:30:00-06	2018-10-22 10:45:00-06	Status meeting	2018-10-22 10:29:36.635115-06	0.25000	34	5	\N
178	2018-10-22 10:45:00-06	2018-10-22 12:00:00-06	IPT meeting	2018-10-22 12:17:31.935708-06	1.25000	21	5	\N
180	2018-10-22 12:00:00-06	2018-10-22 15:00:00-06	Board Layout	2018-10-22 14:53:11.663656-06	3.00000	2	5	\N
172	2018-10-22 06:53:48-06	2018-10-22 16:09:30-06	Cleaning, Training.	2018-10-22 16:09:34.794702-06	9.26167	28	3	\N
181	2018-10-22 07:30:00-06	2018-10-22 12:00:00-06	Assembled prototype boards	2018-10-22 16:12:04.010211-06	4.50000	36	8	\N
182	2018-10-22 12:30:00-06	2018-10-22 16:30:00-06	Assembled prototype boards	2018-10-22 16:12:34.406303-06	4.00000	36	8	\N
183	2018-10-22 08:00:00-06	2018-10-22 12:00:00-06	banking, paper work	2018-10-22 18:09:43.340503-06	4.00000	40	7	\N
179	2018-10-22 13:43:11-06	2018-10-22 16:24:00-06	deploying app to heroku	2018-10-22 19:57:58.099961-06	2.68028	31	4	\N
184	2018-10-22 19:58:02-06	2018-10-22 21:35:21-06	deploying app to heroku	2018-10-22 21:35:24.624774-06	1.62194	31	4	\N
213	2018-10-25 08:00:00-06	2018-10-25 08:30:00-06	Meeting with Amy	2018-10-25 08:45:18.877793-06	0.50000	34	5	\N
187	2018-10-23 06:45:00-06	2018-10-23 08:00:00-06	Carrier send out, Cable design	2018-10-23 08:02:34.967963-06	1.25000	2	5	\N
214	2018-10-25 08:30:00-06	2018-10-25 08:45:00-06	Status meeting with Amy	2018-10-25 08:47:11.133127-06	0.25000	21	5	\N
189	2018-10-23 08:15:00-06	2018-10-23 09:00:00-06	Cable board	2018-10-23 10:59:05.873199-06	0.75000	2	5	\N
190	2018-10-23 09:00:00-06	2018-10-23 10:00:00-06	NUWC IPT	2018-10-23 10:59:40.173699-06	1.00000	21	5	\N
191	2018-10-23 10:00:00-06	2018-10-23 12:30:00-06	Cable board design	2018-10-23 12:49:33.277548-06	2.50000	2	5	\N
188	2018-10-23 08:17:00-06	2018-10-23 12:45:00-06	updating database	2018-10-23 12:59:26.309166-06	4.46667	31	4	\N
185	2018-10-23 07:00:00-06	2018-10-23 11:15:00-06	Assembled prototype boards	2018-10-23 13:18:03.764719-06	4.25000	36	8	\N
192	2018-10-23 11:45:00-06	2018-10-23 13:20:00-06	Assembled prototype boards	2018-10-23 13:18:52.831647-06	1.58333	36	8	\N
193	2018-10-23 12:30:00-06	2018-10-23 14:30:00-06	Design Review - Cable Board	2018-10-23 15:23:41.143449-06	2.00000	2	5	\N
194	2018-10-23 15:30:00-06	2018-10-23 15:45:00-06	Ordered boards & parts	2018-10-23 15:36:58.256881-06	0.25000	2	5	\N
195	2018-10-23 15:45:00-06	2018-10-23 16:00:00-06	Ordered Stencils	2018-10-23 15:59:17.495728-06	0.25000	2	5	\N
196	2018-10-24 07:25:00-06	2018-10-24 07:40:00-06	Status meeting	2018-10-24 07:45:29.810054-06	0.25000	21	5	\N
186	2018-10-23 07:02:56-06	2018-10-23 15:30:00-06	Training Britney.	2018-10-24 14:13:16.670429-06	8.45111	36	3	\N
199	2018-10-24 07:40:00-06	2018-10-24 13:30:00-06	Element Verification	2018-10-24 14:21:50.800178-06	5.83333	3	5	\N
200	2018-10-24 13:30:00-06	2018-10-24 14:00:00-06	Meeting on NUWC code	2018-10-24 14:22:52.154539-06	0.50000	34	5	\N
201	2018-10-24 14:00:00-06	2018-10-24 14:15:00-06	PM follow up	2018-10-24 14:23:43.9147-06	0.25000	15	5	\N
202	2018-10-24 14:15:00-06	2018-10-24 14:30:00-06	Misc	2018-10-24 14:28:21.346469-06	0.25000	21	5	\N
198	2018-10-24 06:50:00-06	2018-10-24 15:18:23-06	Building holders.	2018-10-24 15:18:31.623623-06	8.47306	1	3	\N
203	2018-10-24 14:30:00-06	2018-10-24 15:00:00-06	Call to Henry and discussions	2018-10-24 15:54:27.688321-06	0.50000	34	5	\N
204	2018-10-24 15:00:00-06	2018-10-24 16:00:00-06	Status meeting with Amy	2018-10-24 15:55:44.897744-06	1.00000	21	5	\N
205	2018-10-24 16:00:00-06	2018-10-24 16:45:00-06	Aging calculations	2018-10-24 16:45:14.637173-06	0.75000	3	5	\N
197	2018-10-24 13:06:16-06	2018-10-24 16:48:00-06	put on new app and cache	2018-10-24 18:07:28.742625-06	3.69556	33	4	\N
206	2018-10-24 18:03:30-06	2018-10-24 18:34:50-06	changing timesheet view	2018-10-24 18:34:53.754696-06	0.52222	31	4	\N
207	2018-10-24 18:45:00-06	2018-10-24 19:15:00-06	Shop framing design	2018-10-24 19:36:36.995795-06	0.50000	28	5	\N
208	2018-10-24 19:15:00-06	2018-10-24 19:45:00-06	Oscilloscope order	2018-10-24 19:37:17.830543-06	0.50000	39	5	\N
209	2018-10-24 21:00:00-06	2018-10-24 22:21:00-06	changing timesheet view	2018-10-24 22:18:09.979131-06	1.35000	31	4	\N
443	2018-11-15 13:15:00-07	2018-11-15 15:00:00-07	Plots for BP1069 and BP1070	2018-11-15 14:57:45.168519-07	1.75000	3	5	\N
303	2018-11-05 07:40:00-07	2018-11-05 10:00:00-07	assembly	2018-11-05 11:32:27.364155-07	2.33333	29	7	10:00:00
328	2018-11-07 07:00:00-07	2018-11-07 15:31:21-07	Designing Fixture.	2018-11-07 15:31:26.9568-07	8.52250	1	3	\N
341	2018-11-07 13:22:51-07	2018-11-07 15:30:00-07	assembly	2018-11-07 17:15:46.398028-07	2.11917	29	7	15:30:00
627	2018-12-06 14:15:00-07	2018-12-06 14:45:00-07	Ordered parts	2018-12-06 14:46:56.391322-07	0.50000	8	5	14:45:00
338	2018-11-07 13:59:00-07	2018-11-07 17:51:18-07	finishing todo list, improving project form	2018-11-07 22:30:04.099391-07	3.87167	31	4	\N
458	2018-11-16 12:30:00-07	2018-11-16 12:45:00-07	Review	2018-11-16 12:50:10.944019-07	0.25000	82	5	\N
465	2018-11-17 10:00:00-07	2018-11-17 10:30:00-07	banking	2018-11-18 02:30:42.654116-07	0.50000	40	7	\N
343	2018-11-08 08:40:00-07	2018-11-08 09:15:00-07	banking, paper work	2018-11-08 09:47:01.709352-07	0.58333	40	7	09:15:00
466	2018-11-17 14:00:00-07	2018-11-17 15:45:00-07	cleaning shop	2018-11-18 02:31:38.548581-07	1.75000	28	7	\N
444	2018-11-15 15:00:00-07	2018-11-15 15:30:00-07	DFT research	2018-11-15 15:30:25.177684-07	0.50000	34	5	\N
628	2018-12-06 14:45:00-07	2018-12-06 15:15:00-07	GUI map array	2018-12-06 15:17:58.62557-07	0.50000	3	5	15:15:00
579	2018-11-30 11:00:00-07	2018-11-30 15:00:00-07	Organization/Inventory	2018-11-30 15:04:37.249939-07	4.00000	28	8	15:00:00
221	2018-10-26 06:57:00-06	2018-10-26 15:13:35-06	Designing Fixture.	2018-10-29 07:35:01.854342-06	8.27639	1	3	\N
459	2018-11-16 12:45:00-07	2018-11-16 13:30:00-07	Picked elements for study	2018-11-16 13:36:12.737772-07	0.75000	80	5	\N
340	2018-11-07 14:00:00-07	2018-11-07 16:00:00-07	Position elements	2018-11-07 16:05:02.785942-07	2.00000	3	5	15:45:00
451	2018-11-16 07:00:00-07	2018-11-16 14:30:00-07	Pick and place machine/Interconnecting wires	2018-11-16 14:29:37.531923-07	7.50000	2	8	\N
344	2018-11-08 10:25:00-07	2018-11-08 12:20:00-07	assembly	2018-11-08 12:20:40.007077-07	1.91667	29	7	12:20:00
450	2018-11-16 06:59:03-07	2018-11-16 14:32:04-07	Modifying 7 PCB to run MK48 Experiment.	2018-11-19 12:02:04.302823-07	7.55028	83	3	\N
470	2018-11-19 10:30:00-07	2018-11-19 11:30:00-07	Progeny IPT	2018-11-19 12:04:18.55749-07	1.00000	21	5	\N
634	2018-12-07 09:30:00-07	2018-12-07 14:30:00-07	GUI map array	2018-12-07 16:26:24.269524-07	5.00000	3	5	14:30:00
479	2018-11-19 13:00:00-07	2018-11-19 13:30:00-07	Invoices, Payroll	2018-11-19 13:29:05.559355-07	0.50000	40	5	\N
471	2018-11-19 08:30:00-07	2018-11-19 14:05:00-07	finishing form development and pushing to heroku	2018-11-19 14:19:59.15443-07	5.58333	32	4	\N
215	2018-10-25 08:45:00-06	2018-10-25 09:45:00-06	Aging calculations	2018-10-25 09:45:18.498811-06	1.00000	3	5	\N
216	2018-10-25 09:45:00-06	2018-10-25 11:00:00-06	Classified drive storage foam	2018-10-25 11:06:23.702662-06	1.25000	78	5	\N
217	2018-10-25 11:00:00-06	2018-10-25 14:00:00-06	Verify Sweep Files	2018-10-25 14:37:54.56367-06	3.00000	3	5	\N
211	2018-10-25 07:00:00-06	2018-10-25 15:00:00-06	Organization	2018-10-25 15:00:55.032557-06	8.00000	36	8	\N
218	2018-10-25 14:00:00-06	2018-10-25 14:45:00-06	Meeting with Anthony on MOD1 testing	2018-10-25 15:15:09.538496-06	0.75000	21	5	\N
210	2018-10-25 07:03:11-06	2018-10-25 15:15:29-06	building rack for shelves.	2018-10-25 15:15:32.359024-06	8.20500	1	3	\N
219	2018-10-25 15:15:00-06	2018-10-25 16:30:00-06	Verify Sweep Files	2018-10-25 16:34:14.848126-06	1.25000	3	5	\N
220	2018-10-25 16:30:00-06	2018-10-25 17:15:00-06	DFT research	2018-10-25 17:14:23.823335-06	0.75000	34	5	\N
224	2018-10-23 10:00:00-06	2018-10-23 12:00:00-06	banking, paper work	2018-10-26 07:39:49.638404-06	2.00000	39	7	\N
225	2018-10-24 14:00:00-06	2018-10-24 15:00:00-06	painting prep	2018-10-26 07:41:47.74783-06	1.00000	28	7	\N
226	2018-10-25 14:00:00-06	2018-10-25 17:00:00-06	run errands	2018-10-26 07:42:41.192644-06	3.00000	39	7	\N
227	2018-10-26 07:30:00-06	2018-10-26 07:45:00-06	Mapping shelf fixtures	2018-10-26 07:57:31.853223-06	0.25000	1	5	\N
229	2018-10-26 08:00:00-06	2018-10-26 09:15:32-06	finishing timesheet view	2018-10-26 09:15:35.331122-06	1.25889	31	4	\N
230	2018-10-26 08:00:00-06	2018-10-26 10:45:00-06	Spur integration	2018-10-26 10:44:28.239758-06	2.75000	3	5	\N
231	2018-10-26 10:45:00-06	2018-10-26 11:15:00-06	Map 1066	2018-10-26 11:14:50.664063-06	0.50000	79	5	\N
233	2018-10-26 11:15:00-06	2018-10-26 12:00:00-06	Spur integration	2018-10-26 12:11:10.933329-06	0.75000	3	5	\N
640	2018-12-07 18:00:00-07	2018-12-07 19:17:00-07	finish part view and change models	2018-12-07 19:23:54.286267-07	1.28333	32	4	19:13:00
232	2018-10-26 11:42:52-06	2018-10-26 16:05:50-06	changing end time	2018-10-26 16:05:53.811656-06	4.38278	31	4	\N
234	2018-10-26 12:00:00-06	2018-10-26 12:30:00-06	Hydrophone research	2018-10-26 12:34:02.705636-06	0.50000	3	5	\N
222	2018-10-26 07:00:00-06	2018-10-26 15:15:00-06	Organization	2018-10-26 15:13:33.230883-06	8.25000	28	8	\N
228	2018-10-26 07:42:41-06	2018-10-26 14:15:00-06	banking, paper work, painting	2018-10-26 15:20:26.544493-06	6.53861	39	7	\N
235	2018-10-26 12:30:00-06	2018-10-26 15:30:00-06	Element Verification Integration	2018-10-26 15:22:56.360708-06	3.00000	3	5	\N
236	2018-10-25 20:00:00-06	2018-10-25 23:00:00-06	Wrote class for lcd screen to draw a 4x4 grid of d	2018-10-26 17:38:29.853643-06	3.00000	12	6	\N
237	2018-10-26 14:00:00-06	2018-10-26 17:00:00-06	Finished testing lcd class and implemented command	2018-10-26 17:40:44.101202-06	3.00000	12	6	\N
78	2018-10-10 08:49:37-06	2018-10-10 14:35:06-06	finish upgrade and change projects and clockin	2018-10-10 15:44:52.425563-06	5.75806	31	4	\N
486	2018-11-20 08:00:00-07	2018-11-20 09:00:00-07	Signal plotting	2018-11-20 09:07:02.816111-07	1.00000	34	5	\N
650	2018-12-11 09:12:23-07	2018-12-11 13:35:00-07	work on javascript forms	2018-12-11 15:51:32.45122-07	4.37694	32	4	13:35:00
500	2018-11-20 16:00:00-07	2018-11-20 16:45:00-07	File compare	2018-11-20 16:46:49.417725-07	0.75000	3	5	16:45:00
646	2018-12-11 06:45:00-07	2018-12-11 17:35:00-07	Installing PCB's on to Carriers.	2018-12-12 07:18:24.769976-07	10.83333	2	3	\N
506	2018-11-21 08:46:00-07	2018-11-21 12:40:45-07	form validation and configuring excel import	2018-11-21 12:58:11.171093-07	3.91250	32	4	\N
512	2018-11-24 19:00:00-07	2018-11-24 20:00:00-07	Attenuator design	2018-11-24 23:31:15.496422-07	1.00000	34	5	20:00:00
659	2018-12-11 12:00:00-07	2018-12-11 14:30:00-07	assembly	2018-12-12 07:26:15.456015-07	2.50000	29	7	14:30:00
518	2018-11-26 08:15:00-07	2018-11-26 08:45:00-07	DFT coding	2018-11-26 09:30:00.254394-07	0.50000	34	5	08:45:00
524	2018-11-26 11:00:00-07	2018-11-26 11:30:00-07	foam, gluing	2018-11-26 11:51:36.191289-07	0.50000	29	7	11:30:00
663	2018-12-12 14:10:14-07	2018-12-12 17:59:45-07	figure out faster data input	2018-12-12 17:59:48.150994-07	3.82528	32	4	\N
530	2018-11-27 07:30:00-07	2018-11-27 09:30:00-07	DFT coding	2018-11-27 09:50:13.792942-07	2.00000	34	5	09:30:00
536	2018-11-27 13:00:00-07	2018-11-27 18:35:28-07	finding old redirects and changing cache	2018-11-27 20:35:36.475918-07	5.59111	33	4	\N
668	2018-12-13 07:45:00-07	2018-12-13 08:15:00-07	BP1063	2018-12-13 08:17:47.935948-07	0.50000	41	5	08:15:00
544	2018-11-28 07:45:00-07	2018-11-28 11:30:00-07	DFT coding	2018-11-28 11:37:39.036829-07	3.75000	34	5	11:30:00
550	2018-11-28 12:00:00-07	2018-11-28 13:00:00-07	Find replacement element	2018-11-28 13:17:37.316682-07	1.00000	81	5	13:00:00
558	2018-11-28 20:00:00-07	2018-11-28 21:00:00-07	Updated libraries	2018-11-28 22:53:17.46678-07	1.00000	86	5	21:00:00
559	2018-11-28 21:00:00-07	2018-11-28 22:00:00-07	Shop front material list	2018-11-28 22:53:44.54336-07	1.00000	39	5	22:00:00
673	2018-12-13 10:00:00-07	2018-12-13 13:30:00-07	Map BP1073 & BP1074	2018-12-13 13:37:59.362661-07	3.50000	81	5	13:30:00
566	2018-11-29 10:00:00-07	2018-11-29 17:00:00-07	Reciprocity issue	2018-11-29 17:05:25.871559-07	7.00000	81	5	17:00:00
572	2018-11-30 08:15:00-07	2018-11-30 10:00:00-07	Map audit function	2018-11-30 11:12:34.508111-07	1.75000	3	5	10:00:00
586	2018-12-03 10:45:00-07	2018-12-03 12:15:00-07	Progeny IPT	2018-12-03 12:10:23.711268-07	1.50000	21	5	12:15:00
678	2018-12-13 14:15:00-07	2018-12-13 15:30:00-07	IR tester	2018-12-13 15:32:02.429164-07	1.25000	8	5	15:30:00
592	2018-12-04 07:00:00-07	2018-12-04 08:15:00-07	Map verification - test setup	2018-12-04 08:07:45.727312-07	1.25000	3	5	08:15:00
597	2018-12-04 09:45:00-07	2018-12-04 10:30:00-07	Trusted Download	2018-12-04 10:27:44.205598-07	0.75000	3	5	10:30:00
603	2018-12-04 13:45:00-07	2018-12-04 14:45:00-07	BP1070 map	2018-12-04 15:01:39.104744-07	1.00000	81	5	14:45:00
684	2018-12-14 07:45:00-07	2018-12-14 09:10:00-07	banking, shopping	2018-12-14 09:09:53.293217-07	1.41667	40	7	09:10:00
608	2018-12-05 08:00:00-07	2018-12-05 15:00:00-07	Position elements fix	2018-12-05 15:27:14.39766-07	7.00000	3	5	15:00:00
613	2018-12-05 15:00:00-07	2018-12-05 15:30:00-07	Status with Amy	2018-12-05 15:27:50.650659-07	0.50000	21	5	15:30:00
618	2018-12-06 07:00:00-07	2018-12-06 08:00:00-07	Reprogramming octal relay boards.	2018-12-06 09:24:42.954155-07	1.00000	26	3	08:00:00
683	2018-12-14 08:30:00-07	2018-12-14 09:45:00-07	Image viewer	2018-12-14 10:24:18.878229-07	1.25000	3	5	09:45:00
619	2018-12-06 08:00:00-07	2018-12-06 09:30:00-07	Reprogramming Torque controller board .	2018-12-06 09:31:53.47388-07	1.50000	38	3	09:30:00
688	2018-12-14 10:30:00-07	2018-12-14 12:30:00-07	Mapping plot viewer	2018-12-14 12:40:06.371806-07	2.00000	3	5	12:30:00
689	2018-12-14 12:30:00-07	2018-12-14 13:30:00-07	Trusted Download	2018-12-14 14:46:02.178305-07	1.00000	80	5	13:00:00
696	2018-12-15 19:00:00-07	2018-12-15 19:40:00-07	office	2018-12-15 19:39:44.506066-07	0.66667	40	7	19:40:00
729	2018-12-19 08:00:00-07	2018-12-19 08:30:00-07	Helped Chris debug	2018-12-19 09:06:08.891138-07	0.50000	34	5	08:30:00
730	2018-12-19 08:30:00-07	2018-12-19 09:00:00-07	700Hz elements	2018-12-19 09:06:37.364195-07	0.50000	84	5	09:00:00
1022	2019-01-26 17:45:00-07	2019-01-26 19:45:00-07	Remap elements	2019-01-26 19:46:40.431277-07	2.00000	81	5	19:45:00
731	2018-12-19 09:00:00-07	2018-12-19 09:15:00-07	Printed Map, Trained James	2018-12-19 09:15:03.487862-07	0.25000	8	5	09:15:00
732	2018-12-19 09:15:00-07	2018-12-19 09:30:00-07	Helped Chris debug	2018-12-19 09:32:47.513738-07	0.25000	34	5	09:30:00
734	2018-12-19 09:30:00-07	2018-12-19 10:15:00-07	Plot function	2018-12-19 10:11:58.816638-07	0.75000	3	5	10:15:00
733	2018-12-19 08:00:00-07	2018-12-19 10:20:00-07	Labels	2018-12-19 10:41:32.212886-07	2.33333	40	7	10:20:00
735	2018-12-19 10:15:00-07	2018-12-19 10:30:00-07	Helped Chris debug	2018-12-19 10:56:09.633682-07	0.25000	34	5	10:30:00
1008	2019-01-24 08:50:00-07	2019-01-24 17:03:00-07	change MO and enter parts	2019-01-24 17:04:00.589564-07	8.21667	32	4	\N
736	2018-12-19 10:30:00-07	2018-12-19 11:15:00-07	Mapping function finish	2018-12-19 11:38:03.444007-07	0.75000	3	5	11:15:00
737	2018-12-19 11:15:00-07	2018-12-19 11:30:00-07	Debugging with Chris	2018-12-19 11:38:55.681685-07	0.25000	34	5	11:30:00
1006	2019-01-24 06:45:00-07	2019-01-24 17:30:00-07	installing air lines.	2019-01-25 08:06:06.470156-07	10.75000	28	3	\N
739	2018-12-19 13:00:00-07	2018-12-19 14:00:00-07	banking, SHOPPING	2018-12-19 14:41:52.843995-07	1.00000	40	7	14:00:00
727	2018-12-19 07:10:00-07	2018-12-19 13:00:00-07	Making test cables.	2018-12-19 15:11:24.951691-07	5.83333	1	3	\N
1015	2019-01-24 17:30:00-07	2019-01-24 18:50:00-07	Trainning Brittany on pick and place machine.	2019-01-25 08:07:33.077997-07	1.33333	29	3	18:50:00
772	2018-12-19 13:00:00-07	2018-12-19 15:40:00-07	Reprogramming Torque controller board .	2018-12-19 15:13:49.261331-07	2.66667	38	3	15:00:00
738	2018-12-19 11:30:00-07	2018-12-19 14:30:00-07	Carrier loading setup	2018-12-19 15:17:26.685201-07	3.00000	3	5	14:00:00
773	2018-12-19 14:30:00-07	2018-12-19 15:15:00-07	Status and Task List	2018-12-19 15:18:05.554793-07	0.75000	34	5	15:15:00
774	2018-12-19 15:15:00-07	2018-12-19 17:15:00-07	Plot viewer integration	2018-12-19 17:08:41.880482-07	2.00000	3	5	17:15:00
775	2018-12-19 16:00:00-07	2018-12-19 16:30:00-07	trash	2018-12-19 17:09:57.681398-07	0.50000	40	7	16:30:00
776	2018-12-20 05:45:00-07	2018-12-20 06:45:00-07	TI-08 email	2018-12-20 06:45:49.282621-07	1.00000	34	5	06:45:00
777	2018-12-20 06:45:00-07	2018-12-20 08:00:00-07	Wait for event	2018-12-20 08:34:01.336802-07	1.25000	3	5	08:00:00
779	2018-12-20 08:00:00-07	2018-12-20 08:30:00-07	Chris status	2018-12-20 08:34:39.72972-07	0.50000	34	5	08:30:00
780	2018-12-20 08:30:00-07	2018-12-20 11:15:00-07	Wait for event	2018-12-20 14:31:38.037668-07	2.75000	3	5	11:15:00
782	2018-12-20 11:15:00-07	2018-12-20 11:30:00-07	Remap issue	2018-12-20 14:32:29.88482-07	0.25000	80	5	11:30:00
778	2018-12-20 07:01:41-07	2018-12-20 15:32:33-07	Removing garage door.	2018-12-20 15:32:39.307846-07	8.51444	28	3	\N
781	2018-12-20 14:15:00-07	2018-12-20 16:00:00-07	banking, paper work	2018-12-20 16:08:35.610152-07	1.75000	40	7	16:00:00
783	2018-12-20 11:30:00-07	2018-12-20 14:30:00-07	Issue resolution	2018-12-20 16:26:30.002693-07	3.00000	34	5	14:30:00
784	2018-12-20 14:30:00-07	2018-12-20 16:00:00-07	Postion list	2018-12-20 16:27:36.238949-07	1.50000	3	5	16:00:00
785	2018-12-20 16:00:00-07	2018-12-20 16:30:00-07	Meeting with Ryan	2018-12-20 16:28:49.825291-07	0.50000	34	5	16:30:00
786	2018-12-20 16:30:00-07	2018-12-20 18:30:00-07	Map pulling	2018-12-20 19:58:44.924882-07	2.00000	3	5	18:30:00
787	2018-12-20 17:30:00-07	2018-12-20 21:00:00-07	Organization	2018-12-20 20:24:02.888945-07	3.50000	28	8	21:00:00
788	2018-12-21 05:30:00-07	2018-12-21 06:15:00-07	Map pulling	2018-12-21 06:19:00.864491-07	0.75000	3	5	06:15:00
789	2018-12-21 06:15:00-07	2018-12-21 07:00:00-07	Quarterly PM training	2018-12-21 07:00:27.944565-07	0.75000	15	5	07:00:00
791	2018-12-21 07:00:00-07	2018-12-21 09:15:00-07	Testing process	2018-12-21 09:16:58.348586-07	2.25000	8	5	09:15:00
792	2018-12-21 09:15:00-07	2018-12-21 10:45:00-07	Reading .mat files from scipy	2018-12-21 10:49:57.050088-07	1.50000	90	5	10:45:00
793	2018-12-21 10:45:00-07	2018-12-21 12:00:00-07	File analysis	2018-12-21 13:27:28.784544-07	1.25000	90	5	12:00:00
794	2018-12-21 12:00:00-07	2018-12-21 13:15:00-07	Status meeting	2018-12-21 13:28:18.611476-07	1.25000	34	5	13:15:00
795	2018-12-21 13:15:00-07	2018-12-21 13:30:00-07	Channels 8 & 9	2018-12-21 13:29:06.806941-07	0.25000	8	5	13:30:00
796	2018-12-21 13:30:00-07	2018-12-21 14:00:00-07	Unmap noses	2018-12-21 13:56:16.601186-07	0.50000	80	5	14:00:00
790	2018-12-21 06:52:10-07	2018-12-21 15:01:31-07	Installing Air and Electrical in south wall.	2018-12-21 15:01:36.808085-07	8.15583	28	3	\N
797	2018-12-21 08:30:00-07	2018-12-21 09:00:00-07	run errands	2018-12-21 21:13:06.528991-07	0.50000	40	7	09:00:00
798	2018-12-22 11:46:24-07	2018-12-22 14:00:00-07	paper work	2018-12-22 14:16:47.416928-07	2.22667	40	7	14:00:00
799	2018-12-22 11:00:00-07	2018-12-22 15:29:39-07	cleaning shop	2018-12-22 15:29:44.925077-07	4.49417	28	3	\N
802	2018-12-24 09:00:00-07	2018-12-24 10:00:00-07	tax filings	2018-12-24 10:13:23.225389-07	1.00000	40	7	10:00:00
800	2018-12-24 06:56:31-07	2018-12-24 11:57:57-07	cleaning shop.	2018-12-24 11:57:59.84269-07	5.02389	28	3	\N
801	2018-12-24 07:30:00-07	2018-12-24 16:30:00-07	Window seek	2018-12-24 16:28:17.29579-07	9.00000	34	5	16:30:00
804	2018-12-26 09:20:00-07	2018-12-26 09:45:00-07	banking	2018-12-26 09:48:03.510807-07	0.41667	40	7	09:45:00
803	2018-12-26 07:30:00-07	2018-12-26 12:15:00-07	DFT evaluation	2018-12-26 12:47:59.453623-07	4.75000	34	5	09:45:00
806	2018-12-26 12:45:00-07	2018-12-26 13:45:00-07	DFT magnitude research	2018-12-26 13:49:12.208991-07	1.00000	34	5	13:45:00
807	2018-12-26 15:45:00-07	2018-12-26 17:45:00-07	DFT magnitude research	2018-12-26 17:37:29.742458-07	2.00000	34	5	17:45:00
817	2018-12-28 20:15:00-07	2018-12-28 22:45:00-07	Parsing test results	2018-12-28 22:47:11.389386-07	2.50000	34	5	22:45:00
805	2018-12-26 12:28:01-07	2018-12-26 17:44:00-07	creating models for parts and migrate mrp system	2018-12-26 22:24:55.118345-07	5.26639	32	4	17:00:00
808	2018-12-27 07:15:00-07	2018-12-27 09:45:00-07	Making	2018-12-27 11:28:17.203876-07	2.50000	34	5	09:45:00
811	2018-12-27 15:47:27-07	2018-12-27 16:59:50-07	finish models	2018-12-27 17:00:10.535888-07	1.20639	32	4	\N
812	2018-12-27 16:59:51-07	2018-12-27 18:27:00-07	fix filters and enter in parts	2018-12-27 19:14:02.467759-07	1.45250	32	4	\N
809	2018-12-27 11:15:00-07	2018-12-27 16:00:00-07	Making CDs	2018-12-27 20:43:37.285977-07	4.75000	34	5	16:00:00
813	2018-12-27 17:30:00-07	2018-12-27 21:00:00-07	Assemble boards	2018-12-27 20:53:59.946062-07	3.50000	1	8	21:00:00
815	2018-12-28 14:00:18-07	2018-12-28 16:58:14-07	setting up api	2018-12-28 16:58:16.884263-07	2.96556	32	4	\N
814	2018-12-28 10:00:00-07	2018-12-28 15:00:00-07	CD	2018-12-28 20:04:17.063521-07	5.00000	34	5	15:00:00
816	2018-12-28 15:00:00-07	2018-12-28 16:30:00-07	BP1063 CD fix	2018-12-28 20:05:04.857989-07	1.50000	41	5	16:30:00
818	2018-12-29 08:15:00-07	2018-12-29 09:45:00-07	CD completion	2018-12-29 09:44:34.063723-07	1.50000	34	5	09:45:00
820	2018-12-27 09:00:00-07	2018-12-27 10:30:00-07	mill machine	2018-12-29 14:33:47.48253-07	1.50000	40	7	10:30:00
821	2018-12-28 12:00:00-07	2018-12-28 13:00:00-07	banking, paper work	2018-12-29 14:34:13.09292-07	1.00000	40	7	13:00:00
819	2018-12-29 09:45:00-07	2018-12-29 15:30:00-07	ADAS 004 Calibration	2018-12-29 15:34:01.78126-07	5.75000	11	5	15:30:00
714	2018-12-18 07:09:07-07	2018-12-18 15:30:00-07	inspecting the Array Sweep PCB's.	2018-12-30 16:49:26.703136-07	8.34806	8	3	\N
822	2018-12-31 11:26:55-07	2018-12-31 16:30:03-07	set up API	2018-12-31 16:44:12.04239-07	5.05222	32	4	\N
823	2019-01-01 10:15:00-07	2019-01-01 12:00:00-07	Test report	2019-01-01 12:00:53.475767-07	1.75000	34	5	12:00:00
824	2019-01-02 07:30:00-07	2019-01-02 09:00:00-07	Status & planning	2019-01-02 09:03:52.578179-07	1.50000	21	5	09:00:00
825	2019-01-02 09:00:00-07	2019-01-02 10:45:00-07	BP1067 replacement elements	2019-01-02 10:49:24.076094-07	1.75000	81	5	10:45:00
826	2019-01-02 10:45:00-07	2019-01-02 11:15:00-07	BP1064 Checked Analysis	2019-01-02 11:21:55.215454-07	0.50000	41	5	11:15:00
827	2019-01-02 11:15:00-07	2019-01-02 13:00:00-07	RVS failure analysis	2019-01-02 16:41:21.293641-07	1.75000	41	5	11:45:00
828	2019-01-02 13:00:00-07	2019-01-02 14:00:00-07	Progeny Meeting	2019-01-02 16:41:54.512378-07	1.00000	34	5	14:00:00
830	2019-01-02 14:00:00-07	2019-01-02 16:45:00-07	Failure analysis	2019-01-02 16:43:26.182935-07	2.75000	91	5	16:45:00
829	2019-01-02 16:42:58-07	2019-01-02 18:46:00-07	mouser api	2019-01-02 19:21:17.316978-07	2.05056	32	4	18:46:00
831	2019-01-02 18:45:00-07	2019-01-02 22:45:00-07	Simulation frequency shift detect	2019-01-02 22:49:24.489951-07	4.00000	34	5	22:45:00
832	2019-01-03 07:45:00-07	2019-01-03 08:30:00-07	Status	2019-01-03 09:51:51.321593-07	0.75000	21	5	08:30:00
833	2019-01-03 08:30:00-07	2019-01-03 09:45:00-07	Failure analysis meeting	2019-01-03 09:52:27.407422-07	1.25000	91	5	09:45:00
834	2019-01-03 09:45:00-07	2019-01-03 11:30:00-07	Henry call and Barker code	2019-01-03 11:26:27.046105-07	1.75000	34	5	11:30:00
1011	2019-01-24 15:00:00-07	2019-01-24 16:00:00-07	Tested quad DF11 board and compiled autodriver	2019-01-24 16:25:15.75125-07	1.00000	30	6	16:00:00
835	2019-01-03 11:30:00-07	2019-01-03 13:15:00-07	Progeny IPT	2019-01-03 13:19:18.136771-07	1.75000	21	5	13:15:00
836	2019-01-03 13:15:00-07	2019-01-03 13:30:00-07	Ryan - sync method	2019-01-03 14:01:11.043701-07	0.25000	34	5	13:30:00
837	2019-01-03 13:30:00-07	2019-01-03 14:00:00-07	Kick off meeting	2019-01-03 14:02:19.263845-07	0.50000	92	5	14:00:00
838	2019-01-03 14:00:00-07	2019-01-03 14:45:00-07	Meeting with Shawn	2019-01-03 14:37:56.139625-07	0.75000	21	5	14:45:00
839	2019-01-03 14:45:00-07	2019-01-03 15:15:00-07	Tried to get the analysis software working	2019-01-03 15:17:38.352404-07	0.50000	90	5	15:15:00
841	2019-01-03 15:15:00-07	2019-01-03 15:30:00-07	Status & planning	2019-01-03 18:50:57.9151-07	0.25000	21	5	15:30:00
840	2019-01-03 17:30:00-07	2019-01-03 21:00:00-07	Assemble boards	2019-01-03 21:03:51.200229-07	3.50000	1	8	21:00:00
874	2019-01-04 07:30:00-07	2019-01-04 07:45:00-07	Status & planning	2019-01-04 07:48:12.60662-07	0.25000	21	5	07:45:00
875	2019-01-04 07:45:00-07	2019-01-04 09:45:00-07	TI-08 test plan	2019-01-04 10:30:00.75387-07	2.00000	34	5	09:45:00
876	2019-01-04 09:45:00-07	2019-01-04 10:30:00-07	Meeting with Shawn	2019-01-04 10:30:38.370302-07	0.75000	21	5	10:30:00
877	2019-01-04 10:30:00-07	2019-01-04 11:00:00-07	TI-08 test plan	2019-01-04 11:05:26.409396-07	0.50000	34	5	11:00:00
879	2019-01-04 09:15:00-07	2019-01-04 11:00:00-07	banking, paper work	2019-01-04 11:35:28.215605-07	1.75000	40	7	11:00:00
880	2019-01-02 10:00:00-07	2019-01-02 11:00:00-07	run errands	2019-01-04 11:36:00.343644-07	1.00000	40	7	11:00:00
881	2019-01-03 12:00:00-07	2019-01-03 13:00:00-07	banking, paper work	2019-01-04 11:36:24.416398-07	1.00000	40	7	13:00:00
882	2018-12-31 11:00:00-07	2018-12-31 13:00:00-07	banking, paper work	2019-01-04 11:37:16.395662-07	2.00000	40	7	13:00:00
878	2019-01-04 11:00:00-07	2019-01-04 11:30:00-07	Mapping display board	2019-01-04 11:59:05.634288-07	0.50000	3	5	11:30:00
883	2019-01-04 11:30:00-07	2019-01-04 12:00:00-07	IR failure discussion with Rick and Jon	2019-01-04 11:59:40.553866-07	0.50000	91	5	12:00:00
884	2019-01-04 12:00:00-07	2019-01-04 12:15:00-07	Mapping display board	2019-01-04 12:17:07.039526-07	0.25000	3	5	12:15:00
885	2019-01-04 12:15:00-07	2019-01-04 13:15:00-07	Tuning element selection	2019-01-04 13:13:30.732151-07	1.00000	84	5	13:15:00
886	2019-01-04 13:15:00-07	2019-01-04 17:00:00-07	Analysis and software	2019-01-04 16:59:20.075431-07	3.75000	34	5	17:00:00
887	2019-01-05 07:45:00-07	2019-01-05 09:15:00-07	Analysis software	2019-01-05 09:19:49.659089-07	1.50000	34	5	09:15:00
888	2019-01-05 10:00:00-07	2019-01-05 12:15:00-07	Analysis software	2019-01-05 12:30:38.628651-07	2.25000	34	5	12:15:00
889	2019-01-05 12:45:00-07	2019-01-05 16:45:00-07	Analysis software	2019-01-05 16:47:07.598006-07	4.00000	34	5	16:45:00
890	2019-01-07 07:00:00-07	2019-01-07 08:00:00-07	Status	2019-01-07 09:34:38.289166-07	1.00000	21	5	08:00:00
892	2019-01-07 08:00:00-07	2019-01-07 08:30:00-07	IR failure meeting	2019-01-07 09:35:22.412099-07	0.50000	91	5	08:30:00
893	2019-01-07 08:30:00-07	2019-01-07 09:30:00-07	TI-08 status	2019-01-07 09:36:06.953004-07	1.00000	21	5	09:30:00
894	2019-01-07 09:30:00-07	2019-01-07 10:45:00-07	Print map for 2 elements	2019-01-07 10:48:26.149436-07	1.25000	81	5	10:45:00
895	2019-01-07 10:45:00-07	2019-01-07 12:15:00-07	Progeny IPT	2019-01-07 12:26:33.568296-07	1.50000	21	5	12:15:00
896	2019-01-07 09:15:00-07	2019-01-07 10:00:00-07	cleaning shop	2019-01-07 15:20:05.755409-07	0.75000	40	7	10:00:00
897	2019-01-07 06:30:00-07	2019-01-07 07:00:00-07	banking	2019-01-07 15:20:37.910716-07	0.50000	40	7	07:00:00
898	2019-01-07 13:00:00-07	2019-01-07 15:00:00-07	run errands	2019-01-07 15:21:27.224204-07	2.00000	40	7	15:00:00
899	2019-01-07 12:15:00-07	2019-01-07 13:45:00-07	TI-08	2019-01-07 15:24:36.344457-07	1.50000	81	5	13:45:00
900	2019-01-07 13:45:00-07	2019-01-07 15:30:00-07	Tuning element verification	2019-01-07 15:26:57.169976-07	1.75000	84	5	15:30:00
901	2019-01-07 15:30:00-07	2019-01-07 17:45:00-07	TI-08	2019-01-07 17:41:05.774684-07	2.25000	81	5	17:45:00
902	2019-01-07 17:30:00-07	2019-01-07 21:00:00-07	Assemble boards	2019-01-07 20:49:36.124714-07	3.50000	1	8	21:00:00
903	2019-01-07 18:15:00-07	2019-01-07 22:15:00-07	TI-08	2019-01-07 22:13:31.862936-07	4.00000	81	5	22:15:00
904	2019-01-07 20:30:00-07	2019-01-07 22:23:00-07	getting data from mouser	2019-01-07 22:23:33.435359-07	1.88333	32	4	\N
891	2019-01-07 07:00:00-07	2019-01-07 17:10:00-07	Wiring shop.	2019-01-08 07:22:07.865138-07	10.16667	28	3	\N
907	2019-01-08 09:45:00-07	2019-01-08 11:00:00-07	banking, paper work	2019-01-08 12:36:05.162945-07	1.25000	40	7	11:00:00
908	2019-01-08 11:00:00-07	2019-01-08 12:30:00-07	assembly	2019-01-08 12:36:29.998974-07	1.50000	39	7	12:30:00
906	2019-01-08 07:22:07-07	2019-01-08 17:34:11-07	Installing air and electrical in shop.	2019-01-08 17:34:17.640425-07	10.20111	28	3	\N
910	2019-01-08 14:00:00-07	2019-01-08 14:30:00-07	run errands	2019-01-08 18:52:10.632556-07	0.50000	40	7	14:30:00
911	2019-01-08 19:00:04-07	2019-01-08 20:41:00-07	getting mouser data set up	2019-01-08 20:44:25.564896-07	1.68222	32	4	20:41:00
912	2019-01-09 07:30:00-07	2019-01-09 08:00:00-07	Status meeting	2019-01-09 08:15:16.294364-07	0.50000	21	5	08:00:00
913	2019-01-09 08:00:00-07	2019-01-09 08:15:00-07	Partial test file problem	2019-01-09 08:15:41.083777-07	0.25000	80	5	08:15:00
915	2019-01-09 09:00:08-07	2019-01-09 11:10:00-07	assembly	2019-01-09 11:12:18.280461-07	2.16444	29	7	11:10:00
917	2019-01-10 13:45:00-07	2019-01-10 15:38:35-07	assembly, errands	2019-01-10 15:39:40.854448-07	1.89306	29	7	\N
919	2019-01-09 16:15:00-07	2019-01-09 20:30:00-07	Mapping BP1077 and test failure analysis	2019-01-09 20:34:34.105568-07	4.25000	81	5	20:30:00
920	2019-01-10 07:15:00-07	2019-01-10 08:00:00-07	Status	2019-01-10 08:03:50.963797-07	0.75000	21	5	08:00:00
922	2019-01-10 06:55:00-07	2019-01-10 17:05:19-07	Wiring shop.	2019-01-10 17:05:23.630061-07	10.17194	28	3	\N
923	2019-01-10 17:30:00-07	2019-01-10 20:30:00-07	Assemble boards	2019-01-10 20:23:22.641671-07	3.00000	1	8	20:30:00
921	2019-01-10 08:00:00-07	2019-01-10 09:30:00-07	Mapping	2019-01-10 21:52:09.180258-07	1.50000	80	5	09:30:00
924	2019-01-10 09:30:00-07	2019-01-10 12:00:00-07	Working with Henry	2019-01-10 21:52:52.530964-07	2.50000	34	5	12:00:00
925	2019-01-10 12:00:00-07	2019-01-10 12:30:00-07	Status	2019-01-10 21:54:07.498178-07	0.50000	21	5	12:30:00
926	2019-01-10 12:30:00-07	2019-01-10 22:00:00-07	Working with Henry	2019-01-10 21:54:33.821157-07	9.50000	34	5	22:00:00
928	2019-01-11 09:37:41-07	2019-01-11 11:43:00-07	paper work	2019-01-11 11:43:37.989526-07	2.08861	40	7	11:43:00
916	2019-01-09 09:02:40-07	2019-01-09 14:05:17-07	mouser data scraping	2019-01-11 12:13:31.361434-07	5.04361	32	4	\N
927	2019-01-11 06:45:00-07	2019-01-11 14:00:00-07	Working with Henry	2019-01-11 14:24:16.9898-07	7.25000	34	5	14:00:00
914	2019-01-09 08:15:00-07	2019-01-09 16:15:00-07	TI-08	2019-01-11 14:25:39.359796-07	8.00000	34	5	16:15:00
930	2019-01-11 14:00:00-07	2019-01-11 14:30:00-07	Status meeting	2019-01-11 21:49:07.353125-07	0.50000	21	5	14:30:00
931	2019-01-12 09:33:33-07	2019-01-12 18:22:54-07	Installing windows.	2019-01-12 18:23:02.192214-07	8.82250	28	3	\N
932	2019-01-14 07:00:00-07	2019-01-14 15:17:43-07	Wiring shop.	2019-01-14 15:17:50.329721-07	8.29528	28	3	\N
918	2019-01-09 06:50:00-07	2019-01-09 12:00:00-07	Wiring shop.	2019-01-14 07:16:21.089459-07	5.16667	28	3	\N
934	2019-01-09 14:30:00-07	2019-01-09 17:15:00-07	Replacing 2ea. 32 pin DF-11 connectors on docking.	2019-01-14 07:56:01.211387-07	2.75000	125	3	\N
933	2019-01-09 12:00:00-07	2019-01-09 14:30:00-07	Replacing 2 pin connector at Harris.	2019-01-14 07:56:22.092935-07	2.50000	126	3	\N
909	2019-01-08 16:30:00-07	2019-01-08 18:45:00-07	Working with Henry	2019-01-14 08:56:38.158306-07	2.25000	34	5	18:45:00
905	2019-01-08 06:30:00-07	2019-01-08 16:30:00-07	Working with Henry	2019-01-14 08:57:01.384821-07	10.00000	34	5	06:45:00
937	2019-01-14 09:12:28-07	2019-01-14 09:26:00-07	banking, paper work	2019-01-14 09:26:45.869518-07	0.22556	40	7	09:26:00
936	2019-01-14 08:30:00-07	2019-01-14 09:12:00-07	misc shop stuff	2019-01-14 09:12:28.437914-07	0.70000	28	7	09:12:00
1003	2019-01-23 15:40:00-07	2019-01-23 16:38:00-07	debugging, adding to API	2019-01-24 10:32:15.917664-07	0.96667	32	4	\N
938	2019-01-12 11:00:00-07	2019-01-12 16:00:00-07	errands for garage	2019-01-14 09:27:38.058455-07	5.00000	40	7	16:00:00
1012	2019-01-24 17:30:00-07	2019-01-24 21:00:00-07	Assemble boards	2019-01-24 20:51:48.008893-07	3.50000	29	8	21:00:00
935	2019-01-14 09:15:00-07	2019-01-14 10:30:00-07	Software	2019-01-14 11:40:48.834943-07	1.25000	3	5	10:30:00
940	2019-01-14 10:30:00-07	2019-01-14 11:45:00-07	Progeny IPT	2019-01-14 11:41:17.377979-07	1.25000	21	5	11:45:00
941	2019-01-14 11:45:00-07	2019-01-14 12:15:00-07	ADAS 004 Calibration OQE	2019-01-14 12:25:38.379127-07	0.50000	11	5	12:15:00
942	2019-01-14 12:15:00-07	2019-01-14 12:30:00-07	AITS test review	2019-01-14 12:26:16.814564-07	0.25000	92	5	12:30:00
943	2019-01-14 12:30:00-07	2019-01-14 13:45:00-07	Element Verification	2019-01-14 13:46:09.260487-07	1.25000	3	5	13:45:00
1020	2019-01-26 09:45:00-07	2019-01-26 16:45:00-07	Remap function	2019-01-26 16:43:34.919616-07	7.00000	3	5	16:45:00
945	2019-01-14 06:00:00-07	2019-01-14 09:25:00-07	adding products	2019-01-14 13:51:45.206166-07	3.41667	32	4	\N
944	2019-01-14 13:45:00-07	2019-01-14 14:00:00-07	Tuning verification	2019-01-14 14:42:25.263979-07	0.25000	75	5	14:00:00
946	2019-01-14 14:00:00-07	2019-01-14 14:15:00-07	Status meeting	2019-01-14 14:43:04.180295-07	0.25000	91	5	14:15:00
947	2019-01-14 14:15:00-07	2019-01-14 14:45:00-07	Tuning verification	2019-01-14 14:43:43.824378-07	0.50000	75	5	14:45:00
939	2019-01-14 10:49:54-07	2019-01-14 17:25:00-07	developing products	2019-01-14 18:59:15.890764-07	6.58500	32	4	17:25:00
948	2019-01-14 17:30:00-07	2019-01-14 21:00:00-07	Assemble boards	2019-01-14 20:51:53.97328-07	3.50000	29	8	21:00:00
1025	2019-01-28 07:30:00-07	2019-01-28 08:30:00-07	Status meeting	2019-01-28 08:50:37.580323-07	1.00000	21	5	08:30:00
971	2019-01-17 12:30:12-07	2019-01-17 19:10:13-07	csv file	2019-01-17 20:20:21.647375-07	6.66694	31	4	\N
974	2019-01-17 17:30:00-07	2019-01-17 21:00:00-07	Assemble boards	2019-01-17 20:59:27.205485-07	3.50000	1	8	21:00:00
950	2019-01-15 09:00:00-07	2019-01-15 10:00:00-07	NUWC IPT	2019-01-15 10:12:47.274292-07	1.00000	21	5	10:00:00
952	2019-01-15 10:00:00-07	2019-01-15 12:00:00-07	Element Verification - memory leak on plots	2019-01-15 11:59:38.798966-07	2.00000	3	5	12:00:00
949	2019-01-15 07:00:00-07	2019-01-15 13:06:00-07		2019-01-15 13:06:44.591384-07	6.10000	28	3	\N
953	2019-01-15 12:00:00-07	2019-01-15 13:30:00-07	Element Verification	2019-01-15 13:29:09.676189-07	1.50000	3	5	13:30:00
955	2019-01-15 13:30:00-07	2019-01-15 14:00:00-07	Meeting	2019-01-15 14:37:06.130042-07	0.50000	4	5	14:00:00
956	2019-01-15 14:00:00-07	2019-01-15 14:30:00-07	Status meeting	2019-01-15 14:37:32.837851-07	0.50000	91	5	14:30:00
954	2019-01-15 13:06:01-07	2019-01-15 15:11:04-07	Building display board.	2019-01-15 15:11:15.96962-07	2.08417	29	3	\N
951	2019-01-15 09:45:00-07	2019-01-15 12:50:00-07	develop products and change barcode	2019-01-15 15:52:55.594846-07	3.08333	32	4	\N
957	2019-01-15 18:23:00-07	2019-01-15 22:00:00-07	develop manufacturing orders	2019-01-15 22:03:05.883261-07	3.61667	32	4	\N
968	2019-01-17 06:52:09-07	2019-01-17 11:30:00-07	Building display board.	2019-01-18 07:12:20.120129-07	4.63083	29	3	\N
976	2019-01-17 11:30:00-07	2019-01-17 15:07:00-07	Cleaning Shop.	2019-01-18 07:13:16.954807-07	3.61667	28	3	\N
959	2019-01-16 07:30:00-07	2019-01-16 08:15:00-07	Status meeting	2019-01-16 08:08:41.229267-07	0.75000	21	5	08:15:00
960	2019-01-16 08:15:00-07	2019-01-16 09:00:00-07	Set up computer, Element test plan	2019-01-16 08:56:52.220955-07	0.75000	81	5	09:00:00
962	2019-01-15 09:30:00-07	2019-01-15 10:30:00-07	assembly	2019-01-16 09:18:01.160794-07	1.00000	29	7	10:30:00
961	2019-01-16 09:00:00-07	2019-01-16 11:00:00-07	Tuning verification	2019-01-16 11:01:57.130302-07	2.00000	75	5	11:00:00
958	2019-01-16 07:00:00-07	2019-01-16 11:59:08-07	Replacing 2ea. 32 pin DF-11 connectors on docking.	2019-01-16 11:59:32.070441-07	4.98556	29	3	\N
966	2019-01-16 10:45:00-07	2019-01-16 13:20:00-07	BOM and MO	2019-01-16 13:48:06.596425-07	2.58333	32	4	\N
963	2019-01-16 08:30:00-07	2019-01-16 11:30:00-07	assembly	2019-01-16 13:48:11.512769-07	3.00000	29	7	11:30:00
964	2019-01-16 11:00:00-07	2019-01-16 15:15:00-07	Map Array	2019-01-16 15:08:16.924026-07	4.25000	81	5	15:15:00
965	2019-01-16 11:59:09-07	2019-01-16 15:21:56-07	Replacing 2ea. 32 pin DF-11 connectors on docking.	2019-01-16 15:22:19.937965-07	3.37972	125	3	\N
967	2019-01-16 13:48:11-07	2019-01-16 15:26:17-07	assembly	2019-01-16 15:26:24.297383-07	1.63500	29	7	\N
969	2019-01-17 08:00:00-07	2019-01-17 10:45:00-07	Train Crystal on testing	2019-01-17 10:40:12.183034-07	2.75000	80	5	10:45:00
972	2019-01-17 10:30:00-07	2019-01-17 14:00:00-07	assembly	2019-01-17 14:21:35.49653-07	3.50000	29	7	14:00:00
970	2019-01-17 10:45:00-07	2019-01-17 14:30:00-07	Mapping software	2019-01-17 14:34:49.639411-07	3.75000	3	5	14:30:00
973	2019-01-17 15:00:00-07	2019-01-17 15:30:00-07	banking, paper work	2019-01-17 18:31:30.979661-07	0.50000	40	7	\N
990	2019-01-21 18:22:00-07	2019-01-21 21:00:00-07	change API, MO	2019-01-21 21:00:45.278815-07	2.63333	32	4	\N
977	2019-01-18 07:30:00-07	2019-01-18 09:00:00-07	Status	2019-01-18 11:25:00.724231-07	1.50000	21	5	09:00:00
979	2019-01-18 09:00:00-07	2019-01-18 09:30:00-07	Stack & Element AIOS revision	2019-01-18 11:57:25.899804-07	0.50000	91	5	09:30:00
981	2019-01-18 08:45:00-07	2019-01-18 11:45:00-07	assembly	2019-01-18 12:02:52.759927-07	3.00000	29	7	11:45:00
975	2019-01-18 07:00:00-07	2019-01-18 12:35:03-07	Cleaning shop.	2019-01-18 13:35:53.476266-07	5.58417	28	3	\N
982	2019-01-18 12:35:04-07	2019-01-18 15:19:38-07	Building Stack tester board.	2019-01-18 15:19:43.464917-07	2.74278	76	3	\N
980	2019-01-18 09:30:00-07	2019-01-18 14:00:00-07	Mapping Software	2019-01-18 16:12:12.414589-07	4.50000	3	5	14:00:00
984	2019-01-18 14:00:00-07	2019-01-18 16:15:00-07	Tank noise debug	2019-01-18 16:12:45.612766-07	2.25000	81	5	16:15:00
983	2019-01-18 13:57:52-07	2019-01-18 14:30:00-07	assembly	2019-01-18 16:48:23.607979-07	0.53556	29	7	14:30:00
978	2019-01-18 10:40:35-07	2019-01-18 11:20:00-07	barcode add part change to check for duplicate	2019-01-18 23:06:37.258379-07	0.65694	32	4	\N
985	2019-01-18 19:16:00-07	2019-01-18 20:50:00-07	change MO	2019-01-18 23:07:07.734394-07	1.56667	32	4	\N
987	2019-01-21 09:11:20-07	2019-01-21 10:25:00-07	fix API	2019-01-21 14:48:42.397581-07	1.22778	32	4	\N
986	2019-01-21 07:00:00-07	2019-01-21 07:30:00-07	Status	2019-01-21 17:27:01.752397-07	0.50000	21	5	07:30:00
988	2019-01-21 14:20:00-07	2019-01-21 16:00:00-07	work on part validation	2019-01-21 20:59:51.795917-07	1.66667	32	4	\N
991	2019-01-22 07:00:00-07	2019-01-22 16:02:46-07	Building stack tester board.	2019-01-22 16:03:20.01364-07	9.04611	76	3	\N
995	2019-01-22 14:00:00-07	2019-01-22 15:30:00-07	Started work on the motor controller firmware	2019-01-22 16:15:41.673393-07	1.50000	30	6	15:30:00
994	2019-01-22 16:02:47-07	2019-01-22 17:10:40-07	Setting up air lines.	2019-01-22 17:10:47.726299-07	1.13139	28	3	\N
992	2019-01-22 07:30:00-07	2019-01-22 11:30:00-07	Find replacement element	2019-01-22 19:41:32.424773-07	4.00000	81	5	11:30:00
996	2019-01-22 11:30:00-07	2019-01-22 18:00:00-07	Cutting down size of problem	2019-01-22 19:43:34.317479-07	6.50000	127	5	18:00:00
989	2019-01-21 07:30:00-07	2019-01-21 17:30:00-07	Tank noise debug	2019-01-22 19:43:54.876066-07	10.00000	127	5	17:30:00
993	2019-01-22 09:18:50-07	2019-01-22 14:28:00-07	change products form	2019-01-22 21:55:06.860221-07	5.15278	32	4	\N
997	2019-01-22 18:45:00-07	2019-01-22 20:13:00-07	product form	2019-01-22 21:56:05.070302-07	1.46667	32	4	\N
998	2019-01-22 21:00:00-07	2019-01-22 21:56:57-07	fix API	2019-01-22 21:56:51.7151-07	0.94917	32	4	\N
1001	2019-01-23 07:30:00-07	2019-01-23 08:30:00-07	Installing weather striping on side shop door.	2019-01-23 09:45:45.458124-07	1.00000	28	3	08:30:00
1000	2019-01-23 09:25:08-07	2019-01-23 14:30:00-07	change products form, debug	2019-01-23 15:02:57.5232-07	5.08111	32	4	\N
1002	2019-01-23 08:55:00-07	2019-01-23 17:01:22-07	Installing air lines.	2019-01-23 17:01:27.786522-07	8.10611	28	3	\N
1004	2019-01-23 17:10:00-07	2019-01-23 17:52:00-07	fix API	2019-01-23 19:35:58.23859-07	0.70000	32	4	\N
1005	2019-01-23 18:41:00-07	2019-01-23 20:23:00-07	add datasheet to API	2019-01-23 20:38:42.874338-07	1.70000	32	4	\N
999	2019-01-23 06:45:00-07	2019-01-23 18:30:00-07	Tank noise debug	2019-01-23 21:02:19.966186-07	11.75000	127	5	18:30:00
1007	2019-01-24 07:30:00-07	2019-01-24 18:45:00-07	Tank noise debug	2019-01-25 07:18:11.398989-07	11.25000	127	5	18:45:00
1430	2019-03-20 13:30:00-06	2019-03-20 14:00:00-06	FAT updates	2019-03-20 14:20:49.408093-06	0.50000	34	5	14:00:00
1017	2019-01-25 08:17:00-07	2019-01-25 11:02:16-07	enter parts	2019-01-25 11:02:20.2501-07	2.75444	32	4	\N
1019	2019-01-25 12:45:00-07	2019-01-25 13:45:00-07	run errands	2019-01-25 15:46:53.132154-07	1.00000	28	7	13:45:00
1014	2019-01-25 07:15:00-07	2019-01-25 16:30:00-07	Environmental test runs	2019-01-25 16:32:06.515136-07	9.25000	127	5	16:30:00
1018	2019-01-25 11:45:59-07	2019-01-25 16:52:52-07	enter parts	2019-01-25 17:18:05.69777-07	5.11472	32	4	\N
1016	2019-01-25 08:00:00-07	2019-01-25 15:00:00-07	installing air lines.	2019-01-26 12:33:33.680697-07	7.00000	28	3	\N
1021	2019-01-26 12:33:38-07	2019-01-26 14:58:53-07	Installing air lines.	2019-01-26 14:58:58.402126-07	2.42083	28	3	\N
1026	2019-01-28 08:30:00-07	2019-01-28 10:00:00-07	Replacing elements	2019-01-28 10:26:32.125893-07	1.50000	81	5	10:00:00
1027	2019-01-28 10:00:00-07	2019-01-28 10:15:00-07	Tuning element verification	2019-01-28 10:27:04.359913-07	0.25000	75	5	10:15:00
1028	2019-01-28 10:15:00-07	2019-01-28 10:30:00-07	Anomolies	2019-01-28 10:27:29.760283-07	0.25000	81	5	10:30:00
1437	2019-03-21 07:10:00-06	\N	Watching Arduino Tutorials.	2019-03-21 07:15:35.198816-06	0.09306	130	3	\N
1024	2019-01-28 08:29:26-07	2019-01-28 09:15:00-07	improve part list filters	2019-01-28 11:10:29.393294-07	0.75944	32	4	\N
1031	2019-01-28 09:15:00-07	2019-01-28 10:47:35-07	add comments to code	2019-01-28 11:11:05.811936-07	1.54306	31	4	\N
1023	2019-01-28 06:53:49-07	2019-01-28 07:30:00-07	Wiring shop.	2019-01-28 14:58:01.174634-07	0.60306	28	3	\N
1032	2019-01-28 08:30:00-07	2019-01-28 15:06:04-07	Working on installing air conditioner controller.	2019-01-28 15:06:09.095372-07	6.60111	29	3	\N
1030	2019-01-28 11:08:51-07	2019-01-28 16:55:39-07	change clock in, add comments to code	2019-01-28 17:18:53.003884-07	5.78000	31	4	\N
1029	2019-01-28 10:30:00-07	2019-01-28 11:30:00-07	Set up	2019-01-28 19:21:21.944528-07	1.00000	34	5	11:30:00
1034	2019-01-28 11:30:00-07	2019-01-28 15:30:00-07	Impedance consolidation	2019-01-28 19:22:01.554721-07	4.00000	3	5	15:30:00
1035	2019-01-28 15:30:00-07	2019-01-28 19:30:00-07	Analysis software	2019-01-28 19:22:35.574093-07	4.00000	34	5	19:30:00
1033	2019-01-28 17:30:00-07	2019-01-28 21:00:00-07	Assemble boards	2019-01-28 20:54:00.117144-07	3.50000	29	8	21:00:00
1038	2019-01-29 08:37:38-07	2019-01-29 09:26:00-07	change clockin forms	2019-01-29 09:26:24.376585-07	0.80611	31	4	\N
1037	2019-01-29 07:30:00-07	2019-01-29 08:30:00-07	Locate elements for production	2019-01-29 09:47:11.166328-07	1.00000	81	5	08:30:00
1042	2019-01-29 08:30:00-07	2019-01-29 22:00:00-07	Analysis and software	2019-01-29 21:54:29.126616-07	13.50000	34	5	22:00:00
1036	2019-01-29 06:59:02-07	2019-01-29 08:46:00-07	Fixing display boards.	2019-01-30 07:17:09.386723-07	1.78278	29	3	\N
1049	2019-01-29 09:25:16-07	2019-01-29 15:18:25-07	Installing & Replacing Ceiling Tiles.	2019-01-30 07:23:22.662697-07	5.88583	28	3	\N
1050	2019-01-30 07:30:00-07	2019-01-30 07:45:00-07	Status meeting	2019-01-30 08:08:29.682578-07	0.25000	21	5	07:45:00
1047	2019-01-29 10:30:00-07	2019-01-29 16:50:00-07	add comments to code and make improvements	2019-01-30 08:46:59.440454-07	6.33333	31	4	16:50:00
1051	2019-01-30 08:38:00-07	2019-01-30 09:42:07-07	make purchase orders	2019-01-30 09:42:09.708297-07	1.06861	32	4	\N
1048	2019-01-30 07:12:50-07	2019-01-30 15:43:32-07	Repairing Air Conditioner Controller.	2019-01-30 15:43:36.818109-07	8.51167	29	3	\N
1053	2019-01-30 07:45:00-07	2019-01-30 11:00:00-07	Remapping	2019-01-30 15:44:33.62491-07	3.25000	81	5	11:00:00
1054	2019-01-30 11:00:00-07	2019-01-30 15:45:00-07	HPT Calibration	2019-01-30 15:45:46.883078-07	4.75000	11	5	15:45:00
1052	2019-01-30 10:42:44-07	2019-01-30 12:00:42-07	make purchase orders	2019-01-30 19:31:46.237416-07	1.29944	32	4	\N
1056	2019-01-30 12:20:00-07	2019-01-30 17:44:00-07	make purchase orders	2019-01-30 19:32:11.154165-07	5.40000	32	4	\N
1055	2019-01-30 15:45:00-07	2019-01-30 20:30:00-07	Remapping	2019-01-30 20:34:27.404971-07	4.75000	80	5	20:30:00
1060	2019-01-30 12:47:23-07	2019-01-30 16:00:00-07	banking, shopping	2019-01-31 08:48:21.298056-07	3.21028	40	7	16:00:00
1061	2019-01-31 08:48:21-07	2019-01-31 09:45:00-07	banking, paper work	2019-01-31 09:44:45.764791-07	0.94417	40	7	09:45:00
1059	2019-01-31 08:00:00-07	2019-01-31 10:15:00-07	PMR	2019-01-31 10:13:38.333781-07	2.25000	21	5	10:15:00
1062	2019-01-31 10:45:00-07	2019-01-31 13:00:00-07	PMR	2019-01-31 12:56:45.492072-07	2.25000	21	5	13:00:00
1058	2019-01-31 08:16:39-07	2019-01-31 12:10:00-07	make purchase orders	2019-01-31 13:52:22.417808-07	3.88917	32	4	\N
1073	2019-02-01 07:40:00-07	2019-02-01 10:30:00-07	assembling air conditioner PWB.	2019-02-04 07:06:59.875513-07	2.83333	29	3	\N
1063	2019-01-31 13:00:00-07	2019-01-31 13:30:00-07	Tuning 700 meeting	2019-01-31 15:17:11.924801-07	0.50000	84	5	13:30:00
1065	2019-01-31 13:30:00-07	2019-01-31 14:45:00-07	BP1068	2019-01-31 15:18:26.245787-07	1.25000	41	5	14:45:00
1066	2019-01-31 14:45:00-07	2019-01-31 15:15:00-07	Remapping	2019-01-31 15:18:59.385981-07	0.50000	81	5	15:15:00
1074	2019-02-01 10:30:00-07	2019-02-01 14:30:00-07	Inspecting phase tester PWB's.	2019-02-04 07:08:45.992258-07	4.00000	7	3	\N
1067	2019-01-31 17:30:00-07	2019-01-31 21:00:00-07	Assemble boards	2019-01-31 20:58:45.295509-07	3.50000	1	8	21:00:00
1064	2019-01-31 13:58:00-07	2019-01-31 17:28:00-07	make purchase orders from MO's	2019-01-31 21:53:37.998072-07	3.50000	32	4	\N
1068	2019-02-01 09:10:00-07	2019-02-01 09:52:51-07	banking, paper work	2019-02-01 09:52:57.972267-07	0.71417	40	7	\N
1069	2019-02-01 11:50:00-07	2019-02-01 12:41:53-07	assembly	2019-02-01 12:42:22.633894-07	0.86472	29	7	\N
1070	2019-02-01 13:45:00-07	2019-02-01 16:17:27-07	garage shopping	2019-02-01 16:17:48.20641-07	2.54083	40	7	\N
1071	2019-01-29 15:00:00-07	2019-01-29 16:30:00-07	Started debugging the firmware.	2019-02-02 08:45:12.425292-07	1.50000	30	6	16:30:00
1075	2019-02-01 14:30:00-07	2019-02-01 16:00:00-07	Went to LOW's to get supplies with Barbara.	2019-02-04 07:11:03.084556-07	1.50000	28	3	\N
1057	2019-01-31 07:08:04-07	2019-01-31 17:48:36-07	Inspecting Array Sweep PCB's. Helping Brittney.	2019-02-04 07:14:37.924584-07	10.67556	7	3	\N
1076	2019-02-04 07:30:00-07	2019-02-04 07:45:00-07	Status meeting	2019-02-04 08:19:31.307763-07	0.25000	21	5	07:45:00
1077	2019-02-04 08:15:00-07	2019-02-04 08:45:00-07	Review of AITS/ADAS PM documents	2019-02-04 08:37:54.579319-07	0.50000	11	5	08:45:00
1079	2019-02-04 09:03:25-07	2019-02-04 09:27:46-07	banking, paper work	2019-02-04 09:27:49.309367-07	0.40583	40	7	\N
1078	2019-02-04 08:45:00-07	2019-02-04 10:15:00-07	File sync	2019-02-04 10:11:26.083983-07	1.50000	3	5	10:15:00
1080	2019-02-04 10:15:00-07	2019-02-04 10:45:00-07	Meeting with Peterson	2019-02-04 12:14:31.405275-07	0.50000	4	5	10:45:00
1081	2019-02-04 10:45:00-07	2019-02-04 12:15:00-07	Progeny IPT	2019-02-04 12:14:58.874133-07	1.50000	21	5	12:15:00
1082	2019-02-04 12:15:00-07	2019-02-04 12:30:00-07	File sync	2019-02-04 12:24:18.14819-07	0.25000	3	5	12:30:00
1083	2019-02-04 12:30:00-07	2019-02-04 14:45:00-07	Inventory syncing	2019-02-04 14:49:57.47099-07	2.25000	81	5	14:45:00
1084	2019-02-04 14:45:00-07	2019-02-04 15:00:00-07	BP1068 data review	2019-02-04 15:03:03.056724-07	0.25000	42	5	15:00:00
1085	2019-02-04 15:00:00-07	2019-02-04 15:45:00-07	Tuning test mapping	2019-02-04 15:40:58.688742-07	0.75000	84	5	15:45:00
1086	2019-02-04 12:30:00-07	2019-02-04 15:30:00-07	assembly	2019-02-04 16:53:00.85063-07	3.00000	29	7	15:30:00
1072	2019-02-04 07:04:07-07	2019-02-04 09:30:00-07	cleaning and inspecting PWB.	2019-02-04 17:08:13.111115-07	2.43139	7	3	\N
1087	2019-02-04 09:30:00-07	2019-02-04 17:12:09-07	Changing ceiling tiles.	2019-02-04 17:12:12.413083-07	7.70250	28	3	\N
1088	2019-02-04 17:30:00-07	2019-02-04 21:00:00-07	Organization	2019-02-04 20:50:25.092498-07	3.50000	28	8	21:00:00
1090	2019-02-05 07:45:00-07	2019-02-05 08:00:00-07	Element status	2019-02-05 08:08:06.823459-07	0.25000	80	5	08:00:00
1092	2019-02-05 08:15:00-07	2019-02-05 09:00:00-07	Status meeting	2019-02-05 08:57:45.675356-07	0.75000	21	5	09:00:00
1091	2019-02-05 08:00:00-07	2019-02-05 08:15:00-07	Tuning test mapping	2019-02-06 06:36:18.597539-07	0.25000	81	5	08:15:00
1093	2019-02-05 08:45:00-07	2019-02-05 09:51:15-07	banking, paper work	2019-02-05 09:51:18.137133-07	1.10417	40	7	\N
1094	2019-02-05 09:00:00-07	2019-02-05 09:30:00-07	Discussion with Henry	2019-02-05 10:08:42.007959-07	0.50000	11	5	09:30:00
1095	2019-02-05 09:30:00-07	2019-02-05 09:45:00-07	Discussion with Henry	2019-02-05 10:09:10.118566-07	0.25000	34	5	09:45:00
1096	2019-02-05 09:45:00-07	2019-02-05 10:30:00-07	Unidentified elements	2019-02-05 10:10:36.659887-07	0.75000	81	5	10:30:00
1097	2019-02-05 10:30:00-07	2019-02-05 11:00:00-07	Capacitance test meeting	2019-02-05 12:41:36.435538-07	0.50000	10	5	11:00:00
1099	2019-02-05 14:00:00-07	2019-02-05 14:45:00-07	banking	2019-02-05 15:49:20.23832-07	0.75000	40	7	\N
1098	2019-02-05 12:30:00-07	2019-02-05 14:30:00-07	Relay board debug	2019-02-05 16:02:23.690613-07	2.00000	11	5	14:30:00
1089	2019-02-05 06:50:00-07	2019-02-05 16:27:38-07	Installing label printer.	2019-02-05 16:27:44.547318-07	9.62722	28	3	\N
1102	2019-02-05 16:45:00-07	2019-02-05 17:15:00-07	Relay board parts	2019-02-05 19:32:24.725983-07	0.50000	87	5	17:15:00
1101	2019-02-05 18:10:00-07	2019-02-05 20:16:38-07	R & R relay #25 .	2019-02-05 20:16:43.341286-07	2.11056	87	3	\N
1100	2019-02-05 14:30:00-07	2019-02-05 16:00:00-07	Remapping	2019-02-06 06:36:45.706648-07	1.50000	81	5	16:00:00
1103	2019-02-06 07:15:00-07	2019-02-06 08:15:00-07	Redesign	2019-02-06 08:09:44.2336-07	1.00000	2	5	08:15:00
1133	2019-02-11 14:00:00-07	2019-02-11 15:45:00-07	Firmware	2019-02-11 15:38:25.290221-07	1.75000	76	5	15:45:00
1104	2019-02-06 09:30:00-07	2019-02-06 09:45:00-07	Redesign	2019-02-06 09:45:36.239791-07	0.25000	2	5	09:45:00
1105	2019-02-06 10:45:00-07	2019-02-06 15:30:00-07	ADAS pin issue	2019-02-06 16:21:55.602377-07	4.75000	81	5	15:30:00
1106	2019-02-06 15:30:00-07	2019-02-06 16:15:00-07	Redesign	2019-02-06 16:23:07.552894-07	0.75000	2	5	16:15:00
1107	2019-02-07 06:00:00-07	2019-02-07 07:30:00-07	ADAS pin issue - Rework Procedure	2019-02-07 08:41:40.912283-07	1.50000	81	5	07:30:00
1109	2019-02-07 07:30:00-07	2019-02-07 08:00:00-07	Status meeting	2019-02-07 08:42:07.351802-07	0.50000	21	5	08:00:00
1110	2019-02-07 08:00:00-07	2019-02-07 08:45:00-07	ADAS pin issue - Rework Procedure	2019-02-07 08:42:51.942559-07	0.75000	81	5	08:45:00
1111	2019-02-07 09:22:34-07	2019-02-07 10:53:02-07	banking, paper work	2019-02-07 10:53:06.112114-07	1.50778	40	7	\N
1112	2019-02-07 08:45:00-07	2019-02-07 09:15:00-07	E007 CD	2019-02-07 11:45:36.455849-07	0.50000	81	5	09:15:00
1113	2019-02-07 09:15:00-07	2019-02-07 10:00:00-07	Training	2019-02-07 11:47:03.422758-07	0.75000	81	5	10:00:00
1114	2019-02-07 10:00:00-07	2019-02-07 12:00:00-07	Inspection checklists	2019-02-07 13:19:23.255336-07	2.00000	15	5	12:00:00
1115	2019-02-07 12:00:00-07	2019-02-07 13:30:00-07	Inventory Verification debug	2019-02-07 13:20:19.21772-07	1.50000	81	5	13:30:00
1116	2019-02-07 13:30:00-07	2019-02-07 14:15:00-07	Inspection checklists	2019-02-07 14:58:05.288539-07	0.75000	15	5	14:15:00
1117	2019-02-07 14:15:00-07	2019-02-07 15:00:00-07	Element Verification	2019-02-07 14:58:43.810455-07	0.75000	80	5	15:00:00
1108	2019-02-07 07:10:00-07	2019-02-07 17:17:08-07	inspecting the Array Sweep PCB's.	2019-02-07 17:17:11.678492-07	10.11889	7	3	\N
1119	2019-02-07 16:00:00-07	2019-02-07 17:48:52-07	parts Input	2019-02-07 17:49:11.253448-07	1.81444	128	7	\N
1118	2019-02-07 17:30:00-07	2019-02-07 21:15:00-07	Inventory	2019-02-07 21:08:24.620417-07	3.75000	28	8	21:15:00
1121	2019-02-08 07:00:00-07	2019-02-08 09:00:00-07	HV and sweep test	2019-02-08 11:48:30.22805-07	2.00000	8	5	09:00:00
1122	2019-02-08 09:00:00-07	2019-02-08 11:45:00-07	Tuning meeting and element selection	2019-02-08 11:48:59.844322-07	2.75000	75	5	11:45:00
1120	2019-02-08 11:20:08-07	2019-02-08 13:00:00-07	parts Input	2019-02-08 13:45:42.439515-07	1.66444	128	7	\N
1123	2019-02-08 11:45:00-07	2019-02-08 15:00:00-07	Tested, New layout	2019-02-08 14:58:22.419762-07	3.25000	8	5	15:00:00
1125	2019-02-08 14:57:55-07	2019-02-08 16:36:36-07	parts Input	2019-02-08 16:36:39.041245-07	1.64472	128	7	\N
1134	2019-02-11 17:45:00-07	2019-02-11 21:00:00-07	Inventory	2019-02-11 21:06:24.137921-07	3.25000	28	8	21:00:00
1126	2019-02-09 09:00:00-07	2019-02-09 13:30:13-07	Drywall.	2019-02-09 13:30:16.621368-07	4.50361	28	3	\N
1127	2019-02-11 07:30:00-07	2019-02-11 07:45:00-07	Status meeting	2019-02-11 08:10:50.556961-07	0.25000	21	5	07:45:00
1128	2019-02-11 08:15:00-07	2019-02-11 10:15:00-07	New board layout/check	2019-02-11 10:11:53.995685-07	2.00000	2	5	10:15:00
1129	2019-02-11 10:15:00-07	2019-02-11 10:45:00-07	Debug	2019-02-11 10:43:13.214921-07	0.50000	12	5	10:45:00
1130	2019-02-11 10:45:00-07	2019-02-11 11:45:00-07	Progeny IPT	2019-02-11 12:09:13.070824-07	1.00000	21	5	11:45:00
1131	2019-02-11 11:45:00-07	2019-02-11 12:00:00-07	Corrupt File	2019-02-11 12:09:48.142706-07	0.25000	80	5	12:00:00
1132	2019-02-11 12:00:00-07	2019-02-11 14:00:00-07	Debug	2019-02-11 15:09:18.952501-07	2.00000	12	5	14:00:00
1124	2019-02-08 08:50:00-07	2019-02-08 10:20:00-07	repairing cable.	2019-02-12 07:28:00.254816-07	1.50000	125	3	\N
1135	2019-02-12 07:30:00-07	2019-02-12 08:00:00-07	Test cable	2019-02-12 08:10:05.32766-07	0.50000	129	5	08:00:00
1137	2019-02-08 10:20:00-07	2019-02-08 14:33:00-07	Installing stepper motor to board.	2019-02-12 08:20:02.602171-07	4.21667	29	3	\N
1138	2019-02-12 07:05:00-07	2019-02-12 08:21:40-07	Removong and replacing bad connectors.	2019-02-12 08:22:29.186003-07	1.27778	87	3	\N
1144	2019-02-12 12:19:27-07	2019-02-12 15:21:44-07	Making list of PVC board and trim needed for shop.	2019-02-12 15:21:46.636067-07	3.03806	28	3	\N
1141	2019-02-12 08:30:00-07	2019-02-12 09:00:00-07	banking, paper work	2019-02-12 09:01:13.407843-07	0.50000	40	7	09:00:00
1142	2019-02-12 09:01:13-07	2019-02-12 10:16:21-07	parts Input	2019-02-12 10:16:24.616992-07	1.25222	128	7	\N
1143	2019-02-12 10:16:24-07	2019-02-12 11:34:32-07	parts Input	2019-02-12 11:34:36.17868-07	1.30222	128	7	\N
1147	2019-02-12 13:45:00-07	2019-02-12 15:30:00-07	BP1070, BP1071	2019-02-12 15:34:26.167371-07	1.75000	41	5	15:30:00
1139	2019-02-12 08:21:41-07	2019-02-12 09:20:00-07	makeing test cable.	2019-02-12 12:17:57.658858-07	0.97194	129	3	\N
1140	2019-02-12 09:20:00-07	2019-02-12 12:19:26-07	Trouble shooting.display board.	2019-02-12 12:21:13.354617-07	2.99056	29	3	\N
1136	2019-02-12 08:00:00-07	2019-02-12 09:15:00-07	Debug	2019-02-12 12:25:51.792201-07	1.25000	12	5	09:15:00
1145	2019-02-12 12:15:00-07	2019-02-12 13:00:00-07	Ordered cables	2019-02-12 13:38:25.731758-07	0.75000	129	5	13:00:00
1146	2019-02-12 13:00:00-07	2019-02-12 13:45:00-07	NGC IPT call	2019-02-12 13:38:54.53713-07	0.75000	84	5	13:45:00
1148	2019-02-12 15:30:00-07	2019-02-12 15:45:00-07	Vitrek V76 programming research	2019-02-12 15:51:08.322686-07	0.25000	129	5	15:45:00
1150	2019-02-13 07:30:00-07	2019-02-13 08:00:00-07	Status meeting	2019-02-13 07:55:22.067856-07	0.50000	21	5	08:00:00
1151	2019-02-13 08:00:00-07	2019-02-13 09:45:00-07	Reviewed failed element data	2019-02-13 09:43:47.010778-07	1.75000	81	5	09:45:00
1152	2019-02-13 09:45:00-07	2019-02-13 11:15:00-07	Tuning evaluation	2019-02-13 12:24:07.759393-07	1.50000	75	5	11:15:00
1153	2019-02-13 11:15:00-07	2019-02-13 12:30:00-07	Scott's capacitance questions	2019-02-13 12:24:41.217631-07	1.25000	81	5	12:30:00
1154	2019-02-13 12:30:00-07	2019-02-13 12:45:00-07	Status meeting	2019-02-13 12:46:12.113524-07	0.25000	21	5	12:45:00
1156	2019-02-13 13:15:00-07	2019-02-13 15:45:00-07	Tuning comparison, MRB, plan for testing	2019-02-13 15:41:32.431915-07	2.50000	80	5	15:30:00
1155	2019-02-13 12:45:00-07	2019-02-13 13:15:00-07	Thermotron issues	2019-02-13 13:21:55.615094-07	0.50000	15	5	13:00:00
1149	2019-02-13 07:00:00-07	2019-02-13 15:16:04-07	Setting up motor controller.	2019-02-13 15:16:08.061679-07	8.26778	29	3	\N
1157	2019-02-13 16:03:56-07	2019-02-13 17:03:42-07	parts input	2019-02-13 17:03:46.46225-07	0.99611	128	7	\N
1158	2019-02-13 17:30:00-07	2019-02-13 21:15:00-07	Inventory	2019-02-13 21:19:03.603743-07	3.75000	28	8	21:15:00
1161	2019-02-14 09:45:00-07	2019-02-14 11:15:00-07	Element MRB	2019-02-14 11:16:25.723384-07	1.50000	81	5	11:15:00
1160	2019-02-14 08:00:00-07	2019-02-14 09:45:00-07	Training, software	2019-02-14 11:15:30.922214-07	1.75000	131	5	09:45:00
1162	2019-02-14 11:15:00-07	2019-02-14 11:45:00-07	Software	2019-02-14 12:07:32.526374-07	0.50000	131	5	11:45:00
1159	2019-02-14 06:55:37-07	2019-02-14 13:53:24-07	Leak detector setup.	2019-02-14 13:54:15.286657-07	6.96306	29	3	\N
1163	2019-02-14 11:45:00-07	2019-02-14 12:00:00-07	Answered emails from Mike Timpson	2019-02-17 21:37:27.730082-07	0.25000	81	5	12:00:00
1337	2019-03-11 17:30:00-06	2019-03-11 21:00:00-06	Inventory	2019-03-11 21:00:48.448161-06	3.50000	28	8	21:00:00
1164	2019-02-14 12:00:00-07	2019-02-14 13:45:00-07	Software	2019-02-14 13:43:21.368264-07	1.75000	131	5	13:45:00
1431	2019-03-20 14:00:00-06	2019-03-20 14:15:00-06	Status call	2019-03-20 14:21:13.983366-06	0.25000	34	5	14:15:00
1166	2019-02-14 13:53:25-07	2019-02-14 15:07:10-07	Learning programming.	2019-02-14 15:07:19.656705-07	1.22917	130	3	\N
1199	2019-02-13 17:03:46-07	2019-02-13 23:59:59.999999-07	parts input	2019-02-14 16:26:04.143116-07	6.93694	128	7	\N
1200	2019-02-14 00:00:00-07	2019-02-14 16:26:00-07	parts input	2019-02-14 16:26:04.15197-07	16.43333	128	7	\N
1165	2019-02-14 13:45:00-07	2019-02-14 14:00:00-07	Check lists	2019-02-15 07:53:06.454182-07	0.25000	15	5	14:00:00
1202	2019-02-14 14:00:00-07	2019-02-14 15:15:00-07	Planning	2019-02-15 07:54:04.927924-07	1.25000	131	5	15:15:00
1203	2019-02-15 07:30:00-07	2019-02-15 08:45:00-07	Planning	2019-02-15 08:44:08.693398-07	1.25000	21	5	08:45:00
1204	2019-02-15 08:22:05-07	2019-02-15 08:46:00-07	banking	2019-02-15 09:21:38.779338-07	0.39861	40	7	\N
1205	2019-02-15 08:45:00-07	2019-02-15 10:15:00-07	Check lists	2019-02-15 10:15:16.37597-07	1.50000	15	5	10:15:00
1207	2019-02-15 10:15:00-07	2019-02-15 14:00:00-07	Changing test limits	2019-02-15 14:05:50.684596-07	3.75000	81	5	14:00:00
1201	2019-02-15 06:40:00-07	2019-02-15 14:43:42-07	Testing.	2019-02-15 14:43:46.532983-07	8.06167	29	3	\N
1206	2019-02-15 10:10:52-07	2019-02-15 11:46:40-07	Part input	2019-02-15 14:46:54.127323-07	1.59667	128	7	\N
1208	2019-02-15 14:00:00-07	2019-02-15 15:30:00-07	RS232 communications	2019-02-15 15:29:08.843022-07	1.50000	129	5	15:30:00
1209	2019-02-15 16:00:21-07	2019-02-15 16:19:49-07	part input	2019-02-15 16:19:52.948233-07	0.32444	128	7	\N
1210	2019-02-18 07:30:00-07	2019-02-18 08:15:00-07	Status & planning	2019-02-18 09:16:56.233473-07	0.75000	21	5	08:15:00
1211	2019-02-18 08:15:00-07	2019-02-18 09:30:00-07	TI-08 test plan	2019-02-18 09:30:12.822732-07	1.25000	34	5	09:30:00
1212	2019-02-18 09:30:00-07	2019-02-18 11:30:00-07	Impedance consolidation thru BP1082	2019-02-18 11:26:53.951103-07	2.00000	41	5	11:30:00
1213	2019-02-18 11:30:00-07	2019-02-18 11:45:00-07	Status	2019-02-18 11:58:09.190782-07	0.25000	80	5	11:45:00
1214	2019-02-18 11:45:00-07	2019-02-18 13:45:00-07	Stencil & Parts	2019-02-18 13:37:18.716411-07	2.00000	12	5	13:45:00
1215	2019-02-18 15:00:39-07	2019-02-18 16:48:12-07	parts input	2019-02-18 16:48:14.277241-07	1.79250	128	7	\N
1217	2019-02-18 18:00:00-07	2019-02-18 18:33:23-07	parts input	2019-02-18 18:33:25.341103-07	0.55639	128	7	\N
1216	2019-02-18 17:30:00-07	2019-02-18 21:00:00-07	Inventory	2019-02-18 21:02:27.401417-07	3.50000	28	8	21:00:00
1219	2019-02-19 07:30:00-07	2019-02-19 07:45:00-07	Status & planning	2019-02-19 07:54:55.097302-07	0.25000	21	5	07:45:00
1220	2019-02-19 07:45:00-07	2019-02-19 10:15:00-07	Element Verification	2019-02-19 10:13:57.70418-07	2.50000	131	5	10:15:00
1221	2019-02-19 10:15:00-07	2019-02-19 11:45:00-07	Status & planning	2019-02-19 11:48:33.29334-07	1.50000	21	5	11:45:00
1223	2019-02-19 13:45:00-07	2019-02-19 14:00:00-07	Excel map missing markings	2019-02-19 14:53:52.573098-07	0.25000	3	5	14:00:00
1224	2019-02-19 14:00:00-07	2019-02-19 15:00:00-07	Mapped BP1084, BP1085, BP1086	2019-02-19 14:54:41.974395-07	1.00000	81	5	15:00:00
1218	2019-02-19 07:00:25-07	2019-02-19 17:08:51-07	Smoke detector.	2019-02-19 17:08:54.818681-07	10.14056	29	3	\N
1226	2019-02-20 07:15:00-07	2019-02-20 07:45:00-07	Status meeting	2019-02-20 08:09:44.591402-07	0.50000	21	5	07:45:00
1227	2019-02-20 07:45:00-07	2019-02-20 08:15:00-07	BP1070, BP1074	2019-02-20 08:22:27.977255-07	0.50000	41	5	08:15:00
1228	2019-02-20 08:15:00-07	2019-02-20 09:00:00-07	Preparation	2019-02-20 12:19:13.792753-07	0.75000	164	5	09:00:00
1229	2019-02-20 09:00:00-07	2019-02-20 09:30:00-07	Planning	2019-02-20 12:22:16.718392-07	0.50000	34	5	09:30:00
1230	2019-02-20 09:30:00-07	2019-02-20 10:30:00-07	Crystal - issues	2019-02-20 12:23:03.714008-07	1.00000	80	5	10:30:00
1231	2019-02-20 10:30:00-07	2019-02-20 13:00:00-07	Preparation & Meeting	2019-02-20 15:00:59.63117-07	2.50000	164	5	13:00:00
1232	2019-02-20 13:00:00-07	2019-02-20 13:30:00-07	CDs	2019-02-20 15:01:36.873641-07	0.50000	41	5	13:30:00
1233	2019-02-20 13:30:00-07	2019-02-20 14:00:00-07	Crystal - edited files	2019-02-20 15:02:41.904695-07	0.50000	80	5	14:00:00
1235	2019-02-20 15:00:00-07	2019-02-20 15:30:00-07	Status & planning	2019-02-20 15:27:32.878583-07	0.50000	21	5	15:30:00
1225	2019-02-20 07:00:00-07	2019-02-20 17:13:04-07	Building MOD1 Element Test Carriers PWB.	2019-02-20 17:13:09.305725-07	10.21778	2	3	\N
1236	2019-02-20 11:00:00-07	2019-02-20 13:00:00-07	banking	2019-02-20 17:36:14.783161-07	2.00000	40	7	13:00:00
1237	2019-02-21 08:30:00-07	2019-02-21 09:00:00-07	Review and write doc for Henry	2019-02-21 09:12:50.885236-07	0.50000	34	5	09:00:00
1238	2019-02-21 07:05:00-07	2019-02-21 17:45:55-07	Building MOD1 Element Test Carriers PWB.	2019-02-21 17:45:58.567439-07	10.68194	2	3	\N
1239	2019-02-21 17:30:00-07	2019-02-21 21:00:00-07	Assemble boards	2019-02-21 20:53:47.354077-07	3.50000	2	8	21:00:00
1240	2019-02-22 08:00:00-07	2019-02-22 17:09:07-07	Building MOD1 Element Test Carriers PWB.	2019-02-22 17:09:53.90493-07	9.15194	2	3	\N
1222	2019-02-19 11:45:00-07	2019-02-19 13:45:00-07	Cleaning up from MRB testing, Mapping BP1083	2019-02-25 07:15:39.156291-07	2.00000	81	5	13:45:00
1241	2019-02-22 17:09:08-07	2019-02-22 18:00:00-07	Running lesson 4.	2019-02-25 07:15:58.103264-07	0.84778	130	3	\N
1234	2019-02-20 14:00:00-07	2019-02-20 15:00:00-07	MRB units	2019-02-25 07:17:21.923604-07	1.00000	81	5	15:00:00
1242	2019-02-25 07:10:00-07	2019-02-25 15:22:23-07	Building MOD1 element Test Carriers PWB's.	2019-02-25 15:22:28.753461-07	8.20639	2	3	\N
1243	2019-02-25 17:30:00-07	2019-02-25 21:00:00-07	Inventory	2019-02-25 20:59:26.829457-07	3.50000	28	8	21:00:00
1244	2019-02-26 07:10:00-07	2019-02-26 15:22:02-07	Building MOD1 Element Test Carriers PWB.	2019-02-26 15:22:08.486966-07	8.20056	2	3	\N
1245	2019-02-27 07:00:00-07	2019-02-27 15:19:12-07	Building MOD1 Element Test Carriers PWB.	2019-02-27 15:19:15.504489-07	8.32000	2	3	\N
1246	2019-02-28 07:00:00-07	2019-02-28 15:06:16-07	Building MOD1 Element Test Carriers PWB.	2019-02-28 15:06:23.276552-07	8.10444	2	3	\N
1247	2019-02-28 17:30:00-07	2019-02-28 21:00:00-07	Inspection	2019-02-28 20:55:26.868172-07	3.50000	2	8	21:00:00
1257	2019-03-01 12:30:00-07	2019-03-01 15:45:00-07	Pol date input	2019-03-01 15:42:46.624181-07	3.25000	3	5	15:45:00
1254	2019-03-01 12:37:29-07	2019-03-01 13:00:00-07	banking	2019-03-01 15:55:59.931954-07	0.37528	40	7	\N
1250	2019-03-01 09:30:00-07	2019-03-01 10:39:09-07	banking, paper work	2019-03-01 10:39:30.566419-07	1.15250	40	7	\N
1252	2019-03-01 08:00:00-07	2019-03-01 09:30:00-07	Duplicate Removal	2019-03-01 10:47:22.226274-07	1.50000	3	5	09:30:00
1251	2019-03-01 10:39:10-07	2019-03-01 12:37:28-07	labels	2019-03-01 12:37:43.018502-07	1.97167	29	7	\N
1249	2019-03-01 06:30:00-07	2019-03-01 14:48:15-07	Building MOD1 Element Test Carriers PWB.	2019-03-01 14:48:21.785658-07	8.30417	2	3	\N
1253	2019-03-01 09:30:00-07	2019-03-01 10:45:00-07	Inventory syncing	2019-03-01 15:37:41.549448-07	1.25000	81	5	10:45:00
1255	2019-03-01 10:45:00-07	2019-03-01 12:00:00-07	Thermotron issues	2019-03-01 15:38:35.341369-07	1.25000	15	5	12:00:00
1256	2019-03-01 12:00:00-07	2019-03-01 12:30:00-07	Sweep analysis	2019-03-01 15:39:41.448888-07	0.50000	81	5	12:30:00
1258	2019-02-24 09:13:59-07	2019-02-24 09:14:01-07	test entry	2019-03-02 13:14:00.440432-07	0.00056	165	9	\N
1259	2019-03-04 07:30:00-07	2019-03-04 07:45:00-07	Status meeting	2019-03-04 07:43:38.810289-07	0.25000	21	5	07:45:00
1260	2019-03-04 07:45:00-07	2019-03-04 08:45:00-07	Verification of remaining MRR units	2019-03-04 08:44:38.266369-07	1.00000	131	5	08:45:00
1248	2019-03-04 06:45:00-07	2019-03-04 09:20:31-07	Building MOD1 Element Test Carriers PWB.	2019-03-04 09:22:57.797626-07	2.59194	2	3	\N
1261	2019-03-04 08:45:00-07	2019-03-04 10:45:00-07	Thermotron debugging	2019-03-04 11:47:55.805882-07	2.00000	15	5	10:15:00
1263	2019-03-04 10:45:00-07	2019-03-04 11:45:00-07	Progeny IPT	2019-03-04 11:50:15.934804-07	1.00000	21	5	11:45:00
1262	2019-03-04 09:20:32-07	2019-03-04 14:01:02-07	Cutting legs down, installing wheels.	2019-03-04 14:02:09.74761-07	4.67500	7	3	\N
1264	2019-03-04 11:45:00-07	2019-03-04 14:00:00-07	Check lists	2019-03-04 14:39:51.024316-07	2.25000	15	5	14:00:00
1266	2019-03-04 14:00:00-07	2019-03-04 15:30:00-07	Thermotron debugging	2019-03-04 15:35:13.991943-07	1.50000	15	5	15:30:00
1267	2019-03-04 17:30:00-07	2019-03-04 19:13:20-07	Building display board.	2019-03-04 19:13:23.795927-07	1.72222	29	3	\N
1265	2019-03-04 14:01:03-07	2019-03-04 17:29:59-07	lessons 4 & 5.	2019-03-04 18:06:10.539067-07	3.48222	130	3	\N
1432	2019-03-20 13:30:00-06	2019-03-20 16:17:00-06	Side paneling -Garage	2019-03-20 16:19:09.694358-06	2.78333	28	11	16:17:00
1269	2019-03-04 17:30:00-07	2019-03-04 21:00:00-07	Assemble boards	2019-03-04 20:55:36.276922-07	3.50000	2	8	21:00:00
1270	2019-03-05 08:30:00-07	2019-03-05 09:30:00-07	Check lists	2019-03-05 09:29:51.767327-07	1.00000	15	5	09:30:00
1271	2019-03-05 09:30:00-07	2019-03-05 11:00:00-07	Dave Hogue testing time study	2019-03-05 10:54:46.747532-07	1.50000	81	5	11:00:00
1272	2019-03-05 11:00:00-07	2019-03-05 11:15:00-07	6-32 screw research	2019-03-05 11:25:41.291745-07	0.25000	81	5	11:15:00
1273	2019-03-05 11:15:00-07	2019-03-05 12:15:00-07	Find substitute element BP1081	2019-03-05 12:20:05.194116-07	1.00000	81	5	12:15:00
1275	2019-03-05 12:15:00-07	2019-03-05 12:30:00-07	6-32 screw research	2019-03-05 12:49:50.271286-07	0.25000	81	5	12:30:00
1277	2019-03-04 08:00:00-07	2019-03-04 17:00:00-07	Studying	2019-03-05 13:59:03.385067-07	9.00000	31	10	\N
1278	2019-03-05 00:00:00-07	2019-03-05 09:00:00-07	Setting up	2019-03-05 13:59:56.246995-07	9.00000	31	10	09:00:00
1279	2019-03-05 12:30:00-07	2019-03-05 13:45:00-07	Syncing software with secure system	2019-03-05 14:23:42.022649-07	1.25000	3	5	13:45:00
1280	2019-03-05 13:45:00-07	2019-03-05 14:00:00-07	Evaluation of 10V elements	2019-03-05 14:24:52.060371-07	0.25000	84	5	14:00:00
1281	2019-03-05 14:00:00-07	2019-03-05 14:30:00-07	Status call and discussion with Ryan	2019-03-05 14:25:39.7773-07	0.50000	34	5	14:30:00
1274	2019-03-05 06:55:00-07	2019-03-05 15:03:58-07	Building Phase Detector Cabinet.	2019-03-05 15:04:43.608181-07	8.14944	7	3	\N
1276	2019-03-05 11:15:32-07	2019-03-05 14:32:55-07	bank shop	2019-03-05 15:33:03.453182-07	3.28972	40	7	\N
1282	2019-03-05 14:30:00-07	2019-03-05 15:30:00-07	Pol date input	2019-03-05 15:36:15.47982-07	1.00000	3	5	15:30:00
1283	2019-03-05 15:03:59-07	2019-03-05 17:05:26-07	Cleaning up display PWB.	2019-03-05 17:05:28.209996-07	2.02417	29	3	\N
1284	2019-03-05 12:00:00-07	2019-03-05 15:00:00-07	trying to clone the app, set up timepiece	2019-03-05 17:54:42.293002-07	3.00000	31	10	\N
1285	2019-03-06 05:45:00-07	2019-03-06 07:30:00-07	Pol date input	2019-03-06 07:28:46.907519-07	1.75000	3	5	07:30:00
1287	2019-03-06 07:30:00-07	2019-03-06 07:45:00-07	Status meeting	2019-03-06 08:01:41.246087-07	0.25000	21	5	07:45:00
1288	2019-03-06 07:45:00-07	2019-03-06 08:00:00-07	BP1067 connector issue	2019-03-06 08:02:27.029801-07	0.25000	81	5	08:00:00
1289	2019-03-06 08:00:00-07	2019-03-06 09:30:00-07	Carrier Filling, Validation, and Consolidation	2019-03-06 09:34:45.30849-07	1.50000	3	5	09:30:00
1291	2019-03-06 10:38:07-07	2019-03-06 11:38:17-07	cloning the app, more set up	2019-03-06 11:38:21.2074-07	1.00278	32	10	\N
1292	2019-03-06 12:07:35-07	2019-03-06 13:34:34-07	Cloning app	2019-03-06 13:34:36.654075-07	1.44972	32	10	\N
1286	2019-03-06 07:00:00-07	2019-03-06 13:59:59-07	Building Phase Detector Cabinet.	2019-03-06 16:52:48.111813-07	6.99972	7	3	\N
1293	2019-03-06 14:00:00-07	2019-03-06 16:00:59-07	Assemble and test Display PWB.	2019-03-06 16:54:14.228872-07	2.01639	29	3	\N
1290	2019-03-06 09:30:00-07	2019-03-06 14:00:00-07	Impedance consolidation, array mapping	2019-03-06 18:54:42.456865-07	4.50000	3	5	14:00:00
1295	2019-03-06 14:00:00-07	2019-03-06 14:15:00-07	Status call	2019-03-06 18:59:23.579899-07	0.25000	34	5	14:15:00
1296	2019-03-06 16:15:00-07	2019-03-06 18:15:00-07	Worked on getting MEU working	2019-03-06 20:12:03.506994-07	2.00000	165	9	\N
1268	2019-03-04 16:15:00-07	2019-03-04 18:15:00-07	Initilal contact	2019-03-06 20:12:41.839886-07	2.00000	165	9	\N
1294	2019-03-06 16:01:00-07	2019-03-06 17:03:00-07	Building test PWB.	2019-03-07 08:27:07.446322-07	1.03333	2	3	\N
1298	2019-03-07 06:00:00-07	2019-03-07 10:00:00-07	Array Audit	2019-03-07 10:22:46.358026-07	4.00000	3	5	10:00:00
1299	2019-03-07 10:00:00-07	2019-03-07 11:00:00-07	BP1067 connector issue	2019-03-07 10:53:25.275817-07	1.00000	81	5	11:00:00
1301	2019-03-07 12:47:28-07	2019-03-07 13:49:23-07	finishing django tutorials	2019-03-07 13:49:25.467985-07	1.03194	31	10	\N
1300	2019-03-07 11:00:00-07	2019-03-07 15:00:00-07	Analysis of TVR and CAL history	2019-03-07 14:54:54.083793-07	4.00000	34	5	15:00:00
1302	2019-03-07 14:25:53-07	2019-03-07 15:27:03-07	finishing django tutorials	2019-03-07 15:27:05.822119-07	1.01944	31	10	\N
1297	2019-03-07 07:00:00-07	2019-03-07 11:29:59-07	Building top of Phase tester Cabinet.	2019-03-07 16:56:50.702934-07	4.49972	7	3	\N
1303	2019-03-07 15:42:00-07	2019-03-07 16:57:37-07	finishing django tutorials	2019-03-07 16:57:39.89795-07	1.26028	31	10	\N
1304	2019-03-07 11:30:00-07	2019-03-07 15:29:59-07	Repair air filter system.	2019-03-07 16:57:53.615118-07	3.99972	28	3	\N
1306	2019-03-07 16:40:41-07	2019-03-07 17:05:18-07	banking	2019-03-07 17:05:35.961666-07	0.41028	40	7	\N
1307	2019-03-07 17:06:00-07	2019-03-07 18:00:06-07	finishing django tutorials	2019-03-07 18:00:08.312862-07	0.90167	31	10	\N
1309	2019-03-07 16:15:00-07	2019-03-07 18:30:00-07	Review Eprom files	2019-03-07 19:12:49.687697-07	2.25000	165	9	\N
1308	2019-03-07 17:30:00-07	2019-03-07 20:30:00-07	Assemble boards	2019-03-07 20:30:47.113025-07	3.00000	2	8	20:30:00
1310	2019-03-08 06:00:00-07	2019-03-08 07:15:00-07	Analysis of TVR and CAL history	2019-03-08 07:18:05.639622-07	1.25000	34	5	07:15:00
1311	2019-03-08 07:15:00-07	2019-03-08 08:45:00-07	BP1067 connector issue	2019-03-08 08:47:22.367215-07	1.50000	81	5	08:45:00
1314	2019-03-08 10:51:15-07	2019-03-08 11:56:32-07	finishing django tutorials	2019-03-08 11:56:35.386439-07	1.08806	31	10	\N
1312	2019-03-08 08:45:00-07	2019-03-08 14:00:00-07	Thermotron debugging	2019-03-08 14:27:15.678956-07	5.25000	15	5	09:15:00
1315	2019-03-08 14:00:00-07	2019-03-08 14:15:00-07	Status call	2019-03-08 14:28:49.989745-07	0.25000	34	5	14:15:00
1316	2019-03-08 14:15:00-07	2019-03-08 15:30:00-07	Thermotron debugging	2019-03-08 15:33:17.260854-07	1.25000	15	5	15:30:00
1317	2019-03-08 14:47:07-07	2019-03-08 17:35:49-07	finishing django tutorials	2019-03-08 17:35:53.650717-07	2.81167	31	10	\N
1318	2019-03-08 16:15:00-07	2019-03-08 19:00:00-07	Program Eproms	2019-03-08 19:54:08.549168-07	2.75000	165	9	\N
1305	2019-03-07 15:30:00-07	2019-03-07 17:05:00-07	Installing new PWB's on Carriers.	2019-03-09 08:58:57.074816-07	1.58333	2	3	\N
1319	2019-03-09 08:58:57-07	2019-03-09 10:29:59-07	working to solve switches problems.	2019-03-09 12:07:45.553602-07	1.51722	28	3	\N
1320	2019-03-09 10:30:00-07	2019-03-09 12:17:50-07	Installing PWB's.	2019-03-09 12:17:53.767895-07	1.79722	2	3	\N
1321	2019-03-09 15:38:13-07	2019-03-09 16:50:24-07	setting up emus-mrp	2019-03-09 16:50:27.70576-07	1.20306	31	10	\N
1323	2019-03-11 07:00:00-06	2019-03-11 08:30:00-06	Check lists	2019-03-11 08:49:44.661675-06	1.50000	15	5	08:30:00
1324	2019-03-11 08:30:00-06	2019-03-11 08:45:00-06	Status meeting	2019-03-11 08:50:11.3083-06	0.25000	21	5	08:45:00
1325	2019-03-11 08:45:00-06	2019-03-11 09:00:00-06	6-32 screw research	2019-03-11 09:03:49.022293-06	0.25000	81	5	09:00:00
1326	2019-03-11 09:00:00-06	2019-03-11 09:15:00-06	Analysis of TVR and CAL history	2019-03-11 09:38:20.410938-06	0.25000	34	5	09:15:00
1327	2019-03-11 09:15:00-06	2019-03-11 09:30:00-06	ADAS 004 CH 92 debugging	2019-03-11 10:42:31.537126-06	0.25000	11	5	09:30:00
1328	2019-03-11 09:30:00-06	2019-03-11 10:45:00-06	Array Audit	2019-03-11 10:43:43.049296-06	1.25000	3	5	10:45:00
1330	2019-03-11 10:45:00-06	2019-03-11 12:00:00-06	Progeny IPT	2019-03-11 13:54:15.36708-06	1.25000	21	5	12:00:00
1331	2019-03-11 12:00:00-06	2019-03-11 12:15:00-06	Discussion with Ryan	2019-03-11 13:54:59.011263-06	0.25000	34	5	12:15:00
1332	2019-03-11 12:45:00-06	2019-03-11 13:00:00-06	Array Mapping	2019-03-11 13:55:56.317978-06	0.25000	3	5	13:00:00
1333	2019-03-11 13:00:00-06	2019-03-11 13:30:00-06	Connector Repair Proposal	2019-03-11 13:59:01.839845-06	0.50000	21	5	13:30:00
1334	2019-03-11 13:30:00-06	2019-03-11 14:00:00-06	Check lists	2019-03-11 13:59:27.571003-06	0.50000	15	5	14:00:00
1329	2019-03-11 13:45:20-06	2019-03-11 14:55:37-06	Studying	2019-03-11 14:55:39.380309-06	1.17139	31	10	\N
1322	2019-03-11 07:05:00-06	2019-03-11 15:12:18-06	Testing relays for the air filter system.	2019-03-11 15:12:24.531668-06	8.12167	28	3	\N
1335	2019-03-11 14:00:00-06	2019-03-11 15:45:00-06	Array Audit  Test	2019-03-11 15:47:18.198439-06	1.75000	81	5	15:45:00
1336	2019-03-11 16:59:11-06	2019-03-11 17:13:35-06	working on app	2019-03-11 17:13:36.910515-06	0.24000	32	10	\N
1338	2019-03-11 16:15:00-06	2019-03-11 18:55:00-06	Work on go forward plan	2019-03-12 05:47:59.391938-06	2.66667	165	9	\N
1339	2019-03-12 06:15:00-06	2019-03-12 06:45:00-06	Mapped BP	2019-03-12 06:49:33.478945-06	0.50000	81	5	06:45:00
1341	2019-03-12 06:45:00-06	2019-03-12 07:00:00-06	Reviewed code with Ryan	2019-03-12 08:18:19.302391-06	0.25000	34	5	07:00:00
1342	2019-03-12 07:00:00-06	2019-03-12 08:45:00-06	Instructions	2019-03-12 08:45:42.601526-06	1.75000	15	5	08:45:00
1343	2019-03-12 08:45:00-06	2019-03-12 09:00:00-06	Installed CD	2019-03-12 09:15:39.165643-06	0.25000	34	5	09:00:00
1344	2019-03-07 09:00:00-07	2019-03-07 12:00:00-07	Fusion 360	2019-03-12 09:29:57.956687-06	3.00000	166	11	\N
1345	2019-03-07 12:01:00-07	2019-03-07 14:00:00-07	Cable management installation	2019-03-12 09:30:29.116768-06	1.98333	28	11	\N
1346	2019-03-08 08:00:00-07	2019-03-08 13:00:00-07	Fusion 360 - Downloaded software	2019-03-12 09:31:29.480806-06	5.00000	166	11	\N
1348	2019-03-12 09:00:00-06	2019-03-12 12:00:00-06	First prototype in Fusion 360	2019-03-12 09:36:20.220444-06	3.00000	166	11	\N
1347	2019-03-11 09:00:00-06	2019-03-11 12:00:00-06	First prototype in Fusion 360	2019-03-12 09:37:41.42378-06	3.00000	166	11	\N
1349	2019-03-11 12:01:00-06	2019-03-11 15:06:00-06	Shop automation, Jet air filter	2019-03-12 09:38:13.692752-06	3.08333	28	11	\N
1350	2019-03-12 09:00:00-06	2019-03-12 11:00:00-06	Phase Tester Design	2019-03-12 11:45:11.920824-06	2.00000	7	5	11:00:00
1351	2019-03-12 11:00:00-06	2019-03-12 11:30:00-06	Setup	2019-03-12 11:55:02.030946-06	0.50000	34	5	11:30:00
1340	2019-03-12 07:00:00-06	2019-03-12 13:00:00-06	Wiring relays to air filter.	2019-03-12 15:05:49.854813-06	6.00000	28	3	\N
1377	2019-03-14 17:00:00-06	2019-03-14 18:10:35-06	Getting Brittany started change PWB's on carries.	2019-03-14 18:10:37.569902-06	1.17639	2	3	\N
1353	2019-03-12 12:01:00-06	2019-03-12 15:21:00-06	Set up on flashforce, print, design	2019-03-12 15:22:26.458246-06	3.33333	167	11	15:21:00
1355	2019-03-12 11:30:00-06	2019-03-12 16:15:00-06	Design to use LCR meter	2019-03-12 16:16:42.63469-06	4.75000	7	5	16:15:00
1354	2019-03-12 15:45:20-06	2019-03-12 17:22:49-06	setting up database	2019-03-12 17:22:51.536538-06	1.62472	31	10	\N
1356	2019-03-12 17:42:14-06	2019-03-12 18:06:38-06	changing the order on the app	2019-03-12 18:06:39.97092-06	0.40667	31	10	\N
1357	2019-03-12 18:14:50-06	2019-03-12 18:45:57-06	Setting up	2019-03-12 18:45:58.781766-06	0.51861	32	10	\N
1358	2019-03-13 06:00:00-06	2019-03-13 07:30:00-06	Design to use LCR meter	2019-03-13 11:11:47.762276-06	1.50000	7	5	07:30:00
1359	2019-03-13 07:30:00-06	2019-03-13 08:00:00-06	Status meeting	2019-03-13 11:12:37.315321-06	0.50000	21	5	08:00:00
1360	2019-03-13 08:00:00-06	2019-03-13 11:15:00-06	Schematic and Layout	2019-03-13 11:13:23.722533-06	3.25000	7	5	11:15:00
1352	2019-03-12 13:00:30-06	2019-03-12 15:10:00-06	Learning code for Arduino.	2019-03-13 14:34:23.266528-06	2.15833	130	3	\N
1363	2019-03-13 07:10:00-06	2019-03-13 10:59:59-06	Removing Snow. Dragging wires for air filter.	2019-03-13 14:41:45.285645-06	3.83306	29	3	\N
1364	2019-03-13 11:00:00-06	2019-03-13 14:41:55-06	Modifying test box at Harris.	2019-03-13 14:43:21.556783-06	3.69861	170	3	\N
1365	2019-03-13 14:41:56-06	2019-03-13 15:22:50-06	Inspecting Phase tester PWB and schematic.	2019-03-13 15:22:53.27281-06	0.68167	7	3	\N
1366	2019-03-13 11:15:00-06	2019-03-13 15:35:00-06	First Box printout	2019-03-13 15:37:40.761783-06	4.33333	167	11	15:35:00
1362	2019-03-13 12:37:39-06	2019-03-13 16:37:26-06	updating app	2019-03-13 16:37:30.801869-06	3.99639	32	10	\N
1361	2019-03-13 11:15:00-06	2019-03-13 15:30:00-06	MRR Report	2019-03-13 19:49:37.883588-06	4.25000	3	5	15:30:00
1367	2019-03-13 15:30:00-06	2019-03-13 16:00:00-06	AIOS meeting	2019-03-13 19:51:49.446261-06	0.50000	21	5	16:00:00
1368	2019-03-13 16:00:00-06	2019-03-13 19:45:00-06	Connector search, debugging	2019-03-13 19:53:29.477-06	3.75000	34	5	19:45:00
1369	2019-03-13 16:15:00-06	2019-03-13 17:15:00-06	review file to send	2019-03-13 21:41:43.921861-06	1.00000	165	9	\N
1370	2019-03-14 06:00:00-06	2019-03-14 07:00:00-06	Element verification log	2019-03-14 07:05:36.816486-06	1.00000	3	5	07:00:00
1372	2019-03-14 10:55:06-06	2019-03-14 11:51:30-06	working on positioning	2019-03-14 11:51:33.651965-06	0.94000	32	10	\N
1374	2019-03-14 08:10:00-06	2019-03-14 15:06:00-06	Box design and manufacture	2019-03-14 15:06:11.810979-06	6.93333	167	11	15:06:00
1375	2019-03-14 07:00:00-06	2019-03-14 15:12:56-06	Building display board.	2019-03-14 15:12:59.550563-06	8.21556	29	3	\N
1376	2019-03-14 13:38:09-06	2019-03-14 15:43:48-06	employment verification	2019-03-14 15:43:51.729667-06	2.09417	40	7	\N
1371	2019-03-14 07:00:00-06	2019-03-14 16:00:00-06	Connector search, Fiber design	2019-03-14 15:56:19.544041-06	9.00000	81	5	16:00:00
1373	2019-03-14 14:39:25-06	2019-03-14 17:37:29-06	Studying	2019-03-14 17:37:31.144696-06	2.96778	32	10	\N
1378	2019-03-14 17:45:00-06	2019-03-14 21:15:00-06	Assemble boards	2019-03-14 21:12:06.768103-06	3.50000	2	8	21:15:00
1379	2019-03-15 06:00:00-06	2019-03-15 06:30:00-06	Cleanup	2019-03-15 06:33:09.472951-06	0.50000	81	5	06:30:00
1380	2019-03-15 06:30:00-06	2019-03-15 09:30:00-06	MRR report, Log sheet	2019-03-15 09:22:54.886528-06	3.00000	3	5	09:30:00
1383	2019-03-15 08:47:14-06	2019-03-15 12:48:00-06	cleaning, shelves, banking	2019-03-15 12:48:23.787319-06	4.01278	40	7	12:48:00
1382	2019-03-15 12:39:26-06	2019-03-15 13:28:40-06	Studying	2019-03-15 13:28:42.117223-06	0.82056	32	10	\N
1384	2019-03-15 10:00:00-06	2019-03-15 13:00:00-06	Miscellaneous	2019-03-15 13:53:39.772176-06	3.00000	39	5	13:00:00
1386	2019-03-15 09:15:00-06	2019-03-15 11:00:00-06	Redesigned case	2019-03-15 14:39:40.686647-06	1.75000	167	11	11:00:00
1387	2019-03-15 11:01:00-06	2019-03-15 14:40:00-06	Plainer maintenance	2019-03-15 14:40:32.132935-06	3.65000	28	11	14:40:00
1385	2019-03-15 13:00:00-06	2019-03-15 15:00:00-06	List of tasks	2019-03-15 14:53:21.068532-06	2.00000	32	5	15:00:00
1392	2019-03-16 14:50:50-06	2019-03-16 16:45:47-06	doing todo projects	2019-03-16 16:45:49.868162-06	1.91583	32	10	\N
1388	2019-03-15 17:52:26-06	2019-03-15 18:18:49-06	editing todo list entry	2019-03-15 18:18:51.216153-06	0.43972	32	10	\N
1389	2019-03-15 18:50:31-06	2019-03-15 19:12:57-06	working on to do list	2019-03-15 19:12:59.547058-06	0.37389	31	10	\N
1390	2019-03-15 16:15:00-06	2019-03-15 19:15:00-06	Burn Eproms for customer	2019-03-15 21:21:06.812271-06	3.00000	165	9	\N
1391	2019-03-16 11:28:20-06	2019-03-16 14:09:37-06	completing items on todo list	2019-03-16 14:09:39.691496-06	2.68806	31	10	\N
1393	2019-03-18 06:00:00-06	2019-03-18 06:15:00-06	Status	2019-03-18 06:15:00.014493-06	0.25000	21	5	06:15:00
1394	2019-03-18 06:15:00-06	2019-03-18 06:30:00-06	Board send out	2019-03-18 06:27:51.923081-06	0.25000	7	5	06:30:00
1381	2019-03-15 06:50:30-06	2019-03-15 14:00:00-06	making template for top of cabinet.	2019-03-18 07:52:07.520824-06	7.15833	7	3	\N
1395	2019-03-15 14:00:01-06	2019-03-15 16:00:00-06	Picking up PVC boards for shop.	2019-03-18 07:53:43.485422-06	1.99972	28	3	\N
1397	2019-03-18 06:30:00-06	2019-03-18 07:30:00-06	OPS 090 log sheet	2019-03-18 07:56:33.341259-06	1.00000	3	5	07:30:00
1398	2019-03-18 07:30:00-06	2019-03-18 07:45:00-06	Status	2019-03-18 07:56:58.490586-06	0.25000	21	5	07:45:00
1399	2019-03-18 07:45:00-06	2019-03-18 08:00:00-06	OPS 090 log sheet	2019-03-18 07:57:36.832392-06	0.25000	3	5	08:00:00
1401	2019-03-18 09:15:40-06	2019-03-18 10:37:58-06	banking, paper work	2019-03-18 10:38:01.554019-06	1.37167	40	7	\N
1400	2019-03-18 08:00:00-06	2019-03-18 11:00:00-06	HPT Cable check	2019-03-18 11:31:43.368964-06	3.00000	81	5	11:00:00
1404	2019-03-18 11:00:00-06	2019-03-18 11:30:00-06	Progeny IPT	2019-03-18 11:32:25.696405-06	0.50000	21	5	11:30:00
1403	2019-03-18 10:56:36-06	2019-03-18 12:06:33-06	paper wk	2019-03-18 12:06:36.474778-06	1.16583	40	7	\N
1402	2019-03-18 10:13:55-06	2019-03-18 13:04:54-06	completing items on todo list	2019-03-18 13:04:57.68504-06	2.84972	31	10	\N
1405	2019-03-18 11:30:00-06	2019-03-18 14:30:00-06	HPT Cable check, Testing	2019-03-18 14:32:28.951807-06	3.00000	81	5	14:30:00
1406	2019-03-18 09:00:00-06	2019-03-18 12:00:00-06	Designing touch screen enclsoure	2019-03-18 16:00:29.723652-06	3.00000	167	11	12:00:00
1407	2019-03-18 12:01:00-06	2019-03-18 16:00:00-06	Planer blade change	2019-03-18 16:01:42.986372-06	3.98333	28	11	16:00:00
1408	2019-03-18 15:00:00-06	2019-03-18 17:19:23-06	Installing siding.	2019-03-18 17:19:25.547367-06	2.32306	28	3	\N
1396	2019-03-18 06:50:00-06	2019-03-18 14:59:59-06	Programming Torque tester at Harris.	2019-03-18 17:19:06.224321-06	8.16639	2	3	\N
1409	2019-03-18 17:30:00-06	2019-03-18 21:00:00-06	Assemble boards	2019-03-18 20:58:18.685679-06	3.50000	2	8	21:00:00
1426	2019-03-20 09:30:00-06	2019-03-20 12:45:00-06	Carrier Consolidation	2019-03-20 13:32:38.365081-06	3.25000	3	5	12:15:00
1411	2019-03-19 06:00:00-06	2019-03-19 07:30:00-06	Test new carriers	2019-03-19 08:51:07.769695-06	1.50000	2	5	07:30:00
1433	2019-03-20 06:50:00-06	2019-03-20 17:09:35-06	installing window sill and siding.	2019-03-20 17:09:38.932524-06	10.32639	28	3	\N
1434	2019-03-19 16:15:00-06	2019-03-19 17:15:00-06	convert mulitple prom files to one file	2019-03-20 19:45:51.465492-06	1.00000	165	9	\N
1410	2019-03-19 08:35:30-06	2019-03-19 10:49:28-06	banking	2019-03-19 10:49:32.311569-06	2.23278	40	7	\N
1413	2019-03-19 10:11:44-06	2019-03-19 12:31:14-06	completing items on todo list	2019-03-19 12:31:22.861058-06	2.32500	31	10	\N
1412	2019-03-19 07:30:00-06	2019-03-19 12:45:00-06	Carrier Filling	2019-03-19 12:41:52.078817-06	5.25000	3	5	12:45:00
1435	2019-03-20 17:45:00-06	2019-03-20 18:15:00-06	Test -5 code in MEU	2019-03-20 19:46:50.009293-06	0.50000	165	9	\N
1436	2019-03-21 05:15:00-06	\N	Remapping	2019-03-21 05:22:03.745912-06	0.11750	3	5	\N
1414	2019-03-19 06:45:00-06	2019-03-19 08:14:59-06	Repairing 2 carries that Brittany had problems.	2019-03-19 13:55:48.19062-06	1.49972	2	3	\N
1438	2019-03-21 09:21:11-06	\N	completing items on todo list	2019-03-21 09:21:20.662729-06	0.00250	32	10	\N
1415	2019-03-19 08:15:00-06	2019-03-19 09:14:59-06	Working on lesson 14.	2019-03-19 13:57:00.398808-06	0.99972	130	3	\N
1417	2019-03-19 14:00:00-06	2019-03-19 14:30:00-06	Status call	2019-03-19 14:29:13.11197-06	0.50000	34	5	14:30:00
1418	2019-03-19 09:00:00-06	2019-03-19 15:42:00-06	Planer blade change	2019-03-19 15:43:05.525181-06	6.70000	28	11	15:42:00
1416	2019-03-19 09:15:00-06	2019-03-19 16:47:17-06	Building Phase Detector Cabinet.	2019-03-19 16:47:21.314275-06	7.53806	7	3	\N
1419	2019-03-19 17:20:05-06	2019-03-19 17:36:59-06	completing items on todo list	2019-03-19 17:37:02.342219-06	0.28167	31	10	\N
1420	2019-03-19 18:33:38-06	2019-03-19 19:35:35-06	completing items on todo list	2019-03-19 19:35:38.789531-06	1.03250	32	10	\N
1421	2019-03-20 06:00:00-06	2019-03-20 06:45:00-06	Carrier Validation	2019-03-20 06:57:42.629767-06	0.75000	3	5	06:45:00
1422	2019-03-20 06:45:00-06	2019-03-20 08:30:00-06	Carrier Consolidation	2019-03-20 09:32:15.890128-06	1.75000	3	5	08:30:00
1423	2019-03-20 08:30:00-06	2019-03-20 09:30:00-06	CD, Seacon plug	2019-03-20 09:35:47.439158-06	1.00000	34	5	09:30:00
1424	2019-03-20 09:00:00-06	2019-03-20 09:35:00-06	ordering parts	2019-03-20 09:36:22.949834-06	0.58333	39	7	09:35:00
1425	2019-03-20 09:36:23-06	2019-03-20 10:47:13-06	banking, paper	2019-03-20 10:47:16.583965-06	1.18056	40	7	\N
1427	2019-03-20 09:52:13-06	2019-03-20 12:54:45-06	completing items on todo list	2019-03-20 12:54:46.964917-06	3.04222	31	10	\N
\.


--
-- Data for Name: timepiece_project; Type: TABLE DATA; Schema: public; Owner: mrp
--

COPY public.timepiece_project (id, name, inactive) FROM stdin;
40	CCE Admin	f
25	CCE QC Instrument Shorting Switches	t
76	CCE MOD1 Stack tester	t
75	CCE MOD0 Tuning	t
22	CCE MOD0 Trusted Download	t
86	EMUS Arduino Software	f
87	CCE MOD1 TI-18 Relay Repair	f
83	CCE MK48 Impedance Experiment	t
79	CCE MOD1 Array Map - legacy	t
82	CCE MOD1 Throughput and Sparing Analysis	t
84	CCE MOD0 Engineering Support	f
42	CCE MOD1 ESS Data Review	f
125	CCE MOD0 Repair	f
11	CCE MOD1 TI-18 ADAS Calibration & Procedure	f
88	CCE MOD1 TI-18 CY19 Proposal	t
23	CCE MOD0 Element Software Documentation	t
78	CCE HBX Project Charters & 2 second Improvements	t
38	CCE MOD0 Torque Controller	t
89	CCE MOD1 ADAS redesign	t
1	CCE MOD1 Element Tester Shelves	t
20	CCE MOD1 Housing/Unit Label EA	t
19	CCE MOD1 Match machining	t
91	CCE MOD1 IR Failures	t
18	CCE MOD1 Laser S/N and bar codes	t
13	CCE MOD1 Rotater Automation	t
90	CCE MOD1 RVS Bug analysis	t
10	CCE MOD1 Stack Testing Method	t
126	CCE MOD1 TI-18 AITS Repair	t
92	CCE MOD1 TI-23 Corprene Replacement	t
8	CCE MOD1 Array Sweep Multiplexer	f
17	CCE MOD1 Corner Element Milling	f
2	CCE MOD1 Element Tester Carriers	f
14	CCE MOD1 ESS Automation and Organization	f
41	CCE MOD1 FAT Analysis	f
3	CCE MOD1 Mapping Software	f
12	CCE MOD1 Map Rack Display/Button	f
6	CCE MOD1 Phase Tester Firmware	f
7	CCE MOD1 Phase Tester Hardware	f
77	CCE MOD1 Secure Computers	f
9	CCE MOD1 Secure Room Layout	f
21	CCE MOD1 Status/IPT/Misc meetings	f
34	CCE MOD1 TI-08	f
5	CCE MOD1 TI-16 Automatic Impedance Analysis	f
4	CCE MOD1 TI-16 Pressure Vessel	f
16	CCE MOD1 Trusted Download Automation	f
39	EMUS Admin	f
27	EMUS Air Conditioner Controls	f
36	EMUS EFM64 Display	f
26	EMUS Lighting Controls	f
30	EMUS Motor Control	f
29	EMUS Product Assembly	f
31	EMUS Time System Development	f
33	EMUS URL Shortener Development	f
37	CCE MK48 Proposal	t
35	CCE MOD0 Database Migration	t
127	CCE OH Tank Noise Debug	t
15	CCE MOD1 TI-18 Equipment PM	f
128	EMUS MRP Part Input	f
129	CCE MOD1 HP/IR Test System	f
130	EMUS Arduino Tutorials	f
32	EMUS MRP System Development	f
85	CCE MOD0 Current Sensor modification	t
80	CCE MOD0 Test Support	f
81	CCE MOD1 Test Support	f
24	CCE TB29 Trim Spreadsheet Fix	t
131	CCE MOD0 MRR Unit Testing	f
164	CCE MOD1 Improvement Initiatives Meeting	f
165	CCE Doppler	f
28	EMUS Shop organization	f
167	EMUS 3D Printer	f
166	EMUS Fusion 360 Tutorials	f
168	EMUS Milling Machine Stand & Enclosure	f
169	EMUS Welder Evaluation & Purchase	f
170	CCE Automation Initiative	f
\.


--
-- Data for Name: timepiece_projecthours; Type: TABLE DATA; Schema: public; Owner: mrp
--

COPY public.timepiece_projecthours (id, week_start, hours, published, project_id, user_id) FROM stdin;
\.


--
-- Data for Name: timepiece_projectrelationship; Type: TABLE DATA; Schema: public; Owner: mrp
--

COPY public.timepiece_projectrelationship (id, project_id, user_id) FROM stdin;
5	2	7
6	2	3
7	2	5
8	3	5
9	4	5
10	5	5
11	6	5
12	7	7
13	7	3
14	7	5
15	8	3
16	8	5
17	9	5
20	12	3
21	12	5
22	12	6
24	14	5
26	16	5
27	17	5
31	21	5
34	24	5
37	26	3
38	26	5
39	26	6
40	27	3
41	27	5
42	27	6
46	29	7
47	29	3
48	30	3
49	30	5
50	30	6
51	31	4
52	32	4
53	33	4
54	34	3
55	34	5
56	35	5
57	36	3
58	36	5
59	36	6
60	37	5
63	39	7
64	39	5
65	39	4
69	31	5
70	31	6
71	41	5
106	76	3
107	76	5
108	77	5
109	29	8
110	8	8
111	2	8
113	12	8
114	7	8
115	76	8
117	27	8
118	36	8
121	32	5
123	80	5
124	81	5
182	129	3
183	129	5
66	40	7
67	40	5
125	40	4
116	25	8
35	25	3
36	25	5
184	130	3
131	85	3
132	85	5
185	131	5
218	164	5
219	165	5
32	22	5
127	22	4
133	86	3
134	86	5
135	86	4
136	86	6
105	75	5
137	87	3
138	87	5
128	83	3
129	83	5
126	82	5
220	165	9
221	32	10
130	84	5
72	42	5
176	125	3
222	31	10
19	11	5
139	88	5
33	23	5
61	38	3
62	38	5
140	89	5
2	1	7
112	1	8
3	1	3
4	1	5
30	20	5
29	19	5
142	91	5
28	18	5
23	13	5
141	90	5
18	10	5
177	126	3
143	92	5
178	127	5
25	15	5
179	128	7
180	128	8
181	128	3
43	28	7
119	28	8
223	28	11
44	28	3
45	28	5
226	167	11
227	167	5
224	166	11
225	166	5
228	168	11
229	168	3
230	168	5
231	169	11
232	169	3
233	169	5
234	170	3
235	170	5
\.


--
-- Name: auth_group_id_seq; Type: SEQUENCE SET; Schema: public; Owner: mrp
--

SELECT pg_catalog.setval('public.auth_group_id_seq', 1, false);


--
-- Name: auth_group_permissions_id_seq; Type: SEQUENCE SET; Schema: public; Owner: mrp
--

SELECT pg_catalog.setval('public.auth_group_permissions_id_seq', 1, false);


--
-- Name: auth_permission_id_seq; Type: SEQUENCE SET; Schema: public; Owner: mrp
--

SELECT pg_catalog.setval('public.auth_permission_id_seq', 130, true);


--
-- Name: auth_user_groups_id_seq; Type: SEQUENCE SET; Schema: public; Owner: mrp
--

SELECT pg_catalog.setval('public.auth_user_groups_id_seq', 1, false);


--
-- Name: auth_user_id_seq; Type: SEQUENCE SET; Schema: public; Owner: mrp
--

SELECT pg_catalog.setval('public.auth_user_id_seq', 12, true);


--
-- Name: auth_user_user_permissions_id_seq; Type: SEQUENCE SET; Schema: public; Owner: mrp
--

SELECT pg_catalog.setval('public.auth_user_user_permissions_id_seq', 678, true);


--
-- Name: django_admin_log_id_seq; Type: SEQUENCE SET; Schema: public; Owner: mrp
--

SELECT pg_catalog.setval('public.django_admin_log_id_seq', 458, true);


--
-- Name: django_content_type_id_seq; Type: SEQUENCE SET; Schema: public; Owner: mrp
--

SELECT pg_catalog.setval('public.django_content_type_id_seq', 31, true);


--
-- Name: django_migrations_id_seq; Type: SEQUENCE SET; Schema: public; Owner: mrp
--

SELECT pg_catalog.setval('public.django_migrations_id_seq', 122, true);


--
-- Name: django_redirect_id_seq; Type: SEQUENCE SET; Schema: public; Owner: mrp
--

SELECT pg_catalog.setval('public.django_redirect_id_seq', 127, true);


--
-- Name: django_site_id_seq; Type: SEQUENCE SET; Schema: public; Owner: mrp
--

SELECT pg_catalog.setval('public.django_site_id_seq', 1, true);


--
-- Name: entries_todo_id_seq; Type: SEQUENCE SET; Schema: public; Owner: mrp
--

SELECT pg_catalog.setval('public.entries_todo_id_seq', 100, true);


--
-- Name: manager_profile_id_seq; Type: SEQUENCE SET; Schema: public; Owner: mrp
--

SELECT pg_catalog.setval('public.manager_profile_id_seq', 9, true);


--
-- Name: mrp_system_billofmaterials_id_seq; Type: SEQUENCE SET; Schema: public; Owner: mrp
--

SELECT pg_catalog.setval('public.mrp_system_billofmaterials_id_seq', 45, true);


--
-- Name: mrp_system_billofmaterials_id_seq1; Type: SEQUENCE SET; Schema: public; Owner: mrp
--

SELECT pg_catalog.setval('public.mrp_system_billofmaterials_id_seq1', 4, true);


--
-- Name: mrp_system_digikeyapi_id_seq; Type: SEQUENCE SET; Schema: public; Owner: mrp
--

SELECT pg_catalog.setval('public.mrp_system_digikeyapi_id_seq', 1, true);


--
-- Name: mrp_system_field_id_seq; Type: SEQUENCE SET; Schema: public; Owner: mrp
--

SELECT pg_catalog.setval('public.mrp_system_field_id_seq', 1742, true);


--
-- Name: mrp_system_location1_id_seq; Type: SEQUENCE SET; Schema: public; Owner: mrp
--

SELECT pg_catalog.setval('public.mrp_system_location1_id_seq', 1, false);


--
-- Name: mrp_system_location_id_seq; Type: SEQUENCE SET; Schema: public; Owner: mrp
--

SELECT pg_catalog.setval('public.mrp_system_location_id_seq', 47, true);


--
-- Name: mrp_system_locationrelationship_id_seq; Type: SEQUENCE SET; Schema: public; Owner: mrp
--

SELECT pg_catalog.setval('public.mrp_system_locationrelationship_id_seq', 435, true);


--
-- Name: mrp_system_manufacturer_id_seq; Type: SEQUENCE SET; Schema: public; Owner: mrp
--

SELECT pg_catalog.setval('public.mrp_system_manufacturer_id_seq', 173, true);


--
-- Name: mrp_system_manufacturerrelationship_id_seq; Type: SEQUENCE SET; Schema: public; Owner: mrp
--

SELECT pg_catalog.setval('public.mrp_system_manufacturerrelationship_id_seq', 677, true);


--
-- Name: mrp_system_moproduct_id_seq; Type: SEQUENCE SET; Schema: public; Owner: mrp
--

SELECT pg_catalog.setval('public.mrp_system_moproduct_id_seq', 5, true);


--
-- Name: mrp_system_part_id_seq; Type: SEQUENCE SET; Schema: public; Owner: mrp
--

SELECT pg_catalog.setval('public.mrp_system_part_id_seq', 680, true);


--
-- Name: mrp_system_product_id_seq; Type: SEQUENCE SET; Schema: public; Owner: mrp
--

SELECT pg_catalog.setval('public.mrp_system_product_id_seq', 8, true);


--
-- Name: mrp_system_productamount_id_seq; Type: SEQUENCE SET; Schema: public; Owner: mrp
--

SELECT pg_catalog.setval('public.mrp_system_productamount_id_seq', 4, true);


--
-- Name: mrp_system_productlocation_id_seq; Type: SEQUENCE SET; Schema: public; Owner: mrp
--

SELECT pg_catalog.setval('public.mrp_system_productlocation_id_seq', 4, true);


--
-- Name: mrp_system_purchaseorder_id_seq; Type: SEQUENCE SET; Schema: public; Owner: mrp
--

SELECT pg_catalog.setval('public.mrp_system_purchaseorder_id_seq', 1, true);


--
-- Name: mrp_system_purchaseorderparts_id_seq; Type: SEQUENCE SET; Schema: public; Owner: mrp
--

SELECT pg_catalog.setval('public.mrp_system_purchaseorderparts_id_seq', 4, true);


--
-- Name: mrp_system_type_id_seq; Type: SEQUENCE SET; Schema: public; Owner: mrp
--

SELECT pg_catalog.setval('public.mrp_system_type_id_seq', 109, true);


--
-- Name: timepiece_entry_id_seq; Type: SEQUENCE SET; Schema: public; Owner: mrp
--

SELECT pg_catalog.setval('public.timepiece_entry_id_seq', 1438, true);


--
-- Name: timepiece_project_id_seq; Type: SEQUENCE SET; Schema: public; Owner: mrp
--

SELECT pg_catalog.setval('public.timepiece_project_id_seq', 171, true);


--
-- Name: timepiece_projecthours_id_seq; Type: SEQUENCE SET; Schema: public; Owner: mrp
--

SELECT pg_catalog.setval('public.timepiece_projecthours_id_seq', 1, false);


--
-- Name: timepiece_projectrelationship_id_seq; Type: SEQUENCE SET; Schema: public; Owner: mrp
--

SELECT pg_catalog.setval('public.timepiece_projectrelationship_id_seq', 236, true);


--
-- Name: auth_group auth_group_name_key; Type: CONSTRAINT; Schema: public; Owner: mrp
--

ALTER TABLE ONLY public.auth_group
    ADD CONSTRAINT auth_group_name_key UNIQUE (name);


--
-- Name: auth_group_permissions auth_group_permissions_group_id_permission_id_0cd325b0_uniq; Type: CONSTRAINT; Schema: public; Owner: mrp
--

ALTER TABLE ONLY public.auth_group_permissions
    ADD CONSTRAINT auth_group_permissions_group_id_permission_id_0cd325b0_uniq UNIQUE (group_id, permission_id);


--
-- Name: auth_group_permissions auth_group_permissions_pkey; Type: CONSTRAINT; Schema: public; Owner: mrp
--

ALTER TABLE ONLY public.auth_group_permissions
    ADD CONSTRAINT auth_group_permissions_pkey PRIMARY KEY (id);


--
-- Name: auth_group auth_group_pkey; Type: CONSTRAINT; Schema: public; Owner: mrp
--

ALTER TABLE ONLY public.auth_group
    ADD CONSTRAINT auth_group_pkey PRIMARY KEY (id);


--
-- Name: auth_permission auth_permission_content_type_id_codename_01ab375a_uniq; Type: CONSTRAINT; Schema: public; Owner: mrp
--

ALTER TABLE ONLY public.auth_permission
    ADD CONSTRAINT auth_permission_content_type_id_codename_01ab375a_uniq UNIQUE (content_type_id, codename);


--
-- Name: auth_permission auth_permission_pkey; Type: CONSTRAINT; Schema: public; Owner: mrp
--

ALTER TABLE ONLY public.auth_permission
    ADD CONSTRAINT auth_permission_pkey PRIMARY KEY (id);


--
-- Name: auth_user_groups auth_user_groups_pkey; Type: CONSTRAINT; Schema: public; Owner: mrp
--

ALTER TABLE ONLY public.auth_user_groups
    ADD CONSTRAINT auth_user_groups_pkey PRIMARY KEY (id);


--
-- Name: auth_user_groups auth_user_groups_user_id_group_id_94350c0c_uniq; Type: CONSTRAINT; Schema: public; Owner: mrp
--

ALTER TABLE ONLY public.auth_user_groups
    ADD CONSTRAINT auth_user_groups_user_id_group_id_94350c0c_uniq UNIQUE (user_id, group_id);


--
-- Name: auth_user auth_user_pkey; Type: CONSTRAINT; Schema: public; Owner: mrp
--

ALTER TABLE ONLY public.auth_user
    ADD CONSTRAINT auth_user_pkey PRIMARY KEY (id);


--
-- Name: auth_user_user_permissions auth_user_user_permissions_pkey; Type: CONSTRAINT; Schema: public; Owner: mrp
--

ALTER TABLE ONLY public.auth_user_user_permissions
    ADD CONSTRAINT auth_user_user_permissions_pkey PRIMARY KEY (id);


--
-- Name: auth_user_user_permissions auth_user_user_permissions_user_id_permission_id_14a6b632_uniq; Type: CONSTRAINT; Schema: public; Owner: mrp
--

ALTER TABLE ONLY public.auth_user_user_permissions
    ADD CONSTRAINT auth_user_user_permissions_user_id_permission_id_14a6b632_uniq UNIQUE (user_id, permission_id);


--
-- Name: auth_user auth_user_username_key; Type: CONSTRAINT; Schema: public; Owner: mrp
--

ALTER TABLE ONLY public.auth_user
    ADD CONSTRAINT auth_user_username_key UNIQUE (username);


--
-- Name: django_admin_log django_admin_log_pkey; Type: CONSTRAINT; Schema: public; Owner: mrp
--

ALTER TABLE ONLY public.django_admin_log
    ADD CONSTRAINT django_admin_log_pkey PRIMARY KEY (id);


--
-- Name: django_content_type django_content_type_app_label_model_76bd3d3b_uniq; Type: CONSTRAINT; Schema: public; Owner: mrp
--

ALTER TABLE ONLY public.django_content_type
    ADD CONSTRAINT django_content_type_app_label_model_76bd3d3b_uniq UNIQUE (app_label, model);


--
-- Name: django_content_type django_content_type_pkey; Type: CONSTRAINT; Schema: public; Owner: mrp
--

ALTER TABLE ONLY public.django_content_type
    ADD CONSTRAINT django_content_type_pkey PRIMARY KEY (id);


--
-- Name: django_migrations django_migrations_pkey; Type: CONSTRAINT; Schema: public; Owner: mrp
--

ALTER TABLE ONLY public.django_migrations
    ADD CONSTRAINT django_migrations_pkey PRIMARY KEY (id);


--
-- Name: django_redirect django_redirect_pkey; Type: CONSTRAINT; Schema: public; Owner: mrp
--

ALTER TABLE ONLY public.django_redirect
    ADD CONSTRAINT django_redirect_pkey PRIMARY KEY (id);


--
-- Name: django_redirect django_redirect_site_id_old_path_ac5dd16b_uniq; Type: CONSTRAINT; Schema: public; Owner: mrp
--

ALTER TABLE ONLY public.django_redirect
    ADD CONSTRAINT django_redirect_site_id_old_path_ac5dd16b_uniq UNIQUE (site_id, old_path);


--
-- Name: django_session django_session_pkey; Type: CONSTRAINT; Schema: public; Owner: mrp
--

ALTER TABLE ONLY public.django_session
    ADD CONSTRAINT django_session_pkey PRIMARY KEY (session_key);


--
-- Name: django_site django_site_domain_a2e37b91_uniq; Type: CONSTRAINT; Schema: public; Owner: mrp
--

ALTER TABLE ONLY public.django_site
    ADD CONSTRAINT django_site_domain_a2e37b91_uniq UNIQUE (domain);


--
-- Name: django_site django_site_pkey; Type: CONSTRAINT; Schema: public; Owner: mrp
--

ALTER TABLE ONLY public.django_site
    ADD CONSTRAINT django_site_pkey PRIMARY KEY (id);


--
-- Name: entries_todo entries_todo_pkey; Type: CONSTRAINT; Schema: public; Owner: mrp
--

ALTER TABLE ONLY public.entries_todo
    ADD CONSTRAINT entries_todo_pkey PRIMARY KEY (id);


--
-- Name: manager_profile manager_profile_pkey; Type: CONSTRAINT; Schema: public; Owner: mrp
--

ALTER TABLE ONLY public.manager_profile
    ADD CONSTRAINT manager_profile_pkey PRIMARY KEY (id);


--
-- Name: manager_profile manager_profile_user_id_key; Type: CONSTRAINT; Schema: public; Owner: mrp
--

ALTER TABLE ONLY public.manager_profile
    ADD CONSTRAINT manager_profile_user_id_key UNIQUE (user_id);


--
-- Name: mrp_system_partamount mrp_system_billofmaterials_pkey; Type: CONSTRAINT; Schema: public; Owner: mrp
--

ALTER TABLE ONLY public.mrp_system_partamount
    ADD CONSTRAINT mrp_system_billofmaterials_pkey PRIMARY KEY (id);


--
-- Name: mrp_system_manufacturingorder mrp_system_billofmaterials_pkey1; Type: CONSTRAINT; Schema: public; Owner: mrp
--

ALTER TABLE ONLY public.mrp_system_manufacturingorder
    ADD CONSTRAINT mrp_system_billofmaterials_pkey1 PRIMARY KEY (id);


--
-- Name: mrp_system_digikeyapi mrp_system_digikeyapi_pkey; Type: CONSTRAINT; Schema: public; Owner: mrp
--

ALTER TABLE ONLY public.mrp_system_digikeyapi
    ADD CONSTRAINT mrp_system_digikeyapi_pkey PRIMARY KEY (id);


--
-- Name: mrp_system_field mrp_system_field_pkey; Type: CONSTRAINT; Schema: public; Owner: mrp
--

ALTER TABLE ONLY public.mrp_system_field
    ADD CONSTRAINT mrp_system_field_pkey PRIMARY KEY (id);


--
-- Name: mrp_system_mrpsystem mrp_system_location1_name_key; Type: CONSTRAINT; Schema: public; Owner: mrp
--

ALTER TABLE ONLY public.mrp_system_mrpsystem
    ADD CONSTRAINT mrp_system_location1_name_key UNIQUE (name);


--
-- Name: mrp_system_mrpsystem mrp_system_location1_pkey; Type: CONSTRAINT; Schema: public; Owner: mrp
--

ALTER TABLE ONLY public.mrp_system_mrpsystem
    ADD CONSTRAINT mrp_system_location1_pkey PRIMARY KEY (id);


--
-- Name: mrp_system_location mrp_system_location_name_8f9440c6_uniq; Type: CONSTRAINT; Schema: public; Owner: mrp
--

ALTER TABLE ONLY public.mrp_system_location
    ADD CONSTRAINT mrp_system_location_name_8f9440c6_uniq UNIQUE (name);


--
-- Name: mrp_system_location mrp_system_location_pkey; Type: CONSTRAINT; Schema: public; Owner: mrp
--

ALTER TABLE ONLY public.mrp_system_location
    ADD CONSTRAINT mrp_system_location_pkey PRIMARY KEY (id);


--
-- Name: mrp_system_locationrelationship mrp_system_locationrelationship_pkey; Type: CONSTRAINT; Schema: public; Owner: mrp
--

ALTER TABLE ONLY public.mrp_system_locationrelationship
    ADD CONSTRAINT mrp_system_locationrelationship_pkey PRIMARY KEY (id);


--
-- Name: mrp_system_vendor mrp_system_manufacturer_pkey; Type: CONSTRAINT; Schema: public; Owner: mrp
--

ALTER TABLE ONLY public.mrp_system_vendor
    ADD CONSTRAINT mrp_system_manufacturer_pkey PRIMARY KEY (id);


--
-- Name: mrp_system_manufacturerrelationship mrp_system_manufacturerrelationship_pkey; Type: CONSTRAINT; Schema: public; Owner: mrp
--

ALTER TABLE ONLY public.mrp_system_manufacturerrelationship
    ADD CONSTRAINT mrp_system_manufacturerrelationship_pkey PRIMARY KEY (id);


--
-- Name: mrp_system_moproduct mrp_system_moproduct_pkey; Type: CONSTRAINT; Schema: public; Owner: mrp
--

ALTER TABLE ONLY public.mrp_system_moproduct
    ADD CONSTRAINT mrp_system_moproduct_pkey PRIMARY KEY (id);


--
-- Name: mrp_system_part mrp_system_part_pkey; Type: CONSTRAINT; Schema: public; Owner: mrp
--

ALTER TABLE ONLY public.mrp_system_part
    ADD CONSTRAINT mrp_system_part_pkey PRIMARY KEY (id);


--
-- Name: mrp_system_product mrp_system_product_pkey; Type: CONSTRAINT; Schema: public; Owner: mrp
--

ALTER TABLE ONLY public.mrp_system_product
    ADD CONSTRAINT mrp_system_product_pkey PRIMARY KEY (id);


--
-- Name: mrp_system_productamount mrp_system_productamount_pkey; Type: CONSTRAINT; Schema: public; Owner: mrp
--

ALTER TABLE ONLY public.mrp_system_productamount
    ADD CONSTRAINT mrp_system_productamount_pkey PRIMARY KEY (id);


--
-- Name: mrp_system_productlocation mrp_system_productlocation_pkey; Type: CONSTRAINT; Schema: public; Owner: mrp
--

ALTER TABLE ONLY public.mrp_system_productlocation
    ADD CONSTRAINT mrp_system_productlocation_pkey PRIMARY KEY (id);


--
-- Name: mrp_system_purchaseorder mrp_system_purchaseorder_pkey; Type: CONSTRAINT; Schema: public; Owner: mrp
--

ALTER TABLE ONLY public.mrp_system_purchaseorder
    ADD CONSTRAINT mrp_system_purchaseorder_pkey PRIMARY KEY (id);


--
-- Name: mrp_system_purchaseorderparts mrp_system_purchaseorderparts_pkey; Type: CONSTRAINT; Schema: public; Owner: mrp
--

ALTER TABLE ONLY public.mrp_system_purchaseorderparts
    ADD CONSTRAINT mrp_system_purchaseorderparts_pkey PRIMARY KEY (id);


--
-- Name: mrp_system_type mrp_system_type_name_7716bd50_uniq; Type: CONSTRAINT; Schema: public; Owner: mrp
--

ALTER TABLE ONLY public.mrp_system_type
    ADD CONSTRAINT mrp_system_type_name_7716bd50_uniq UNIQUE (name);


--
-- Name: mrp_system_type mrp_system_type_pkey; Type: CONSTRAINT; Schema: public; Owner: mrp
--

ALTER TABLE ONLY public.mrp_system_type
    ADD CONSTRAINT mrp_system_type_pkey PRIMARY KEY (id);


--
-- Name: mrp_system_vendor mrp_system_vendor_name_93915f31_uniq; Type: CONSTRAINT; Schema: public; Owner: mrp
--

ALTER TABLE ONLY public.mrp_system_vendor
    ADD CONSTRAINT mrp_system_vendor_name_93915f31_uniq UNIQUE (name);


--
-- Name: timepiece_entry timepiece_entry_pkey; Type: CONSTRAINT; Schema: public; Owner: mrp
--

ALTER TABLE ONLY public.timepiece_entry
    ADD CONSTRAINT timepiece_entry_pkey PRIMARY KEY (id);


--
-- Name: timepiece_project timepiece_project_pkey; Type: CONSTRAINT; Schema: public; Owner: mrp
--

ALTER TABLE ONLY public.timepiece_project
    ADD CONSTRAINT timepiece_project_pkey PRIMARY KEY (id);


--
-- Name: timepiece_projecthours timepiece_projecthours_pkey; Type: CONSTRAINT; Schema: public; Owner: mrp
--

ALTER TABLE ONLY public.timepiece_projecthours
    ADD CONSTRAINT timepiece_projecthours_pkey PRIMARY KEY (id);


--
-- Name: timepiece_projecthours timepiece_projecthours_week_start_project_id_us_4cfca258_uniq; Type: CONSTRAINT; Schema: public; Owner: mrp
--

ALTER TABLE ONLY public.timepiece_projecthours
    ADD CONSTRAINT timepiece_projecthours_week_start_project_id_us_4cfca258_uniq UNIQUE (week_start, project_id, user_id);


--
-- Name: timepiece_projectrelationship timepiece_projectrelationship_pkey; Type: CONSTRAINT; Schema: public; Owner: mrp
--

ALTER TABLE ONLY public.timepiece_projectrelationship
    ADD CONSTRAINT timepiece_projectrelationship_pkey PRIMARY KEY (id);


--
-- Name: timepiece_projectrelationship timepiece_projectrelationship_user_id_project_id_cd4c6a0f_uniq; Type: CONSTRAINT; Schema: public; Owner: mrp
--

ALTER TABLE ONLY public.timepiece_projectrelationship
    ADD CONSTRAINT timepiece_projectrelationship_user_id_project_id_cd4c6a0f_uniq UNIQUE (user_id, project_id);


--
-- Name: auth_group_name_a6ea08ec_like; Type: INDEX; Schema: public; Owner: mrp
--

CREATE INDEX auth_group_name_a6ea08ec_like ON public.auth_group USING btree (name varchar_pattern_ops);


--
-- Name: auth_group_permissions_group_id_b120cbf9; Type: INDEX; Schema: public; Owner: mrp
--

CREATE INDEX auth_group_permissions_group_id_b120cbf9 ON public.auth_group_permissions USING btree (group_id);


--
-- Name: auth_group_permissions_permission_id_84c5c92e; Type: INDEX; Schema: public; Owner: mrp
--

CREATE INDEX auth_group_permissions_permission_id_84c5c92e ON public.auth_group_permissions USING btree (permission_id);


--
-- Name: auth_permission_content_type_id_2f476e4b; Type: INDEX; Schema: public; Owner: mrp
--

CREATE INDEX auth_permission_content_type_id_2f476e4b ON public.auth_permission USING btree (content_type_id);


--
-- Name: auth_user_groups_group_id_97559544; Type: INDEX; Schema: public; Owner: mrp
--

CREATE INDEX auth_user_groups_group_id_97559544 ON public.auth_user_groups USING btree (group_id);


--
-- Name: auth_user_groups_user_id_6a12ed8b; Type: INDEX; Schema: public; Owner: mrp
--

CREATE INDEX auth_user_groups_user_id_6a12ed8b ON public.auth_user_groups USING btree (user_id);


--
-- Name: auth_user_user_permissions_permission_id_1fbb5f2c; Type: INDEX; Schema: public; Owner: mrp
--

CREATE INDEX auth_user_user_permissions_permission_id_1fbb5f2c ON public.auth_user_user_permissions USING btree (permission_id);


--
-- Name: auth_user_user_permissions_user_id_a95ead1b; Type: INDEX; Schema: public; Owner: mrp
--

CREATE INDEX auth_user_user_permissions_user_id_a95ead1b ON public.auth_user_user_permissions USING btree (user_id);


--
-- Name: auth_user_username_6821ab7c_like; Type: INDEX; Schema: public; Owner: mrp
--

CREATE INDEX auth_user_username_6821ab7c_like ON public.auth_user USING btree (username varchar_pattern_ops);


--
-- Name: django_admin_log_content_type_id_c4bce8eb; Type: INDEX; Schema: public; Owner: mrp
--

CREATE INDEX django_admin_log_content_type_id_c4bce8eb ON public.django_admin_log USING btree (content_type_id);


--
-- Name: django_admin_log_user_id_c564eba6; Type: INDEX; Schema: public; Owner: mrp
--

CREATE INDEX django_admin_log_user_id_c564eba6 ON public.django_admin_log USING btree (user_id);


--
-- Name: django_redirect_old_path_c6cc94d3; Type: INDEX; Schema: public; Owner: mrp
--

CREATE INDEX django_redirect_old_path_c6cc94d3 ON public.django_redirect USING btree (old_path);


--
-- Name: django_redirect_old_path_c6cc94d3_like; Type: INDEX; Schema: public; Owner: mrp
--

CREATE INDEX django_redirect_old_path_c6cc94d3_like ON public.django_redirect USING btree (old_path varchar_pattern_ops);


--
-- Name: django_redirect_site_id_c3e37341; Type: INDEX; Schema: public; Owner: mrp
--

CREATE INDEX django_redirect_site_id_c3e37341 ON public.django_redirect USING btree (site_id);


--
-- Name: django_session_expire_date_a5c62663; Type: INDEX; Schema: public; Owner: mrp
--

CREATE INDEX django_session_expire_date_a5c62663 ON public.django_session USING btree (expire_date);


--
-- Name: django_session_session_key_c0390e0f_like; Type: INDEX; Schema: public; Owner: mrp
--

CREATE INDEX django_session_session_key_c0390e0f_like ON public.django_session USING btree (session_key varchar_pattern_ops);


--
-- Name: django_site_domain_a2e37b91_like; Type: INDEX; Schema: public; Owner: mrp
--

CREATE INDEX django_site_domain_a2e37b91_like ON public.django_site USING btree (domain varchar_pattern_ops);


--
-- Name: entries_todo_user_id_ade4a5b0; Type: INDEX; Schema: public; Owner: mrp
--

CREATE INDEX entries_todo_user_id_ade4a5b0 ON public.entries_todo USING btree (user_id);


--
-- Name: mrp_system_billofmaterials_part_id_89a3e943; Type: INDEX; Schema: public; Owner: mrp
--

CREATE INDEX mrp_system_billofmaterials_part_id_89a3e943 ON public.mrp_system_partamount USING btree (part_id);


--
-- Name: mrp_system_billofmaterials_product_id_af3335ce; Type: INDEX; Schema: public; Owner: mrp
--

CREATE INDEX mrp_system_billofmaterials_product_id_af3335ce ON public.mrp_system_partamount USING btree (product_id);


--
-- Name: mrp_system_field_typePart_id_72de6af6; Type: INDEX; Schema: public; Owner: mrp
--

CREATE INDEX "mrp_system_field_typePart_id_72de6af6" ON public.mrp_system_field USING btree ("typePart_id");


--
-- Name: mrp_system_location1_name_45ebb409_like; Type: INDEX; Schema: public; Owner: mrp
--

CREATE INDEX mrp_system_location1_name_45ebb409_like ON public.mrp_system_mrpsystem USING btree (name varchar_pattern_ops);


--
-- Name: mrp_system_location_name_8f9440c6_like; Type: INDEX; Schema: public; Owner: mrp
--

CREATE INDEX mrp_system_location_name_8f9440c6_like ON public.mrp_system_location USING btree (name varchar_pattern_ops);


--
-- Name: mrp_system_locationrelationship_location_id_935192b1; Type: INDEX; Schema: public; Owner: mrp
--

CREATE INDEX mrp_system_locationrelationship_location_id_935192b1 ON public.mrp_system_locationrelationship USING btree (location_id);


--
-- Name: mrp_system_locationrelationship_part_id_d7b630f4; Type: INDEX; Schema: public; Owner: mrp
--

CREATE INDEX mrp_system_locationrelationship_part_id_d7b630f4 ON public.mrp_system_locationrelationship USING btree (part_id);


--
-- Name: mrp_system_manufacturer_name_bec5343e_like; Type: INDEX; Schema: public; Owner: mrp
--

CREATE INDEX mrp_system_manufacturer_name_bec5343e_like ON public.mrp_system_vendor USING btree (name varchar_pattern_ops);


--
-- Name: mrp_system_manufacturerrelationship_manufacturer_id_5feba89f; Type: INDEX; Schema: public; Owner: mrp
--

CREATE INDEX mrp_system_manufacturerrelationship_manufacturer_id_5feba89f ON public.mrp_system_manufacturerrelationship USING btree (manufacturer_id);


--
-- Name: mrp_system_manufacturerrelationship_part_id_a32598ff; Type: INDEX; Schema: public; Owner: mrp
--

CREATE INDEX mrp_system_manufacturerrelationship_part_id_a32598ff ON public.mrp_system_manufacturerrelationship USING btree (part_id);


--
-- Name: mrp_system_moproduct_manufacturing_order_id_deb8a320; Type: INDEX; Schema: public; Owner: mrp
--

CREATE INDEX mrp_system_moproduct_manufacturing_order_id_deb8a320 ON public.mrp_system_moproduct USING btree (manufacturing_order_id);


--
-- Name: mrp_system_moproduct_product_id_853ba5ef; Type: INDEX; Schema: public; Owner: mrp
--

CREATE INDEX mrp_system_moproduct_product_id_853ba5ef ON public.mrp_system_moproduct USING btree (product_id);


--
-- Name: mrp_system_part_partType_id_d2d59b22; Type: INDEX; Schema: public; Owner: mrp
--

CREATE INDEX "mrp_system_part_partType_id_d2d59b22" ON public.mrp_system_part USING btree ("partType_id");


--
-- Name: mrp_system_productamount_from_product_id_fadaa3e8; Type: INDEX; Schema: public; Owner: mrp
--

CREATE INDEX mrp_system_productamount_from_product_id_fadaa3e8 ON public.mrp_system_productamount USING btree (from_product_id);


--
-- Name: mrp_system_productamount_to_product_id_710a2441; Type: INDEX; Schema: public; Owner: mrp
--

CREATE INDEX mrp_system_productamount_to_product_id_710a2441 ON public.mrp_system_productamount USING btree (to_product_id);


--
-- Name: mrp_system_productlocation_location_id_0a859884; Type: INDEX; Schema: public; Owner: mrp
--

CREATE INDEX mrp_system_productlocation_location_id_0a859884 ON public.mrp_system_productlocation USING btree (location_id);


--
-- Name: mrp_system_productlocation_product_id_00573122; Type: INDEX; Schema: public; Owner: mrp
--

CREATE INDEX mrp_system_productlocation_product_id_00573122 ON public.mrp_system_productlocation USING btree (product_id);


--
-- Name: mrp_system_purchaseorder_vendor_id_5daadca8; Type: INDEX; Schema: public; Owner: mrp
--

CREATE INDEX mrp_system_purchaseorder_vendor_id_5daadca8 ON public.mrp_system_purchaseorder USING btree (vendor_id);


--
-- Name: mrp_system_purchaseorderparts_part_id_6512deaa; Type: INDEX; Schema: public; Owner: mrp
--

CREATE INDEX mrp_system_purchaseorderparts_part_id_6512deaa ON public.mrp_system_purchaseorderparts USING btree (part_id);


--
-- Name: mrp_system_purchaseorderparts_purchase_order_id_cb7a1bcf; Type: INDEX; Schema: public; Owner: mrp
--

CREATE INDEX mrp_system_purchaseorderparts_purchase_order_id_cb7a1bcf ON public.mrp_system_purchaseorderparts USING btree (purchase_order_id);


--
-- Name: mrp_system_type_name_7716bd50_like; Type: INDEX; Schema: public; Owner: mrp
--

CREATE INDEX mrp_system_type_name_7716bd50_like ON public.mrp_system_type USING btree (name varchar_pattern_ops);


--
-- Name: mrp_system_vendor_name_93915f31_like; Type: INDEX; Schema: public; Owner: mrp
--

CREATE INDEX mrp_system_vendor_name_93915f31_like ON public.mrp_system_vendor USING btree (name varchar_pattern_ops);


--
-- Name: timepiece_entry_end_time_f862d290; Type: INDEX; Schema: public; Owner: mrp
--

CREATE INDEX timepiece_entry_end_time_f862d290 ON public.timepiece_entry USING btree (end_time);


--
-- Name: timepiece_entry_project_id_52aab62d; Type: INDEX; Schema: public; Owner: mrp
--

CREATE INDEX timepiece_entry_project_id_52aab62d ON public.timepiece_entry USING btree (project_id);


--
-- Name: timepiece_entry_user_id_e0870acd; Type: INDEX; Schema: public; Owner: mrp
--

CREATE INDEX timepiece_entry_user_id_e0870acd ON public.timepiece_entry USING btree (user_id);


--
-- Name: timepiece_projecthours_project_id_676402fd; Type: INDEX; Schema: public; Owner: mrp
--

CREATE INDEX timepiece_projecthours_project_id_676402fd ON public.timepiece_projecthours USING btree (project_id);


--
-- Name: timepiece_projecthours_user_id_2151eece; Type: INDEX; Schema: public; Owner: mrp
--

CREATE INDEX timepiece_projecthours_user_id_2151eece ON public.timepiece_projecthours USING btree (user_id);


--
-- Name: timepiece_projectrelationship_project_id_1e1bd7b1; Type: INDEX; Schema: public; Owner: mrp
--

CREATE INDEX timepiece_projectrelationship_project_id_1e1bd7b1 ON public.timepiece_projectrelationship USING btree (project_id);


--
-- Name: timepiece_projectrelationship_user_id_beed0b47; Type: INDEX; Schema: public; Owner: mrp
--

CREATE INDEX timepiece_projectrelationship_user_id_beed0b47 ON public.timepiece_projectrelationship USING btree (user_id);


--
-- Name: auth_group_permissions auth_group_permissio_permission_id_84c5c92e_fk_auth_perm; Type: FK CONSTRAINT; Schema: public; Owner: mrp
--

ALTER TABLE ONLY public.auth_group_permissions
    ADD CONSTRAINT auth_group_permissio_permission_id_84c5c92e_fk_auth_perm FOREIGN KEY (permission_id) REFERENCES public.auth_permission(id) DEFERRABLE INITIALLY DEFERRED;


--
-- Name: auth_group_permissions auth_group_permissions_group_id_b120cbf9_fk_auth_group_id; Type: FK CONSTRAINT; Schema: public; Owner: mrp
--

ALTER TABLE ONLY public.auth_group_permissions
    ADD CONSTRAINT auth_group_permissions_group_id_b120cbf9_fk_auth_group_id FOREIGN KEY (group_id) REFERENCES public.auth_group(id) DEFERRABLE INITIALLY DEFERRED;


--
-- Name: auth_permission auth_permission_content_type_id_2f476e4b_fk_django_co; Type: FK CONSTRAINT; Schema: public; Owner: mrp
--

ALTER TABLE ONLY public.auth_permission
    ADD CONSTRAINT auth_permission_content_type_id_2f476e4b_fk_django_co FOREIGN KEY (content_type_id) REFERENCES public.django_content_type(id) DEFERRABLE INITIALLY DEFERRED;


--
-- Name: auth_user_groups auth_user_groups_group_id_97559544_fk_auth_group_id; Type: FK CONSTRAINT; Schema: public; Owner: mrp
--

ALTER TABLE ONLY public.auth_user_groups
    ADD CONSTRAINT auth_user_groups_group_id_97559544_fk_auth_group_id FOREIGN KEY (group_id) REFERENCES public.auth_group(id) DEFERRABLE INITIALLY DEFERRED;


--
-- Name: auth_user_groups auth_user_groups_user_id_6a12ed8b_fk_auth_user_id; Type: FK CONSTRAINT; Schema: public; Owner: mrp
--

ALTER TABLE ONLY public.auth_user_groups
    ADD CONSTRAINT auth_user_groups_user_id_6a12ed8b_fk_auth_user_id FOREIGN KEY (user_id) REFERENCES public.auth_user(id) DEFERRABLE INITIALLY DEFERRED;


--
-- Name: auth_user_user_permissions auth_user_user_permi_permission_id_1fbb5f2c_fk_auth_perm; Type: FK CONSTRAINT; Schema: public; Owner: mrp
--

ALTER TABLE ONLY public.auth_user_user_permissions
    ADD CONSTRAINT auth_user_user_permi_permission_id_1fbb5f2c_fk_auth_perm FOREIGN KEY (permission_id) REFERENCES public.auth_permission(id) DEFERRABLE INITIALLY DEFERRED;


--
-- Name: auth_user_user_permissions auth_user_user_permissions_user_id_a95ead1b_fk_auth_user_id; Type: FK CONSTRAINT; Schema: public; Owner: mrp
--

ALTER TABLE ONLY public.auth_user_user_permissions
    ADD CONSTRAINT auth_user_user_permissions_user_id_a95ead1b_fk_auth_user_id FOREIGN KEY (user_id) REFERENCES public.auth_user(id) DEFERRABLE INITIALLY DEFERRED;


--
-- Name: django_admin_log django_admin_log_content_type_id_c4bce8eb_fk_django_co; Type: FK CONSTRAINT; Schema: public; Owner: mrp
--

ALTER TABLE ONLY public.django_admin_log
    ADD CONSTRAINT django_admin_log_content_type_id_c4bce8eb_fk_django_co FOREIGN KEY (content_type_id) REFERENCES public.django_content_type(id) DEFERRABLE INITIALLY DEFERRED;


--
-- Name: django_admin_log django_admin_log_user_id_c564eba6_fk_auth_user_id; Type: FK CONSTRAINT; Schema: public; Owner: mrp
--

ALTER TABLE ONLY public.django_admin_log
    ADD CONSTRAINT django_admin_log_user_id_c564eba6_fk_auth_user_id FOREIGN KEY (user_id) REFERENCES public.auth_user(id) DEFERRABLE INITIALLY DEFERRED;


--
-- Name: django_redirect django_redirect_site_id_c3e37341_fk_django_site_id; Type: FK CONSTRAINT; Schema: public; Owner: mrp
--

ALTER TABLE ONLY public.django_redirect
    ADD CONSTRAINT django_redirect_site_id_c3e37341_fk_django_site_id FOREIGN KEY (site_id) REFERENCES public.django_site(id) DEFERRABLE INITIALLY DEFERRED;


--
-- Name: entries_todo entries_todo_user_id_ade4a5b0_fk_auth_user_id; Type: FK CONSTRAINT; Schema: public; Owner: mrp
--

ALTER TABLE ONLY public.entries_todo
    ADD CONSTRAINT entries_todo_user_id_ade4a5b0_fk_auth_user_id FOREIGN KEY (user_id) REFERENCES public.auth_user(id) DEFERRABLE INITIALLY DEFERRED;


--
-- Name: manager_profile manager_profile_user_id_662f2fe3_fk_auth_user_id; Type: FK CONSTRAINT; Schema: public; Owner: mrp
--

ALTER TABLE ONLY public.manager_profile
    ADD CONSTRAINT manager_profile_user_id_662f2fe3_fk_auth_user_id FOREIGN KEY (user_id) REFERENCES public.auth_user(id) DEFERRABLE INITIALLY DEFERRED;


--
-- Name: mrp_system_partamount mrp_system_billofmat_part_id_89a3e943_fk_mrp_syste; Type: FK CONSTRAINT; Schema: public; Owner: mrp
--

ALTER TABLE ONLY public.mrp_system_partamount
    ADD CONSTRAINT mrp_system_billofmat_part_id_89a3e943_fk_mrp_syste FOREIGN KEY (part_id) REFERENCES public.mrp_system_part(id) DEFERRABLE INITIALLY DEFERRED;


--
-- Name: mrp_system_partamount mrp_system_billofmat_product_id_af3335ce_fk_mrp_syste; Type: FK CONSTRAINT; Schema: public; Owner: mrp
--

ALTER TABLE ONLY public.mrp_system_partamount
    ADD CONSTRAINT mrp_system_billofmat_product_id_af3335ce_fk_mrp_syste FOREIGN KEY (product_id) REFERENCES public.mrp_system_product(id) DEFERRABLE INITIALLY DEFERRED;


--
-- Name: mrp_system_field mrp_system_field_typePart_id_72de6af6_fk_mrp_system_type_id; Type: FK CONSTRAINT; Schema: public; Owner: mrp
--

ALTER TABLE ONLY public.mrp_system_field
    ADD CONSTRAINT "mrp_system_field_typePart_id_72de6af6_fk_mrp_system_type_id" FOREIGN KEY ("typePart_id") REFERENCES public.mrp_system_type(id) DEFERRABLE INITIALLY DEFERRED;


--
-- Name: mrp_system_locationrelationship mrp_system_locationr_location_id_935192b1_fk_mrp_syste; Type: FK CONSTRAINT; Schema: public; Owner: mrp
--

ALTER TABLE ONLY public.mrp_system_locationrelationship
    ADD CONSTRAINT mrp_system_locationr_location_id_935192b1_fk_mrp_syste FOREIGN KEY (location_id) REFERENCES public.mrp_system_location(id) DEFERRABLE INITIALLY DEFERRED;


--
-- Name: mrp_system_locationrelationship mrp_system_locationr_part_id_d7b630f4_fk_mrp_syste; Type: FK CONSTRAINT; Schema: public; Owner: mrp
--

ALTER TABLE ONLY public.mrp_system_locationrelationship
    ADD CONSTRAINT mrp_system_locationr_part_id_d7b630f4_fk_mrp_syste FOREIGN KEY (part_id) REFERENCES public.mrp_system_part(id) DEFERRABLE INITIALLY DEFERRED;


--
-- Name: mrp_system_manufacturerrelationship mrp_system_manufactu_manufacturer_id_5feba89f_fk_mrp_syste; Type: FK CONSTRAINT; Schema: public; Owner: mrp
--

ALTER TABLE ONLY public.mrp_system_manufacturerrelationship
    ADD CONSTRAINT mrp_system_manufactu_manufacturer_id_5feba89f_fk_mrp_syste FOREIGN KEY (manufacturer_id) REFERENCES public.mrp_system_vendor(id) DEFERRABLE INITIALLY DEFERRED;


--
-- Name: mrp_system_manufacturerrelationship mrp_system_manufactu_part_id_a32598ff_fk_mrp_syste; Type: FK CONSTRAINT; Schema: public; Owner: mrp
--

ALTER TABLE ONLY public.mrp_system_manufacturerrelationship
    ADD CONSTRAINT mrp_system_manufactu_part_id_a32598ff_fk_mrp_syste FOREIGN KEY (part_id) REFERENCES public.mrp_system_part(id) DEFERRABLE INITIALLY DEFERRED;


--
-- Name: mrp_system_moproduct mrp_system_moproduct_manufacturing_order__deb8a320_fk_mrp_syste; Type: FK CONSTRAINT; Schema: public; Owner: mrp
--

ALTER TABLE ONLY public.mrp_system_moproduct
    ADD CONSTRAINT mrp_system_moproduct_manufacturing_order__deb8a320_fk_mrp_syste FOREIGN KEY (manufacturing_order_id) REFERENCES public.mrp_system_manufacturingorder(id) DEFERRABLE INITIALLY DEFERRED;


--
-- Name: mrp_system_moproduct mrp_system_moproduct_product_id_853ba5ef_fk_mrp_syste; Type: FK CONSTRAINT; Schema: public; Owner: mrp
--

ALTER TABLE ONLY public.mrp_system_moproduct
    ADD CONSTRAINT mrp_system_moproduct_product_id_853ba5ef_fk_mrp_syste FOREIGN KEY (product_id) REFERENCES public.mrp_system_product(id) DEFERRABLE INITIALLY DEFERRED;


--
-- Name: mrp_system_part mrp_system_part_partType_id_d2d59b22_fk_mrp_system_type_id; Type: FK CONSTRAINT; Schema: public; Owner: mrp
--

ALTER TABLE ONLY public.mrp_system_part
    ADD CONSTRAINT "mrp_system_part_partType_id_d2d59b22_fk_mrp_system_type_id" FOREIGN KEY ("partType_id") REFERENCES public.mrp_system_type(id) DEFERRABLE INITIALLY DEFERRED;


--
-- Name: mrp_system_productamount mrp_system_productam_from_product_id_fadaa3e8_fk_mrp_syste; Type: FK CONSTRAINT; Schema: public; Owner: mrp
--

ALTER TABLE ONLY public.mrp_system_productamount
    ADD CONSTRAINT mrp_system_productam_from_product_id_fadaa3e8_fk_mrp_syste FOREIGN KEY (from_product_id) REFERENCES public.mrp_system_product(id) DEFERRABLE INITIALLY DEFERRED;


--
-- Name: mrp_system_productamount mrp_system_productam_to_product_id_710a2441_fk_mrp_syste; Type: FK CONSTRAINT; Schema: public; Owner: mrp
--

ALTER TABLE ONLY public.mrp_system_productamount
    ADD CONSTRAINT mrp_system_productam_to_product_id_710a2441_fk_mrp_syste FOREIGN KEY (to_product_id) REFERENCES public.mrp_system_product(id) DEFERRABLE INITIALLY DEFERRED;


--
-- Name: mrp_system_productlocation mrp_system_productlo_location_id_0a859884_fk_mrp_syste; Type: FK CONSTRAINT; Schema: public; Owner: mrp
--

ALTER TABLE ONLY public.mrp_system_productlocation
    ADD CONSTRAINT mrp_system_productlo_location_id_0a859884_fk_mrp_syste FOREIGN KEY (location_id) REFERENCES public.mrp_system_location(id) DEFERRABLE INITIALLY DEFERRED;


--
-- Name: mrp_system_productlocation mrp_system_productlo_product_id_00573122_fk_mrp_syste; Type: FK CONSTRAINT; Schema: public; Owner: mrp
--

ALTER TABLE ONLY public.mrp_system_productlocation
    ADD CONSTRAINT mrp_system_productlo_product_id_00573122_fk_mrp_syste FOREIGN KEY (product_id) REFERENCES public.mrp_system_product(id) DEFERRABLE INITIALLY DEFERRED;


--
-- Name: mrp_system_purchaseorderparts mrp_system_purchaseo_part_id_6512deaa_fk_mrp_syste; Type: FK CONSTRAINT; Schema: public; Owner: mrp
--

ALTER TABLE ONLY public.mrp_system_purchaseorderparts
    ADD CONSTRAINT mrp_system_purchaseo_part_id_6512deaa_fk_mrp_syste FOREIGN KEY (part_id) REFERENCES public.mrp_system_part(id) DEFERRABLE INITIALLY DEFERRED;


--
-- Name: mrp_system_purchaseorderparts mrp_system_purchaseo_purchase_order_id_cb7a1bcf_fk_mrp_syste; Type: FK CONSTRAINT; Schema: public; Owner: mrp
--

ALTER TABLE ONLY public.mrp_system_purchaseorderparts
    ADD CONSTRAINT mrp_system_purchaseo_purchase_order_id_cb7a1bcf_fk_mrp_syste FOREIGN KEY (purchase_order_id) REFERENCES public.mrp_system_purchaseorder(id) DEFERRABLE INITIALLY DEFERRED;


--
-- Name: mrp_system_purchaseorder mrp_system_purchaseo_vendor_id_5daadca8_fk_mrp_syste; Type: FK CONSTRAINT; Schema: public; Owner: mrp
--

ALTER TABLE ONLY public.mrp_system_purchaseorder
    ADD CONSTRAINT mrp_system_purchaseo_vendor_id_5daadca8_fk_mrp_syste FOREIGN KEY (vendor_id) REFERENCES public.mrp_system_vendor(id) DEFERRABLE INITIALLY DEFERRED;


--
-- Name: timepiece_entry timepiece_entry_project_id_52aab62d_fk_timepiece_project_id; Type: FK CONSTRAINT; Schema: public; Owner: mrp
--

ALTER TABLE ONLY public.timepiece_entry
    ADD CONSTRAINT timepiece_entry_project_id_52aab62d_fk_timepiece_project_id FOREIGN KEY (project_id) REFERENCES public.timepiece_project(id) DEFERRABLE INITIALLY DEFERRED;


--
-- Name: timepiece_entry timepiece_entry_user_id_e0870acd_fk_auth_user_id; Type: FK CONSTRAINT; Schema: public; Owner: mrp
--

ALTER TABLE ONLY public.timepiece_entry
    ADD CONSTRAINT timepiece_entry_user_id_e0870acd_fk_auth_user_id FOREIGN KEY (user_id) REFERENCES public.auth_user(id) DEFERRABLE INITIALLY DEFERRED;


--
-- Name: timepiece_projecthours timepiece_projecthou_project_id_676402fd_fk_timepiece; Type: FK CONSTRAINT; Schema: public; Owner: mrp
--

ALTER TABLE ONLY public.timepiece_projecthours
    ADD CONSTRAINT timepiece_projecthou_project_id_676402fd_fk_timepiece FOREIGN KEY (project_id) REFERENCES public.timepiece_project(id) DEFERRABLE INITIALLY DEFERRED;


--
-- Name: timepiece_projecthours timepiece_projecthours_user_id_2151eece_fk_auth_user_id; Type: FK CONSTRAINT; Schema: public; Owner: mrp
--

ALTER TABLE ONLY public.timepiece_projecthours
    ADD CONSTRAINT timepiece_projecthours_user_id_2151eece_fk_auth_user_id FOREIGN KEY (user_id) REFERENCES public.auth_user(id) DEFERRABLE INITIALLY DEFERRED;


--
-- Name: timepiece_projectrelationship timepiece_projectrel_project_id_1e1bd7b1_fk_timepiece; Type: FK CONSTRAINT; Schema: public; Owner: mrp
--

ALTER TABLE ONLY public.timepiece_projectrelationship
    ADD CONSTRAINT timepiece_projectrel_project_id_1e1bd7b1_fk_timepiece FOREIGN KEY (project_id) REFERENCES public.timepiece_project(id) DEFERRABLE INITIALLY DEFERRED;


--
-- Name: timepiece_projectrelationship timepiece_projectrelationship_user_id_beed0b47_fk_auth_user_id; Type: FK CONSTRAINT; Schema: public; Owner: mrp
--

ALTER TABLE ONLY public.timepiece_projectrelationship
    ADD CONSTRAINT timepiece_projectrelationship_user_id_beed0b47_fk_auth_user_id FOREIGN KEY (user_id) REFERENCES public.auth_user(id) DEFERRABLE INITIALLY DEFERRED;


--
-- PostgreSQL database dump complete
--

